opportunity_id,advisor_id,rm_id,fund_id,created_date,current_stage,expected_commitment,actual_commitment,close_date,days_to_close,probability,source_campaign_id,loss_reason
O00001,A0369,RM011,F009,2025-07-04,Due Diligence,11500000,,,,50,,
O00002,A0290,RM015,F009,2026-03-09,Interested,9250000,,,,25,,
O00003,A0163,RM014,F008,2026-03-01,Prospect,64000000,,,,10,,
O00004,A0014,RM013,F007,2026-03-12,Committed,5000000,5000000.0,2026-08-27,168.0,100,,
O00005,A0355,RM010,F010,2025-10-30,Due Diligence,6250000,,,,50,C023,
O00006,A0281,RM009,F006,2025-05-11,Soft Circle,7500000,,,,75,C007,
O00007,A0053,RM008,F003,2026-01-21,Soft Circle,22500000,,,,75,,
O00008,A0372,RM002,F010,2026-01-26,Prospect,1500000,,,,10,,
O00009,A0194,RM002,F004,2026-02-19,Committed,26750000,26750000.0,2026-05-13,83.0,100,,
O00010,A0012,RM012,F001,2026-02-20,Interested,5000000,,,,25,,
O00011,A0118,RM013,F003,2025-11-30,Lost,14000000,,2026-05-10,161.0,0,,Client Risk Appetite
O00012,A0343,RM004,F001,2025-06-26,Committed,66500000,72500000.0,2026-02-08,227.0,100,,
O00013,A0165,RM011,F006,2025-11-17,Interested,88250000,,,,25,,
O00014,A0321,RM014,F007,2026-02-10,Prospect,5000000,,,,10,,
O00015,A0160,RM002,F001,2026-03-02,Lost,7750000,,2026-05-19,78.0,0,,Liquidity Mismatch
O00016,A0052,RM006,F003,2025-06-10,Interested,7000000,,,,25,,
O00017,A0075,RM001,F006,2025-12-22,Committed,2500000,2750000.0,2026-08-06,227.0,100,,
O00018,A0352,RM002,F002,2025-06-22,Prospect,83500000,,,,10,C014,
O00019,A0070,RM004,F002,2025-12-06,Committed,139250000,142000000.0,2026-05-23,168.0,100,C017,
O00020,A0373,RM005,F003,2025-12-29,Lost,7000000,,2026-03-23,84.0,0,C026,Liquidity Mismatch
O00021,A0115,RM012,F007,2025-11-11,Committed,206000000,193750000.0,2026-07-06,237.0,100,,
O00022,A0388,RM012,F005,2025-09-19,Prospect,1000000,,,,10,,
O00023,A0038,RM012,F005,2026-02-21,Committed,43000000,42000000.0,2026-07-14,143.0,100,C023,
O00024,A0215,RM005,F007,2025-09-03,Lost,201750000,,2025-10-19,46.0,0,,Timing - Deferred
O00025,A0014,RM013,F008,2026-01-22,Interested,2500000,,,,25,,
O00026,A0101,RM005,F006,2025-09-14,Committed,3000000,2750000.0,2025-11-13,60.0,100,,
O00027,A0341,RM002,F004,2025-11-23,Prospect,2500000,,,,10,C015,
O00028,A0072,RM009,F003,2025-06-07,Interested,262000000,,,,25,C025,
O00029,A0355,RM010,F003,2025-11-21,Committed,2250000,2250000.0,2026-02-25,96.0,100,C002,
O00030,A0232,RM012,F008,2025-06-08,Interested,2750000,,,,25,,
O00031,A0289,RM008,F003,2026-01-25,Prospect,18250000,,,,10,,
O00032,A0143,RM009,F003,2025-09-17,Lost,1000000,,2026-03-05,169.0,0,,Liquidity Mismatch
O00033,A0395,RM002,F006,2025-12-07,Prospect,4750000,,,,10,,
O00034,A0329,RM001,F004,2025-06-24,Interested,12750000,,,,25,,
O00035,A0363,RM012,F008,2026-01-24,Prospect,78250000,,,,10,C014,
O00036,A0057,RM015,F006,2025-08-04,Due Diligence,6000000,,,,50,,
O00037,A0106,RM001,F006,2025-08-11,Committed,5000000,5000000.0,2026-02-11,184.0,100,C001,
O00038,A0335,RM006,F003,2025-07-14,Interested,16500000,,,,25,,
O00039,A0265,RM001,F009,2025-11-27,Committed,5000000,4750000.0,2026-04-07,131.0,100,,
O00040,A0152,RM015,F010,2026-04-14,Prospect,1000000,,,,10,,
O00041,A0184,RM015,F003,2025-05-12,Interested,1750000,,,,25,,
O00042,A0173,RM016,F002,2026-02-01,Prospect,5000000,,,,10,,
O00043,A0218,RM006,F007,2025-05-08,Lost,8500000,,2025-10-04,149.0,0,C019,Competing Manager Selected
O00044,A0194,RM002,F005,2025-10-23,Committed,9250000,9000000.0,2026-01-15,84.0,100,C008,
O00045,A0180,RM008,F001,2026-01-08,Interested,5000000,,,,25,,
O00046,A0130,RM009,F009,2025-10-03,Prospect,44500000,,,,10,,
O00047,A0177,RM014,F009,2026-04-12,Lost,5000000,,2026-06-18,67.0,0,,Pricing/Fee Concerns
O00048,A0069,RM016,F009,2026-02-16,Due Diligence,194000000,,,,50,C026,
O00049,A0074,RM008,F009,2026-01-20,Due Diligence,58250000,,,,50,C016,
O00050,A0273,RM012,F006,2025-09-06,Lost,49750000,,2026-02-15,162.0,0,C003,Pricing/Fee Concerns
O00051,A0386,RM003,F001,2025-08-12,Lost,54750000,,2025-12-19,129.0,0,,Pricing/Fee Concerns
O00052,A0083,RM012,F003,2025-07-15,Committed,3500000,3750000.0,2025-12-13,151.0,100,,
O00053,A0363,RM012,F007,2025-06-12,Prospect,63500000,,,,10,,
O00054,A0247,RM013,F010,2025-11-03,Committed,1500000,1500000.0,2026-05-01,179.0,100,,
O00055,A0381,RM004,F001,2025-08-18,Lost,5000000,,2025-12-18,122.0,0,,Allocation Already Filled
O00056,A0156,RM004,F004,2026-03-23,Prospect,2500000,,,,10,,
O00057,A0274,RM001,F008,2025-10-06,Lost,5000000,,2026-01-25,111.0,0,,Pricing/Fee Concerns
O00058,A0213,RM016,F009,2026-01-11,Prospect,119500000,,,,10,,
O00059,A0391,RM012,F007,2025-05-26,Lost,5000000,,2025-07-17,52.0,0,C016,Pricing/Fee Concerns
O00060,A0024,RM008,F001,2026-01-22,Due Diligence,8000000,,,,50,C006,
O00061,A0023,RM001,F005,2025-08-02,Prospect,9750000,,,,10,,
O00062,A0344,RM001,F004,2025-08-10,Prospect,3750000,,,,10,,
O00063,A0021,RM010,F004,2025-09-17,Prospect,53500000,,,,10,C011,
O00064,A0361,RM001,F005,2026-01-14,Committed,45750000,45250000.0,2026-04-24,100.0,100,C011,
O00065,A0037,RM013,F005,2026-01-16,Committed,22500000,24750000.0,2026-06-27,162.0,100,C020,
O00066,A0043,RM003,F001,2026-04-02,Prospect,21000000,,,,10,,
O00067,A0131,RM006,F006,2025-10-28,Prospect,3750000,,,,10,,
O00068,A0289,RM008,F006,2025-08-04,Due Diligence,12250000,,,,50,,
O00069,A0226,RM006,F008,2025-07-14,Soft Circle,4000000,,,,75,,
O00070,A0362,RM014,F004,2026-02-06,Prospect,6750000,,,,10,C023,
O00071,A0249,RM001,F005,2025-08-08,Lost,10750000,,2026-01-03,148.0,0,C026,Timing - Deferred
O00072,A0235,RM005,F006,2025-09-25,Committed,66500000,63500000.0,2026-03-20,176.0,100,,
O00073,A0223,RM008,F003,2025-05-16,Soft Circle,1000000,,,,75,C021,
O00074,A0161,RM009,F008,2026-03-07,Due Diligence,87000000,,,,50,,
O00075,A0253,RM004,F001,2026-03-25,Interested,37500000,,,,25,,
O00076,A0389,RM004,F009,2025-06-27,Interested,5000000,,,,25,C002,
O00077,A0389,RM004,F004,2025-06-04,Committed,2500000,2500000.0,2025-10-20,138.0,100,,
O00078,A0043,RM003,F010,2025-06-04,Due Diligence,20000000,,,,50,,
O00079,A0180,RM008,F008,2026-01-02,Lost,2500000,,2026-03-13,70.0,0,C012,Competing Manager Selected
O00080,A0233,RM004,F007,2025-07-01,Due Diligence,7000000,,,,50,C007,
O00081,A0285,RM011,F007,2026-01-15,Due Diligence,20000000,,,,50,,
O00082,A0120,RM009,F008,2025-09-21,Committed,4000000,3750000.0,2026-04-14,205.0,100,,
O00083,A0394,RM005,F009,2025-06-09,Committed,5000000,4500000.0,2025-10-14,127.0,100,,
O00084,A0164,RM001,F006,2025-10-21,Prospect,104500000,,,,10,,
O00085,A0114,RM016,F002,2026-01-28,Prospect,59000000,,,,10,C009,
O00086,A0310,RM010,F001,2025-08-24,Soft Circle,9750000,,,,75,,
O00087,A0231,RM003,F001,2025-06-25,Prospect,5000000,,,,10,,
O00088,A0360,RM013,F008,2026-02-17,Prospect,86000000,,,,10,,
O00089,A0041,RM008,F001,2025-08-10,Interested,65250000,,,,25,,
O00090,A0021,RM010,F010,2025-05-13,Prospect,169500000,,,,10,,
O00091,A0376,RM012,F006,2025-06-29,Committed,87000000,80500000.0,2025-10-06,99.0,100,C004,
O00092,A0176,RM003,F007,2026-01-18,Lost,61750000,,2026-03-30,71.0,0,C026,Timing - Deferred
O00093,A0085,RM002,F010,2025-12-10,Lost,1500000,,2026-03-23,103.0,0,,Competing Manager Selected
O00094,A0296,RM001,F005,2025-06-21,Prospect,5250000,,,,10,C007,
O00095,A0400,RM006,F010,2025-07-05,Interested,148500000,,,,25,,
O00096,A0400,RM006,F001,2026-01-24,Committed,306250000,297500000.0,2026-03-25,60.0,100,C017,
O00097,A0385,RM001,F001,2025-06-27,Prospect,5500000,,,,10,,
O00098,A0061,RM006,F003,2025-09-11,Committed,15750000,15750000.0,2025-12-14,94.0,100,,
O00099,A0339,RM004,F009,2026-02-27,Soft Circle,14500000,,,,75,,
O00100,A0048,RM007,F009,2025-10-30,Prospect,239500000,,,,10,C019,
O00101,A0142,RM013,F008,2026-03-31,Interested,2500000,,,,25,C027,
O00102,A0069,RM016,F007,2026-02-12,Committed,229500000,198750000.0,2026-06-01,109.0,100,,
O00103,A0141,RM003,F008,2025-11-13,Lost,2500000,,2026-02-17,96.0,0,C020,Liquidity Mismatch
O00104,A0098,RM009,F001,2025-07-30,Prospect,5000000,,,,10,,
O00105,A0357,RM010,F001,2025-08-25,Interested,5000000,,,,25,C020,
O00106,A0396,RM016,F004,2026-02-08,Due Diligence,5000000,,,,50,C003,
O00107,A0068,RM004,F001,2025-10-15,Interested,73000000,,,,25,,
O00108,A0051,RM010,F002,2025-05-21,Lost,74000000,,2025-08-18,89.0,0,,Timing - Deferred
O00109,A0064,RM011,F006,2026-02-08,Prospect,3000000,,,,10,,
O00110,A0221,RM001,F001,2025-11-04,Soft Circle,5000000,,,,75,C016,
O00111,A0352,RM002,F007,2026-02-09,Interested,29250000,,,,25,,
O00112,A0297,RM006,F007,2025-07-20,Prospect,199250000,,,,10,C024,
O00113,A0166,RM013,F010,2025-10-06,Due Diligence,1000000,,,,50,C008,
O00114,A0383,RM010,F005,2025-08-14,Interested,34250000,,,,25,,
O00115,A0211,RM006,F008,2026-01-30,Soft Circle,88750000,,,,75,,
O00116,A0312,RM009,F010,2025-08-16,Prospect,20000000,,,,10,,
O00117,A0198,RM014,F003,2025-10-14,Soft Circle,50000000,,,,75,,
O00118,A0264,RM003,F009,2025-08-16,Interested,6750000,,,,25,,
O00119,A0149,RM014,F004,2025-08-22,Prospect,146250000,,,,10,C018,
O00120,A0021,RM010,F004,2025-10-26,Interested,87500000,,,,25,,
O00121,A0241,RM014,F010,2025-08-02,Due Diligence,4250000,,,,50,,
O00122,A0115,RM012,F008,2026-01-07,Due Diligence,220500000,,,,50,C008,
O00123,A0215,RM005,F001,2025-09-14,Interested,86500000,,,,25,,
O00124,A0258,RM009,F006,2026-01-07,Lost,3000000,,2026-05-23,136.0,0,C009,Competing Manager Selected
O00125,A0178,RM004,F009,2026-04-14,Prospect,30250000,,,,10,,
O00126,A0062,RM016,F002,2025-07-09,Soft Circle,18750000,,,,75,,
O00127,A0320,RM009,F008,2025-07-08,Due Diligence,2500000,,,,50,C001,
O00128,A0067,RM016,F009,2026-02-25,Interested,10250000,,,,25,,
O00129,A0051,RM010,F010,2025-11-28,Due Diligence,51000000,,,,50,,
O00130,A0125,RM013,F008,2026-01-06,Due Diligence,3750000,,,,50,,
O00131,A0023,RM001,F006,2026-03-31,Due Diligence,21000000,,,,50,,
O00132,A0140,RM007,F005,2025-07-15,Due Diligence,1500000,,,,50,,
O00133,A0301,RM012,F005,2025-08-26,Lost,76750000,,2025-09-29,34.0,0,C025,Pricing/Fee Concerns
O00134,A0313,RM013,F008,2025-05-10,Due Diligence,9250000,,,,50,,
O00135,A0180,RM008,F003,2025-12-17,Lost,2000000,,2026-03-11,84.0,0,C017,Timing - Deferred
O00136,A0071,RM003,F010,2026-01-06,Committed,41500000,37500000.0,2026-03-19,72.0,100,,
O00137,A0389,RM004,F006,2025-12-07,Due Diligence,2500000,,,,50,C018,
O00138,A0327,RM004,F005,2025-05-14,Prospect,178500000,,,,10,,
O00139,A0003,RM001,F008,2025-09-04,Lost,4750000,,2026-03-09,186.0,0,,Competing Manager Selected
O00140,A0239,RM003,F006,2026-02-08,Committed,74750000,68000000.0,2026-06-28,140.0,100,,
O00141,A0377,RM013,F008,2025-08-25,Committed,2500000,2500000.0,2026-01-21,149.0,100,,
O00142,A0369,RM011,F003,2025-08-18,Due Diligence,19750000,,,,50,,
O00143,A0158,RM007,F004,2026-03-17,Due Diligence,7750000,,,,50,,
O00144,A0241,RM014,F004,2025-08-24,Committed,5750000,5500000.0,2026-03-28,216.0,100,,
O00145,A0243,RM013,F008,2025-09-09,Prospect,8000000,,,,10,,
O00146,A0291,RM003,F004,2026-01-22,Committed,8750000,9000000.0,2026-09-05,226.0,100,C018,
O00147,A0375,RM010,F003,2025-06-09,Prospect,2500000,,,,10,,
O00148,A0185,RM004,F005,2026-01-10,Due Diligence,3250000,,,,50,,
O00149,A0024,RM008,F007,2026-01-11,Interested,5750000,,,,25,,
O00150,A0287,RM006,F006,2025-06-12,Due Diligence,77250000,,,,50,C012,
O00151,A0377,RM013,F002,2025-05-02,Prospect,5000000,,,,10,C015,
O00152,A0347,RM003,F008,2025-07-07,Due Diligence,13250000,,,,50,,
O00153,A0010,RM007,F008,2025-05-20,Interested,2500000,,,,25,C018,
O00154,A0352,RM002,F005,2025-05-12,Lost,76250000,,2025-11-06,178.0,0,,Timing - Deferred
O00155,A0057,RM015,F009,2026-02-08,Committed,11250000,10250000.0,2026-09-27,231.0,100,,
O00156,A0392,RM009,F002,2026-03-03,Due Diligence,5000000,,,,50,,
O00157,A0295,RM009,F005,2026-01-19,Lost,26250000,,2026-04-24,95.0,0,C023,Liquidity Mismatch
O00158,A0049,RM011,F009,2025-08-20,Committed,5000000,4250000.0,2025-12-13,115.0,100,C012,
O00159,A0039,RM001,F004,2025-11-09,Interested,79500000,,,,25,,
O00160,A0111,RM006,F010,2025-06-05,Lost,2000000,,2025-11-12,160.0,0,,Pricing/Fee Concerns
O00161,A0091,RM009,F007,2025-11-27,Soft Circle,64250000,,,,75,,
O00162,A0002,RM006,F009,2025-11-03,Lost,7750000,,2026-03-24,141.0,0,C001,Competing Manager Selected
O00163,A0354,RM014,F007,2026-02-27,Due Diligence,20000000,,,,50,,
O00164,A0049,RM011,F002,2025-05-15,Committed,7750000,7500000.0,2025-11-17,186.0,100,,
O00165,A0397,RM013,F003,2026-02-05,Prospect,34750000,,,,10,C010,
O00166,A0104,RM011,F010,2026-04-14,Due Diligence,8000000,,,,50,,
O00167,A0225,RM016,F007,2025-09-11,Prospect,5000000,,,,10,C002,
O00168,A0277,RM006,F006,2025-06-24,Prospect,10250000,,,,10,C008,
O00169,A0120,RM009,F005,2025-08-15,Interested,7750000,,,,25,,
O00170,A0180,RM008,F005,2025-05-31,Due Diligence,1500000,,,,50,C011,
O00171,A0306,RM009,F001,2025-06-27,Due Diligence,30750000,,,,50,,
O00172,A0026,RM011,F008,2026-02-27,Interested,13500000,,,,25,C003,
O00173,A0144,RM007,F010,2025-11-23,Interested,71750000,,,,25,,
O00174,A0313,RM013,F008,2025-09-03,Due Diligence,18500000,,,,50,,
O00175,A0131,RM006,F004,2026-01-16,Soft Circle,6250000,,,,75,C018,
O00176,A0023,RM001,F005,2025-12-29,Lost,10250000,,2026-07-10,193.0,0,C012,Allocation Already Filled
O00177,A0073,RM002,F008,2026-01-01,Due Diligence,34250000,,,,50,,
O00178,A0268,RM007,F009,2025-06-05,Lost,5000000,,2025-10-24,141.0,0,,Liquidity Mismatch
O00179,A0386,RM003,F005,2026-03-22,Lost,87250000,,2026-05-19,58.0,0,C019,Allocation Already Filled
O00180,A0091,RM009,F004,2025-05-09,Lost,48250000,,2025-07-08,60.0,0,,Timing - Deferred
O00181,A0203,RM006,F003,2025-07-28,Interested,22000000,,,,25,,
O00182,A0095,RM003,F007,2025-06-03,Prospect,70000000,,,,10,,
O00183,A0367,RM002,F007,2025-08-19,Prospect,38500000,,,,10,C021,
O00184,A0358,RM012,F010,2026-03-22,Interested,3500000,,,,25,,
O00185,A0154,RM002,F006,2026-03-05,Committed,8250000,8750000.0,2026-07-11,128.0,100,,
O00186,A0015,RM005,F010,2025-05-21,Prospect,10750000,,,,10,,
O00187,A0239,RM003,F004,2025-09-21,Due Diligence,62250000,,,,50,,
O00188,A0248,RM013,F003,2025-07-08,Soft Circle,9750000,,,,75,C001,
O00189,A0243,RM013,F002,2026-03-20,Due Diligence,7250000,,,,50,C022,
O00190,A0118,RM013,F005,2025-10-11,Due Diligence,10250000,,,,50,C005,
O00191,A0009,RM010,F003,2026-03-27,Interested,56000000,,,,25,,
O00192,A0013,RM011,F007,2026-02-06,Soft Circle,5000000,,,,75,,
O00193,A0309,RM008,F008,2026-01-19,Soft Circle,15000000,,,,75,,
O00194,A0209,RM010,F007,2025-11-12,Committed,71250000,74500000.0,2026-03-05,113.0,100,,
O00195,A0107,RM004,F002,2026-02-27,Soft Circle,37500000,,,,75,C023,
O00196,A0364,RM003,F004,2025-12-14,Soft Circle,14750000,,,,75,C025,
O00197,A0352,RM002,F003,2026-02-14,Lost,41500000,,2026-07-17,153.0,0,,Pricing/Fee Concerns
O00198,A0324,RM008,F003,2025-05-02,Interested,78250000,,,,25,,
O00199,A0245,RM010,F003,2025-09-02,Lost,10500000,,2025-11-05,64.0,0,,Timing - Deferred
O00200,A0242,RM015,F010,2026-03-29,Interested,5000000,,,,25,,
O00201,A0209,RM010,F007,2025-12-03,Interested,48750000,,,,25,C012,
O00202,A0071,RM003,F002,2026-04-11,Committed,29750000,31000000.0,2026-07-26,106.0,100,,
O00203,A0290,RM015,F010,2025-06-09,Prospect,50500000,,,,10,C021,
O00204,A0205,RM014,F004,2026-02-05,Due Diligence,37000000,,,,50,,
O00205,A0214,RM015,F001,2025-09-23,Lost,33500000,,2025-11-19,57.0,0,,Allocation Already Filled
O00206,A0273,RM012,F001,2025-08-11,Prospect,23500000,,,,10,,
O00207,A0148,RM011,F007,2026-03-04,Soft Circle,21500000,,,,75,,
O00208,A0280,RM004,F010,2025-12-04,Committed,64500000,60250000.0,2026-06-23,201.0,100,C028,
O00209,A0098,RM009,F004,2026-04-03,Prospect,7250000,,,,10,C018,
O00210,A0345,RM016,F009,2025-12-14,Lost,44750000,,2026-04-01,108.0,0,C006,Timing - Deferred
O00211,A0395,RM002,F006,2026-03-17,Due Diligence,13750000,,,,50,,
O00212,A0233,RM004,F004,2026-01-25,Due Diligence,12250000,,,,50,,
O00213,A0151,RM003,F004,2026-01-04,Lost,4500000,,2026-04-12,98.0,0,,Client Risk Appetite
O00214,A0115,RM012,F008,2025-05-22,Soft Circle,173750000,,,,75,,
O00215,A0356,RM002,F007,2025-12-14,Prospect,5000000,,,,10,C026,
O00216,A0129,RM011,F007,2025-09-15,Interested,39750000,,,,25,,
O00217,A0324,RM008,F006,2025-05-17,Lost,78250000,,2025-11-09,176.0,0,C004,Pricing/Fee Concerns
O00218,A0162,RM015,F006,2025-07-11,Lost,4000000,,2025-08-09,29.0,0,,Client Risk Appetite
O00219,A0351,RM007,F002,2025-11-18,Prospect,5000000,,,,10,,
O00220,A0170,RM012,F003,2025-09-17,Due Diligence,16000000,,,,50,,
O00221,A0226,RM006,F001,2026-03-13,Due Diligence,5250000,,,,50,,
O00222,A0048,RM007,F008,2025-07-09,Lost,144750000,,2025-12-21,165.0,0,,Liquidity Mismatch
O00223,A0390,RM001,F004,2026-04-06,Interested,58250000,,,,25,,
O00224,A0220,RM015,F010,2025-06-10,Committed,7000000,7000000.0,2025-11-24,167.0,100,C006,
O00225,A0244,RM007,F007,2025-11-11,Prospect,5000000,,,,10,C024,
O00226,A0049,RM011,F008,2025-08-14,Soft Circle,2750000,,,,75,,
O00227,A0274,RM001,F003,2025-05-19,Prospect,2750000,,,,10,,
O00228,A0168,RM013,F001,2025-06-17,Soft Circle,5000000,,,,75,,
O00229,A0167,RM008,F001,2026-03-07,Prospect,38750000,,,,10,C009,
O00230,A0187,RM009,F004,2025-11-06,Committed,210000000,190000000.0,2026-06-25,231.0,100,C006,
O00231,A0211,RM006,F002,2025-09-16,Committed,62500000,66750000.0,2026-05-05,231.0,100,,
O00232,A0319,RM014,F007,2025-07-30,Interested,147500000,,,,25,C015,
O00233,A0135,RM008,F002,2025-08-03,Lost,216250000,,2025-11-29,118.0,0,C021,Liquidity Mismatch
O00234,A0351,RM007,F009,2025-12-25,Prospect,13250000,,,,10,,
O00235,A0043,RM003,F006,2026-03-16,Soft Circle,47500000,,,,75,,
O00236,A0209,RM010,F003,2026-02-21,Prospect,50250000,,,,10,,
O00237,A0269,RM008,F008,2025-06-15,Interested,19250000,,,,25,,
O00238,A0388,RM012,F005,2025-10-06,Committed,1250000,1250000.0,2026-04-30,206.0,100,,
O00239,A0157,RM016,F003,2025-10-03,Interested,8250000,,,,25,C014,
O00240,A0269,RM008,F004,2026-04-08,Lost,24750000,,2026-07-28,111.0,0,C025,Liquidity Mismatch
O00241,A0312,RM009,F004,2025-05-09,Prospect,13750000,,,,10,C015,
O00242,A0331,RM013,F002,2025-10-17,Soft Circle,50500000,,,,75,C005,
O00243,A0365,RM011,F006,2025-06-07,Interested,55000000,,,,25,,
O00244,A0137,RM008,F005,2025-08-06,Prospect,3500000,,,,10,C014,
O00245,A0336,RM005,F007,2026-02-24,Lost,10250000,,2026-08-11,168.0,0,,Pricing/Fee Concerns
O00246,A0382,RM010,F009,2025-10-20,Prospect,54500000,,,,10,,
O00247,A0186,RM006,F003,2026-04-14,Due Diligence,63750000,,,,50,C027,
O00248,A0274,RM001,F003,2026-01-16,Prospect,3250000,,,,10,,
O00249,A0128,RM002,F003,2025-09-06,Prospect,1500000,,,,10,C015,
O00250,A0101,RM005,F001,2025-07-02,Soft Circle,5000000,,,,75,,
O00251,A0111,RM006,F005,2025-12-17,Due Diligence,1500000,,,,50,C006,
O00252,A0020,RM014,F002,2025-07-08,Prospect,17000000,,,,10,,
O00253,A0227,RM015,F006,2026-02-27,Due Diligence,3250000,,,,50,C003,
O00254,A0343,RM004,F003,2025-12-30,Due Diligence,158500000,,,,50,,
O00255,A0114,RM016,F005,2025-07-04,Prospect,166750000,,,,10,C004,
O00256,A0012,RM012,F003,2026-04-05,Interested,2750000,,,,25,,
O00257,A0113,RM003,F004,2025-07-09,Lost,12500000,,2025-08-18,40.0,0,,Pricing/Fee Concerns
O00258,A0306,RM009,F009,2025-06-08,Due Diligence,30000000,,,,50,,
O00259,A0177,RM014,F004,2025-09-18,Lost,3750000,,2025-12-21,94.0,0,C004,Timing - Deferred
O00260,A0304,RM016,F008,2025-05-13,Prospect,2500000,,,,10,,
O00261,A0086,RM003,F006,2025-06-26,Prospect,39250000,,,,10,C011,
O00262,A0254,RM002,F002,2025-08-14,Prospect,8250000,,,,10,,
O00263,A0291,RM003,F009,2026-02-26,Interested,5000000,,,,25,,
O00264,A0322,RM006,F004,2026-01-14,Prospect,2500000,,,,10,,
O00265,A0271,RM014,F006,2025-08-28,Lost,2500000,,2026-02-17,173.0,0,,Timing - Deferred
O00266,A0363,RM012,F010,2025-09-17,Due Diligence,39000000,,,,50,,
O00267,A0049,RM011,F002,2025-10-26,Prospect,8750000,,,,10,C002,
O00268,A0215,RM005,F009,2026-04-08,Due Diligence,222250000,,,,50,,
O00269,A0178,RM004,F006,2025-11-21,Prospect,75000000,,,,10,,
O00270,A0400,RM006,F004,2025-11-20,Interested,308000000,,,,25,,
O00271,A0215,RM005,F006,2026-02-24,Committed,112250000,116000000.0,2026-08-01,158.0,100,,
O00272,A0272,RM012,F008,2025-07-30,Prospect,14250000,,,,10,,
O00273,A0366,RM014,F004,2025-07-12,Prospect,3500000,,,,10,C026,
O00274,A0056,RM011,F007,2025-07-04,Prospect,43000000,,,,10,,
O00275,A0134,RM006,F007,2025-12-03,Soft Circle,5000000,,,,75,,
O00276,A0128,RM002,F003,2025-11-14,Lost,1250000,,2026-04-08,145.0,0,,Liquidity Mismatch
O00277,A0045,RM016,F009,2025-11-10,Prospect,13500000,,,,10,,
O00278,A0219,RM011,F003,2026-01-03,Prospect,5750000,,,,10,,
O00279,A0122,RM006,F006,2025-09-13,Soft Circle,31750000,,,,75,,
O00280,A0065,RM005,F005,2025-05-30,Lost,95000000,,2025-09-23,116.0,0,C011,Pricing/Fee Concerns
O00281,A0009,RM010,F001,2026-03-29,Lost,59750000,,2026-06-26,89.0,0,,Competing Manager Selected
O00282,A0010,RM007,F009,2026-01-04,Committed,7250000,7250000.0,2026-05-30,146.0,100,,
O00283,A0154,RM002,F010,2025-08-03,Lost,4750000,,2025-11-06,95.0,0,C007,Competing Manager Selected
O00284,A0240,RM005,F008,2025-06-11,Interested,23000000,,,,25,C003,
O00285,A0083,RM012,F010,2026-03-14,Prospect,2000000,,,,10,,
O00286,A0363,RM012,F002,2026-03-31,Prospect,45000000,,,,10,,
O00287,A0082,RM003,F010,2025-09-26,Interested,1000000,,,,25,,
O00288,A0107,RM004,F006,2026-02-13,Soft Circle,65750000,,,,75,C011,
O00289,A0121,RM010,F001,2026-01-18,Lost,59000000,,2026-04-14,86.0,0,,Liquidity Mismatch
O00290,A0062,RM016,F007,2025-12-23,Due Diligence,95750000,,,,50,C005,
O00291,A0400,RM006,F002,2026-03-10,Committed,78250000,78250000.0,2026-05-10,61.0,100,,
O00292,A0285,RM011,F001,2025-05-19,Prospect,21000000,,,,10,C028,
O00293,A0120,RM009,F005,2025-07-24,Soft Circle,3000000,,,,75,,
O00294,A0389,RM004,F006,2026-02-18,Prospect,2500000,,,,10,,
O00295,A0251,RM007,F008,2026-01-08,Interested,2500000,,,,25,,
O00296,A0305,RM007,F005,2025-12-09,Interested,7250000,,,,25,,
O00297,A0136,RM010,F002,2026-01-01,Due Diligence,11500000,,,,50,C006,
O00298,A0086,RM003,F006,2025-06-03,Committed,27000000,29000000.0,2025-09-01,90.0,100,,
O00299,A0178,RM004,F001,2025-08-12,Soft Circle,98500000,,,,75,,
O00300,A0164,RM001,F006,2026-02-19,Prospect,134250000,,,,10,,
O00301,A0394,RM005,F009,2025-12-21,Interested,5000000,,,,25,,
O00302,A0056,RM011,F004,2025-08-31,Prospect,32000000,,,,10,,
O00303,A0053,RM008,F003,2026-02-16,Lost,15000000,,2026-03-15,27.0,0,,Timing - Deferred
O00304,A0245,RM010,F002,2026-01-04,Committed,11000000,10750000.0,2026-04-25,111.0,100,C002,
O00305,A0220,RM015,F005,2025-11-24,Interested,9750000,,,,25,C016,
O00306,A0214,RM015,F007,2026-02-19,Interested,51500000,,,,25,C024,
O00307,A0163,RM014,F003,2025-09-06,Soft Circle,316250000,,,,75,C013,
O00308,A0143,RM009,F006,2026-03-24,Interested,2500000,,,,25,C018,
O00309,A0034,RM014,F006,2025-11-23,Interested,164250000,,,,25,,
O00310,A0315,RM016,F008,2025-07-31,Prospect,2500000,,,,10,C010,
O00311,A0176,RM003,F002,2025-12-24,Prospect,44500000,,,,10,C006,
O00312,A0357,RM010,F009,2026-02-10,Soft Circle,8000000,,,,75,,
O00313,A0196,RM009,F003,2025-11-26,Prospect,23000000,,,,10,C022,
O00314,A0360,RM013,F003,2025-05-29,Lost,31500000,,2025-08-05,68.0,0,C007,Allocation Already Filled
O00315,A0367,RM002,F007,2025-12-17,Prospect,47000000,,,,10,,
O00316,A0218,RM006,F008,2025-06-12,Committed,6750000,6250000.0,2025-12-30,201.0,100,,
O00317,A0317,RM011,F010,2025-10-26,Committed,73500000,75750000.0,2026-01-08,74.0,100,,
O00318,A0040,RM001,F005,2026-01-24,Due Diligence,8000000,,,,50,,
O00319,A0045,RM016,F001,2025-11-05,Lost,13000000,,2026-04-14,160.0,0,C003,Client Risk Appetite
O00320,A0278,RM011,F007,2026-03-14,Prospect,5000000,,,,10,C023,
O00321,A0020,RM014,F009,2026-01-18,Interested,18500000,,,,25,,
O00322,A0283,RM010,F004,2026-04-07,Prospect,27500000,,,,10,C017,
O00323,A0091,RM009,F007,2026-04-14,Prospect,37500000,,,,10,C026,
O00324,A0093,RM012,F005,2026-03-02,Committed,47250000,46000000.0,2026-05-01,60.0,100,,
O00325,A0143,RM009,F002,2025-05-02,Interested,5000000,,,,25,,
O00326,A0368,RM008,F006,2025-09-25,Soft Circle,65750000,,,,75,,
O00327,A0283,RM010,F009,2025-08-13,Soft Circle,68000000,,,,75,,
O00328,A0299,RM006,F003,2025-11-13,Soft Circle,2750000,,,,75,,
O00329,A0311,RM004,F008,2025-11-06,Interested,30250000,,,,25,C004,
O00330,A0331,RM013,F010,2025-11-19,Prospect,16750000,,,,10,,
O00331,A0066,RM002,F007,2026-03-31,Prospect,157000000,,,,10,,
O00332,A0376,RM012,F002,2025-11-19,Interested,204500000,,,,25,,
O00333,A0157,RM016,F004,2025-08-12,Due Diligence,16750000,,,,50,C008,
O00334,A0220,RM015,F007,2025-06-07,Due Diligence,5000000,,,,50,,
O00335,A0322,RM006,F008,2025-10-19,Prospect,2500000,,,,10,,
O00336,A0340,RM016,F006,2025-12-10,Soft Circle,37750000,,,,75,C003,
O00337,A0200,RM007,F007,2025-11-23,Lost,128000000,,2026-01-26,64.0,0,C020,Competing Manager Selected
O00338,A0213,RM016,F003,2025-10-13,Prospect,127250000,,,,10,,
O00339,A0162,RM015,F002,2025-12-08,Interested,5000000,,,,25,,
O00340,A0020,RM014,F004,2025-05-05,Committed,17250000,18000000.0,2025-12-17,226.0,100,C028,
O00341,A0256,RM015,F002,2025-11-03,Due Diligence,10250000,,,,50,,
O00342,A0268,RM007,F002,2026-03-26,Due Diligence,5500000,,,,50,,
O00343,A0187,RM009,F009,2026-01-29,Interested,111000000,,,,25,,
O00344,A0019,RM006,F009,2026-02-16,Due Diligence,5000000,,,,50,C017,
O00345,A0221,RM001,F003,2025-05-27,Lost,6000000,,2025-07-26,60.0,0,,Client Risk Appetite
O00346,A0040,RM001,F005,2025-12-15,Committed,14750000,13750000.0,2026-06-09,176.0,100,,
O00347,A0179,RM015,F007,2025-12-09,Lost,5000000,,2026-05-11,153.0,0,,Client Risk Appetite
O00348,A0317,RM011,F003,2025-05-02,Interested,13250000,,,,25,,
O00349,A0090,RM014,F010,2025-09-13,Due Diligence,95750000,,,,50,,
O00350,A0366,RM014,F004,2025-09-06,Prospect,5750000,,,,10,,
O00351,A0282,RM005,F004,2025-09-19,Interested,4000000,,,,25,C012,
O00352,A0101,RM005,F010,2025-11-13,Interested,1500000,,,,25,C002,
O00353,A0091,RM009,F007,2025-12-13,Lost,36000000,,2026-02-16,65.0,0,,Client Risk Appetite
O00354,A0030,RM009,F009,2025-12-11,Lost,32750000,,2026-01-19,39.0,0,,Liquidity Mismatch
O00355,A0349,RM014,F006,2025-11-03,Interested,94750000,,,,25,C008,
O00356,A0025,RM011,F010,2026-02-27,Committed,1000000,1000000.0,2026-07-13,136.0,100,,
O00357,A0247,RM013,F010,2025-10-13,Lost,3750000,,2025-11-28,46.0,0,,Liquidity Mismatch
O00358,A0299,RM006,F009,2025-10-20,Soft Circle,5250000,,,,75,,
O00359,A0100,RM006,F008,2026-01-08,Lost,11000000,,2026-03-02,53.0,0,,Allocation Already Filled
O00360,A0150,RM006,F001,2025-12-29,Due Diligence,223000000,,,,50,,
O00361,A0117,RM010,F008,2026-04-08,Prospect,2500000,,,,10,C015,
O00362,A0319,RM014,F010,2025-06-08,Prospect,172250000,,,,10,,
O00363,A0399,RM006,F008,2025-06-22,Due Diligence,4750000,,,,50,C006,
O00364,A0388,RM012,F004,2025-09-29,Lost,2500000,,2026-01-02,95.0,0,,Competing Manager Selected
O00365,A0027,RM006,F008,2025-09-28,Interested,78250000,,,,25,,
O00366,A0269,RM008,F007,2025-08-26,Interested,29500000,,,,25,,
O00367,A0230,RM001,F007,2025-06-18,Interested,14500000,,,,25,,
O00368,A0370,RM009,F010,2025-09-01,Soft Circle,1000000,,,,75,C009,
O00369,A0226,RM006,F010,2025-06-09,Prospect,5500000,,,,10,,
O00370,A0181,RM003,F006,2025-07-17,Prospect,5000000,,,,10,,
O00371,A0177,RM014,F010,2025-09-16,Committed,4750000,4500000.0,2026-04-03,199.0,100,C026,
O00372,A0340,RM016,F010,2025-12-28,Interested,15500000,,,,25,C007,
O00373,A0266,RM010,F006,2025-08-23,Interested,6000000,,,,25,,
O00374,A0030,RM009,F007,2026-04-05,Due Diligence,100750000,,,,50,C011,
O00375,A0372,RM002,F004,2025-09-05,Due Diligence,2500000,,,,50,C001,
O00376,A0269,RM008,F002,2026-01-07,Committed,7750000,7500000.0,2026-06-22,166.0,100,,
O00377,A0061,RM006,F002,2026-01-04,Interested,22250000,,,,25,,
O00378,A0186,RM006,F009,2025-05-02,Interested,53750000,,,,25,,
O00379,A0099,RM001,F003,2026-01-10,Interested,29000000,,,,25,C016,
O00380,A0233,RM004,F008,2025-12-08,Prospect,10000000,,,,10,C017,
O00381,A0218,RM006,F001,2026-02-08,Lost,8250000,,2026-03-09,29.0,0,,Competing Manager Selected
O00382,A0388,RM012,F004,2025-08-31,Lost,2500000,,2025-09-24,24.0,0,C026,Allocation Already Filled
O00383,A0022,RM003,F005,2025-09-21,Committed,1750000,1750000.0,2026-02-02,134.0,100,,
O00384,A0178,RM004,F005,2025-08-27,Interested,84250000,,,,25,C006,
O00385,A0071,RM003,F006,2025-08-20,Interested,20500000,,,,25,C017,
O00386,A0009,RM010,F002,2025-12-14,Due Diligence,50000000,,,,50,,
O00387,A0309,RM008,F002,2026-01-20,Interested,5750000,,,,25,,
O00388,A0301,RM012,F006,2026-02-25,Committed,25750000,25750000.0,2026-07-15,140.0,100,,
O00389,A0372,RM002,F005,2025-09-04,Due Diligence,1000000,,,,50,C025,
O00390,A0231,RM003,F002,2025-09-03,Prospect,5000000,,,,10,,
O00391,A0100,RM006,F004,2025-05-06,Lost,15000000,,2025-10-28,175.0,0,,Pricing/Fee Concerns
O00392,A0144,RM007,F008,2025-07-26,Due Diligence,61500000,,,,50,C023,
O00393,A0238,RM015,F010,2025-12-27,Due Diligence,63000000,,,,50,,
O00394,A0248,RM013,F005,2025-09-07,Due Diligence,11250000,,,,50,,
O00395,A0017,RM002,F005,2025-12-26,Interested,10750000,,,,25,,
O00396,A0363,RM012,F002,2025-05-24,Committed,27750000,26750000.0,2025-09-11,110.0,100,,
O00397,A0368,RM008,F002,2025-11-02,Soft Circle,39500000,,,,75,C002,
O00398,A0317,RM011,F010,2026-04-02,Interested,27000000,,,,25,,
O00399,A0098,RM009,F009,2025-08-14,Soft Circle,5000000,,,,75,,
O00400,A0138,RM016,F008,2025-09-25,Committed,13500000,11500000.0,2026-01-12,109.0,100,C022,
O00401,A0280,RM004,F006,2025-10-15,Committed,95000000,86500000.0,2026-01-27,104.0,100,,
O00402,A0122,RM006,F009,2025-08-07,Committed,24500000,26500000.0,2026-03-21,226.0,100,C013,
O00403,A0153,RM010,F004,2025-08-26,Due Diligence,36750000,,,,50,C011,
O00404,A0264,RM003,F007,2026-02-17,Due Diligence,5250000,,,,50,,
O00405,A0014,RM013,F010,2026-03-17,Prospect,1000000,,,,10,,
O00406,A0054,RM003,F001,2025-11-07,Interested,23500000,,,,25,,
O00407,A0015,RM005,F007,2025-11-04,Lost,8500000,,2026-03-20,136.0,0,,Pricing/Fee Concerns
O00408,A0105,RM004,F002,2025-09-02,Committed,5000000,5250000.0,2025-12-08,97.0,100,C015,
O00409,A0191,RM014,F009,2026-01-10,Lost,5000000,,2026-06-16,157.0,0,,Pricing/Fee Concerns
O00410,A0336,RM005,F008,2025-06-22,Prospect,22250000,,,,10,,
O00411,A0069,RM016,F009,2025-11-18,Due Diligence,47000000,,,,50,,
O00412,A0142,RM013,F003,2026-03-19,Due Diligence,1250000,,,,50,,
O00413,A0005,RM006,F004,2025-06-06,Interested,5500000,,,,25,,
O00414,A0184,RM015,F007,2026-04-09,Interested,8250000,,,,25,C013,
O00415,A0010,RM007,F006,2026-03-05,Interested,2500000,,,,25,C019,
O00416,A0127,RM014,F005,2025-05-25,Lost,2000000,,2025-08-02,69.0,0,,Liquidity Mismatch
O00417,A0330,RM007,F003,2025-08-13,Interested,12750000,,,,25,,
O00418,A0373,RM005,F008,2026-03-22,Lost,6750000,,2026-09-29,191.0,0,,Allocation Already Filled
O00419,A0146,RM016,F010,2026-02-22,Interested,163500000,,,,25,,
O00420,A0113,RM003,F009,2025-05-06,Interested,21500000,,,,25,,
O00421,A0301,RM012,F002,2025-06-06,Interested,18000000,,,,25,C017,
O00422,A0277,RM006,F003,2026-03-26,Lost,10500000,,2026-04-24,29.0,0,,Pricing/Fee Concerns
O00423,A0150,RM006,F010,2026-04-14,Committed,183750000,164250000.0,2026-10-27,196.0,100,C002,
O00424,A0361,RM001,F006,2025-07-10,Prospect,32750000,,,,10,,
O00425,A0179,RM015,F007,2026-01-17,Interested,5000000,,,,25,C004,
O00426,A0373,RM005,F002,2025-05-11,Soft Circle,15500000,,,,75,C025,
O00427,A0352,RM002,F003,2025-09-04,Due Diligence,85500000,,,,50,,
O00428,A0378,RM003,F005,2025-08-18,Interested,5250000,,,,25,,
O00429,A0042,RM009,F009,2025-10-20,Due Diligence,89500000,,,,50,,
O00430,A0106,RM001,F005,2025-11-19,Prospect,6500000,,,,10,C021,
O00431,A0147,RM016,F001,2025-08-26,Interested,9250000,,,,25,C001,
O00432,A0296,RM001,F009,2026-01-18,Prospect,5000000,,,,10,C010,
O00433,A0117,RM010,F001,2026-02-11,Due Diligence,5000000,,,,50,,
O00434,A0080,RM006,F001,2025-09-21,Interested,5000000,,,,25,,
O00435,A0136,RM010,F005,2026-02-16,Due Diligence,10500000,,,,50,,
O00436,A0123,RM004,F006,2025-12-20,Interested,4750000,,,,25,,
O00437,A0324,RM008,F010,2026-02-01,Soft Circle,47000000,,,,75,,
O00438,A0397,RM013,F001,2026-02-25,Prospect,11750000,,,,10,,
O00439,A0121,RM010,F008,2026-01-29,Prospect,223250000,,,,10,C021,
O00440,A0021,RM010,F007,2025-06-16,Prospect,220250000,,,,10,,
O00441,A0287,RM006,F009,2026-02-25,Prospect,69500000,,,,10,,
O00442,A0191,RM014,F002,2025-07-15,Prospect,5000000,,,,10,C014,
O00443,A0171,RM016,F005,2025-12-07,Soft Circle,6250000,,,,75,,
O00444,A0139,RM008,F004,2025-05-04,Interested,32250000,,,,25,,
O00445,A0186,RM006,F003,2025-12-25,Lost,33750000,,2026-04-05,101.0,0,,Timing - Deferred
O00446,A0053,RM008,F009,2025-06-23,Committed,8500000,8750000.0,2025-10-28,127.0,100,,
O00447,A0241,RM014,F006,2025-05-25,Lost,4000000,,2025-09-18,116.0,0,,Client Risk Appetite
O00448,A0370,RM009,F001,2025-06-23,Due Diligence,5000000,,,,50,C008,
O00449,A0366,RM014,F004,2025-07-21,Lost,3250000,,2025-12-08,140.0,0,C004,Competing Manager Selected
O00450,A0294,RM012,F004,2025-09-01,Lost,6000000,,2026-02-10,162.0,0,C011,Competing Manager Selected
O00451,A0153,RM010,F003,2025-09-18,Committed,80750000,75750000.0,2026-04-21,215.0,100,,
O00452,A0367,RM002,F002,2025-10-15,Due Diligence,48750000,,,,50,,
O00453,A0261,RM005,F009,2025-11-23,Due Diligence,5000000,,,,50,C004,
O00454,A0199,RM014,F006,2025-05-19,Due Diligence,163000000,,,,50,C026,
O00455,A0113,RM003,F005,2025-12-21,Committed,12250000,12750000.0,2026-07-29,220.0,100,C027,
O00456,A0300,RM008,F008,2025-07-07,Due Diligence,2500000,,,,50,C021,
O00457,A0317,RM011,F003,2025-06-30,Prospect,72250000,,,,10,C013,
O00458,A0218,RM006,F003,2025-07-09,Interested,15250000,,,,25,C020,
O00459,A0114,RM016,F008,2026-03-21,Lost,79500000,,2026-09-04,167.0,0,,Allocation Already Filled
O00460,A0153,RM010,F003,2026-01-21,Prospect,58000000,,,,10,C021,
O00461,A0246,RM002,F003,2025-10-13,Interested,17000000,,,,25,,
O00462,A0088,RM014,F005,2025-11-09,Prospect,2500000,,,,10,,
O00463,A0187,RM009,F001,2025-07-13,Due Diligence,202000000,,,,50,,
O00464,A0017,RM002,F003,2025-11-05,Interested,15000000,,,,25,,
O00465,A0320,RM009,F010,2025-05-27,Interested,1000000,,,,25,,
O00466,A0151,RM003,F004,2025-08-15,Prospect,10250000,,,,10,,
O00467,A0176,RM003,F006,2025-10-22,Interested,27500000,,,,25,,
O00468,A0353,RM004,F007,2025-08-24,Due Diligence,254500000,,,,50,C022,
O00469,A0157,RM016,F009,2025-11-02,Interested,30250000,,,,25,,
O00470,A0188,RM004,F006,2025-07-11,Prospect,12000000,,,,10,,
O00471,A0118,RM013,F005,2026-02-04,Due Diligence,11250000,,,,50,,
O00472,A0320,RM009,F006,2025-06-15,Prospect,2500000,,,,10,,
O00473,A0172,RM009,F008,2025-10-11,Interested,35750000,,,,25,,
O00474,A0192,RM004,F009,2026-03-01,Interested,132750000,,,,25,C013,
O00475,A0195,RM005,F006,2026-02-17,Lost,44500000,,2026-03-15,26.0,0,,Pricing/Fee Concerns
O00476,A0268,RM007,F007,2025-11-07,Committed,5000000,4750000.0,2026-01-06,60.0,100,,
O00477,A0212,RM007,F009,2025-08-30,Soft Circle,9250000,,,,75,,
O00478,A0171,RM016,F004,2026-01-24,Prospect,6500000,,,,10,,
O00479,A0259,RM007,F007,2025-06-13,Committed,5000000,5000000.0,2025-12-13,183.0,100,C008,
O00480,A0252,RM008,F005,2025-09-16,Prospect,23250000,,,,10,,
O00481,A0283,RM010,F009,2025-05-14,Interested,73000000,,,,25,,
O00482,A0186,RM006,F003,2025-10-17,Due Diligence,33000000,,,,50,,
O00483,A0392,RM009,F005,2025-07-08,Soft Circle,1000000,,,,75,,
O00484,A0225,RM016,F009,2026-03-21,Interested,5000000,,,,25,,
O00485,A0317,RM011,F004,2025-07-27,Soft Circle,57750000,,,,75,C024,
O00486,A0185,RM004,F005,2026-01-05,Lost,5500000,,2026-04-30,115.0,0,,Client Risk Appetite
O00487,A0133,RM014,F006,2026-01-04,Soft Circle,72250000,,,,75,C008,
O00488,A0206,RM004,F004,2026-04-10,Committed,12500000,12250000.0,2026-09-29,172.0,100,C011,
O00489,A0226,RM006,F006,2026-03-10,Due Diligence,4500000,,,,50,,
O00490,A0122,RM006,F009,2025-10-02,Prospect,29750000,,,,10,,
O00491,A0300,RM008,F006,2025-09-11,Interested,2500000,,,,25,,
O00492,A0169,RM010,F006,2025-09-29,Lost,2500000,,2026-03-05,157.0,0,,Liquidity Mismatch
O00493,A0261,RM005,F007,2025-07-16,Lost,5000000,,2025-12-29,166.0,0,C009,Client Risk Appetite
O00494,A0115,RM012,F001,2025-09-30,Interested,208250000,,,,25,,
O00495,A0192,RM004,F002,2025-09-23,Prospect,178250000,,,,10,C001,
O00496,A0140,RM007,F007,2026-01-20,Prospect,5000000,,,,10,,
O00497,A0165,RM011,F006,2025-11-10,Lost,88250000,,2026-01-19,70.0,0,C013,Allocation Already Filled
O00498,A0267,RM007,F009,2025-05-23,Lost,5000000,,2025-10-08,138.0,0,,Liquidity Mismatch
O00499,A0061,RM006,F010,2026-03-27,Prospect,11250000,,,,10,,
O00500,A0096,RM010,F003,2025-08-03,Prospect,90000000,,,,10,C008,
O00501,A0143,RM009,F010,2026-03-02,Interested,1750000,,,,25,C025,
O00502,A0108,RM008,F002,2025-07-26,Interested,5000000,,,,25,,
O00503,A0068,RM004,F009,2025-11-25,Due Diligence,38500000,,,,50,,
O00504,A0325,RM006,F007,2026-01-02,Committed,60000000,55250000.0,2026-03-12,69.0,100,,
O00505,A0063,RM016,F006,2025-11-09,Soft Circle,18500000,,,,75,,
O00506,A0254,RM002,F010,2026-01-06,Prospect,11750000,,,,10,,
O00507,A0178,RM004,F010,2026-03-26,Lost,17000000,,2026-09-26,184.0,0,,Client Risk Appetite
O00508,A0064,RM011,F001,2026-01-05,Interested,7750000,,,,25,C021,
O00509,A0118,RM013,F009,2026-03-03,Prospect,11750000,,,,10,,
O00510,A0042,RM009,F005,2026-03-19,Soft Circle,74750000,,,,75,C008,
O00511,A0038,RM012,F009,2025-11-27,Interested,16500000,,,,25,C020,
O00512,A0143,RM009,F005,2025-06-23,Due Diligence,2000000,,,,50,C017,
O00513,A0300,RM008,F007,2026-02-28,Due Diligence,5000000,,,,50,,
O00514,A0157,RM016,F007,2025-06-08,Interested,22250000,,,,25,C008,
O00515,A0222,RM010,F004,2025-08-03,Soft Circle,48250000,,,,75,,
O00516,A0050,RM015,F008,2025-08-09,Due Diligence,4750000,,,,50,C024,
O00517,A0352,RM002,F006,2025-05-11,Due Diligence,70500000,,,,50,C002,
O00518,A0130,RM009,F007,2025-11-06,Committed,116250000,115500000.0,2026-01-23,78.0,100,,
O00519,A0073,RM002,F007,2025-10-28,Due Diligence,13250000,,,,50,C026,
O00520,A0140,RM007,F010,2026-01-09,Committed,6250000,5500000.0,2026-08-12,215.0,100,,
O00521,A0387,RM006,F006,2025-06-09,Due Diligence,7250000,,,,50,,
O00522,A0249,RM001,F002,2025-08-01,Lost,7750000,,2025-08-22,21.0,0,,Timing - Deferred
O00523,A0047,RM011,F004,2025-08-29,Lost,2500000,,2025-11-02,65.0,0,,Liquidity Mismatch
O00524,A0063,RM016,F010,2025-05-27,Lost,13250000,,2025-07-15,49.0,0,C022,Allocation Already Filled
O00525,A0303,RM014,F003,2026-03-15,Lost,250000000,,2026-06-08,85.0,0,,Client Risk Appetite
O00526,A0337,RM002,F005,2026-03-23,Committed,30750000,31750000.0,2026-10-12,203.0,100,,
O00527,A0032,RM001,F007,2026-02-18,Due Diligence,5000000,,,,50,,
O00528,A0117,RM010,F005,2025-12-15,Prospect,3250000,,,,10,,
O00529,A0019,RM006,F003,2026-03-08,Soft Circle,1000000,,,,75,C027,
O00530,A0048,RM007,F007,2025-10-17,Interested,228750000,,,,25,C024,
O00531,A0054,RM003,F007,2025-12-08,Committed,71500000,69250000.0,2026-04-16,129.0,100,,
O00532,A0172,RM009,F005,2025-06-28,Prospect,30000000,,,,10,,
O00533,A0006,RM012,F005,2025-05-06,Prospect,65500000,,,,10,,
O00534,A0284,RM016,F008,2025-11-09,Interested,2500000,,,,25,,
O00535,A0160,RM002,F007,2025-08-30,Committed,6500000,6250000.0,2025-11-22,84.0,100,,
O00536,A0159,RM014,F005,2025-06-14,Interested,5750000,,,,25,C015,
O00537,A0384,RM006,F010,2025-08-10,Prospect,2750000,,,,10,C018,
O00538,A0131,RM006,F002,2026-01-26,Interested,5000000,,,,25,,
O00539,A0016,RM002,F009,2026-03-12,Committed,147500000,130750000.0,2026-07-19,129.0,100,C010,
O00540,A0161,RM009,F005,2026-04-12,Committed,44000000,42000000.0,2026-10-06,177.0,100,,
O00541,A0185,RM004,F003,2026-02-12,Committed,7500000,7500000.0,2026-04-27,74.0,100,C024,
O00542,A0187,RM009,F005,2025-06-14,Prospect,48500000,,,,10,,
O00543,A0184,RM015,F005,2025-06-12,Soft Circle,8750000,,,,75,,
O00544,A0132,RM007,F006,2025-05-28,Prospect,33250000,,,,10,,
O00545,A0214,RM015,F009,2025-05-27,Lost,57250000,,2025-11-25,182.0,0,C024,Competing Manager Selected
O00546,A0347,RM003,F010,2025-09-15,Prospect,6500000,,,,10,,
O00547,A0142,RM013,F010,2025-07-05,Soft Circle,1750000,,,,75,,
O00548,A0210,RM012,F003,2026-04-04,Soft Circle,38250000,,,,75,,
O00549,A0338,RM007,F010,2025-07-06,Soft Circle,48500000,,,,75,,
O00550,A0157,RM016,F001,2025-05-08,Interested,7500000,,,,25,,
O00551,A0053,RM008,F008,2026-02-17,Prospect,12250000,,,,10,,
O00552,A0170,RM012,F010,2026-03-14,Prospect,47750000,,,,10,C016,
O00553,A0199,RM014,F004,2025-08-29,Prospect,48000000,,,,10,,
O00554,A0346,RM016,F004,2026-03-16,Lost,2500000,,2026-04-16,31.0,0,C025,Timing - Deferred
O00555,A0340,RM016,F002,2025-08-29,Interested,23250000,,,,25,,
O00556,A0305,RM007,F009,2025-12-23,Prospect,5000000,,,,10,,
O00557,A0151,RM003,F001,2026-02-20,Due Diligence,5000000,,,,50,,
O00558,A0110,RM003,F007,2025-11-02,Committed,5000000,5250000.0,2026-03-04,122.0,100,C008,
O00559,A0174,RM016,F009,2026-01-25,Lost,166000000,,2026-03-10,44.0,0,,Client Risk Appetite
O00560,A0126,RM013,F004,2025-09-09,Lost,5250000,,2025-11-16,68.0,0,,Client Risk Appetite
O00561,A0392,RM009,F004,2026-03-10,Soft Circle,2500000,,,,75,,
O00562,A0033,RM009,F005,2025-07-01,Prospect,11000000,,,,10,,
O00563,A0199,RM014,F010,2026-02-13,Interested,150250000,,,,25,C004,
O00564,A0152,RM015,F004,2025-10-15,Interested,2500000,,,,25,C022,
O00565,A0306,RM009,F008,2025-07-21,Due Diligence,20250000,,,,50,,
O00566,A0235,RM005,F010,2026-01-23,Committed,54500000,52250000.0,2026-04-10,77.0,100,C028,
O00567,A0023,RM001,F008,2026-01-21,Interested,26000000,,,,25,,
O00568,A0267,RM007,F005,2025-06-18,Committed,2750000,3000000.0,2025-12-21,186.0,100,C016,
O00569,A0195,RM005,F002,2025-11-25,Due Diligence,34000000,,,,50,,
O00570,A0243,RM013,F002,2025-06-14,Prospect,5000000,,,,10,,
O00571,A0036,RM008,F002,2025-06-28,Committed,7750000,7750000.0,2025-10-02,96.0,100,,
O00572,A0201,RM008,F005,2025-05-11,Soft Circle,178750000,,,,75,C007,
O00573,A0208,RM014,F008,2025-08-22,Prospect,16000000,,,,10,,
O00574,A0057,RM015,F010,2026-04-07,Lost,4500000,,2026-08-23,138.0,0,C023,Competing Manager Selected
O00575,A0242,RM015,F007,2026-01-14,Due Diligence,5250000,,,,50,,
O00576,A0362,RM014,F001,2025-12-28,Due Diligence,5000000,,,,50,,
O00577,A0010,RM007,F002,2025-06-12,Prospect,5000000,,,,10,,
O00578,A0099,RM001,F009,2025-06-05,Due Diligence,23250000,,,,50,,
O00579,A0130,RM009,F005,2025-12-27,Interested,96250000,,,,25,,
O00580,A0213,RM016,F005,2026-03-27,Interested,185750000,,,,25,,
O00581,A0295,RM009,F005,2025-09-27,Prospect,48250000,,,,10,,
O00582,A0261,RM005,F005,2025-11-13,Prospect,1000000,,,,10,,
O00583,A0183,RM014,F009,2025-11-12,Prospect,9000000,,,,10,,
O00584,A0384,RM006,F010,2025-11-20,Prospect,5250000,,,,10,C006,
O00585,A0135,RM008,F008,2025-12-21,Interested,57250000,,,,25,,
O00586,A0311,RM004,F002,2025-10-31,Lost,5250000,,2026-01-10,71.0,0,,Competing Manager Selected
O00587,A0328,RM013,F010,2026-03-25,Prospect,9750000,,,,10,C019,
O00588,A0039,RM001,F009,2025-06-17,Due Diligence,75000000,,,,50,C010,
O00589,A0018,RM007,F006,2025-06-12,Interested,119500000,,,,25,,
O00590,A0395,RM002,F007,2025-05-03,Committed,12250000,12500000.0,2025-11-19,200.0,100,,
O00591,A0142,RM013,F005,2025-09-21,Lost,1000000,,2026-02-07,139.0,0,,Client Risk Appetite
O00592,A0264,RM003,F008,2025-09-27,Prospect,7500000,,,,10,,
O00593,A0012,RM012,F007,2025-06-13,Interested,10750000,,,,25,,
O00594,A0303,RM014,F004,2026-01-28,Prospect,188000000,,,,10,,
O00595,A0139,RM008,F001,2025-11-26,Due Diligence,31500000,,,,50,C016,
O00596,A0228,RM009,F009,2025-10-01,Due Diligence,160500000,,,,50,C019,
O00597,A0019,RM006,F001,2026-04-07,Committed,5000000,5000000.0,2026-08-05,120.0,100,C003,
O00598,A0041,RM008,F003,2026-01-12,Interested,30750000,,,,25,,
O00599,A0327,RM004,F003,2026-03-24,Committed,203000000,194750000.0,2026-09-03,163.0,100,C002,
O00600,A0217,RM006,F007,2025-12-13,Committed,8250000,7500000.0,2026-04-29,137.0,100,,
O00601,A0309,RM008,F007,2025-05-11,Interested,12500000,,,,25,,
O00602,A0063,RM016,F002,2025-09-20,Interested,10500000,,,,25,C028,
O00603,A0130,RM009,F007,2026-03-17,Due Diligence,203500000,,,,50,,
O00604,A0339,RM004,F003,2025-05-07,Interested,43750000,,,,25,C004,
O00605,A0230,RM001,F006,2025-06-21,Interested,9250000,,,,25,,
O00606,A0265,RM001,F007,2026-03-08,Committed,5000000,5500000.0,2026-08-16,161.0,100,C002,
O00607,A0080,RM006,F006,2026-02-07,Lost,7000000,,2026-04-04,56.0,0,C027,Liquidity Mismatch
O00608,A0217,RM006,F010,2025-07-15,Lost,4500000,,2025-08-20,36.0,0,C027,Pricing/Fee Concerns
O00609,A0292,RM016,F007,2026-04-06,Due Diligence,63500000,,,,50,C018,
O00610,A0067,RM016,F002,2025-11-02,Soft Circle,5000000,,,,75,,
O00611,A0119,RM007,F003,2025-10-18,Soft Circle,105500000,,,,75,,
O00612,A0004,RM016,F002,2026-03-31,Lost,33500000,,2026-06-15,76.0,0,,Client Risk Appetite
O00613,A0385,RM001,F003,2025-06-29,Due Diligence,5750000,,,,50,,
O00614,A0357,RM010,F004,2025-08-10,Prospect,11250000,,,,10,C008,
O00615,A0036,RM008,F001,2025-12-04,Lost,5000000,,2026-06-04,182.0,0,C027,Allocation Already Filled
O00616,A0331,RM013,F010,2025-05-25,Lost,24750000,,2025-11-30,189.0,0,,Competing Manager Selected
O00617,A0214,RM015,F005,2026-03-02,Prospect,24750000,,,,10,,
O00618,A0386,RM003,F009,2025-09-09,Interested,34250000,,,,25,,
O00619,A0201,RM008,F008,2025-12-27,Prospect,225000000,,,,10,,
O00620,A0080,RM006,F004,2025-06-19,Lost,8500000,,2025-10-20,123.0,0,C007,Liquidity Mismatch
O00621,A0341,RM002,F008,2025-07-08,Due Diligence,2500000,,,,50,,
O00622,A0374,RM009,F001,2025-11-02,Prospect,29500000,,,,10,,
O00623,A0209,RM010,F001,2025-08-03,Prospect,71500000,,,,10,,
O00624,A0161,RM009,F009,2025-11-25,Prospect,93750000,,,,10,,
O00625,A0307,RM014,F010,2025-09-14,Prospect,13000000,,,,10,,
O00626,A0033,RM009,F005,2026-02-16,Due Diligence,21500000,,,,50,,
O00627,A0336,RM005,F005,2025-09-01,Committed,10250000,9750000.0,2026-03-24,204.0,100,,
O00628,A0343,RM004,F004,2025-09-05,Interested,109750000,,,,25,,
O00629,A0118,RM013,F008,2025-11-17,Prospect,11750000,,,,10,,
O00630,A0005,RM006,F003,2026-03-21,Soft Circle,15250000,,,,75,C027,
O00631,A0005,RM006,F004,2025-07-09,Due Diligence,13000000,,,,50,,
O00632,A0391,RM012,F009,2025-10-02,Prospect,5000000,,,,10,C024,
O00633,A0310,RM010,F006,2025-06-20,Soft Circle,12000000,,,,75,,
O00634,A0142,RM013,F006,2025-08-10,Prospect,2500000,,,,10,,
O00635,A0354,RM014,F009,2025-05-04,Prospect,18500000,,,,10,,
O00636,A0355,RM010,F007,2026-01-17,Interested,5000000,,,,25,C004,
O00637,A0362,RM014,F006,2026-04-13,Due Diligence,6500000,,,,50,C016,
O00638,A0198,RM014,F002,2025-11-14,Interested,99000000,,,,25,,
O00639,A0326,RM014,F007,2025-06-27,Lost,5000000,,2025-08-26,60.0,0,,Timing - Deferred
O00640,A0015,RM005,F001,2025-05-25,Interested,10750000,,,,25,,
O00641,A0062,RM016,F006,2025-06-06,Due Diligence,78000000,,,,50,C007,
O00642,A0250,RM010,F004,2026-03-02,Prospect,9750000,,,,10,,
O00643,A0040,RM001,F004,2025-08-02,Prospect,6250000,,,,10,,
O00644,A0017,RM002,F002,2025-08-26,Committed,11250000,11750000.0,2026-03-27,213.0,100,,
O00645,A0042,RM009,F010,2025-06-30,Lost,75000000,,2025-08-16,47.0,0,,Pricing/Fee Concerns
O00646,A0179,RM015,F009,2025-09-15,Soft Circle,5000000,,,,75,,
O00647,A0194,RM002,F002,2026-03-16,Soft Circle,18250000,,,,75,,
O00648,A0368,RM008,F005,2026-02-12,Interested,65750000,,,,25,,
O00649,A0166,RM013,F004,2025-07-06,Lost,2500000,,2025-11-26,143.0,0,,Liquidity Mismatch
O00650,A0202,RM002,F008,2025-10-06,Due Diligence,12000000,,,,50,,
O00651,A0324,RM008,F005,2025-07-26,Prospect,27250000,,,,10,,
O00652,A0324,RM008,F004,2025-08-04,Committed,65250000,69750000.0,2026-03-18,226.0,100,,
O00653,A0129,RM011,F009,2025-06-18,Due Diligence,72750000,,,,50,,
O00654,A0289,RM008,F007,2026-02-10,Lost,7000000,,2026-05-27,106.0,0,,Pricing/Fee Concerns
O00655,A0353,RM004,F010,2025-09-29,Interested,186000000,,,,25,,
O00656,A0327,RM004,F008,2025-12-24,Lost,196500000,,2026-04-22,119.0,0,C014,Client Risk Appetite
O00657,A0130,RM009,F001,2025-05-02,Committed,125750000,132500000.0,2025-10-01,152.0,100,,
O00658,A0294,RM012,F004,2025-08-25,Interested,7000000,,,,25,,
O00659,A0294,RM012,F004,2025-05-24,Due Diligence,2500000,,,,50,,
O00660,A0095,RM003,F009,2026-03-21,Prospect,57750000,,,,10,,
O00661,A0265,RM001,F007,2025-09-28,Interested,5000000,,,,25,,
O00662,A0035,RM002,F003,2026-02-28,Interested,163500000,,,,25,C014,
O00663,A0109,RM008,F003,2025-07-31,Lost,1000000,,2025-12-24,146.0,0,C010,Allocation Already Filled
O00664,A0011,RM014,F008,2025-10-09,Due Diligence,52000000,,,,50,C024,
O00665,A0051,RM010,F003,2025-08-09,Prospect,13500000,,,,10,,
O00666,A0041,RM008,F008,2025-12-18,Lost,15750000,,2026-04-21,124.0,0,,Liquidity Mismatch
O00667,A0377,RM013,F004,2026-01-24,Due Diligence,2500000,,,,50,,
O00668,A0064,RM011,F008,2025-07-28,Soft Circle,8000000,,,,75,,
O00669,A0029,RM002,F010,2026-01-05,Interested,1750000,,,,25,,
O00670,A0298,RM008,F004,2025-05-16,Soft Circle,167750000,,,,75,,
O00671,A0256,RM015,F004,2025-10-22,Due Diligence,8000000,,,,50,,
O00672,A0252,RM008,F002,2025-09-12,Due Diligence,10000000,,,,50,,
O00673,A0355,RM010,F010,2025-07-17,Interested,2750000,,,,25,,
O00674,A0264,RM003,F007,2026-01-19,Committed,5000000,4500000.0,2026-05-24,125.0,100,C027,
O00675,A0264,RM003,F009,2025-09-09,Due Diligence,8500000,,,,50,C003,
O00676,A0180,RM008,F007,2026-03-18,Soft Circle,5000000,,,,75,,
O00677,A0221,RM001,F010,2026-02-16,Prospect,13500000,,,,10,,
O00678,A0304,RM016,F001,2026-03-08,Due Diligence,7750000,,,,50,,
O00679,A0143,RM009,F004,2026-02-03,Prospect,2500000,,,,10,,
O00680,A0015,RM005,F008,2026-03-24,Committed,5250000,5500000.0,2026-08-27,156.0,100,,
O00681,A0168,RM013,F001,2026-01-18,Lost,5000000,,2026-05-05,107.0,0,,Timing - Deferred
O00682,A0149,RM014,F005,2025-07-06,Due Diligence,219250000,,,,50,C010,
O00683,A0071,RM003,F009,2025-08-31,Committed,47250000,42000000.0,2025-12-01,92.0,100,C013,
O00684,A0282,RM005,F004,2026-04-07,Due Diligence,7750000,,,,50,,
O00685,A0319,RM014,F003,2026-01-03,Soft Circle,219250000,,,,75,,
O00686,A0062,RM016,F003,2025-06-04,Soft Circle,51750000,,,,75,,
O00687,A0191,RM014,F005,2026-03-20,Soft Circle,1000000,,,,75,,
O00688,A0129,RM011,F003,2025-09-29,Due Diligence,48750000,,,,50,C013,
O00689,A0222,RM010,F007,2025-10-31,Prospect,76750000,,,,10,,
O00690,A0037,RM013,F004,2025-07-13,Due Diligence,12750000,,,,50,,
O00691,A0372,RM002,F004,2025-09-23,Committed,2500000,2250000.0,2025-12-01,69.0,100,C001,
O00692,A0025,RM011,F004,2025-10-20,Prospect,2500000,,,,10,,
O00693,A0327,RM004,F009,2025-12-05,Due Diligence,219250000,,,,50,,
O00694,A0075,RM001,F003,2025-07-11,Interested,1250000,,,,25,C011,
O00695,A0306,RM009,F005,2025-06-24,Prospect,17750000,,,,10,,
O00696,A0113,RM003,F001,2025-09-04,Prospect,15500000,,,,10,,
O00697,A0313,RM013,F001,2025-11-18,Due Diligence,7500000,,,,50,,
O00698,A0365,RM011,F003,2025-09-09,Lost,52000000,,2026-03-08,180.0,0,,Pricing/Fee Concerns
O00699,A0373,RM005,F010,2025-11-05,Due Diligence,9500000,,,,50,,
O00700,A0344,RM001,F001,2025-09-19,Interested,6250000,,,,25,C011,
O00701,A0168,RM013,F005,2025-05-08,Prospect,1000000,,,,10,C026,
O00702,A0169,RM010,F001,2025-12-12,Committed,5000000,5000000.0,2026-07-22,222.0,100,,
O00703,A0380,RM003,F009,2026-03-18,Due Diligence,37500000,,,,50,C010,
O00704,A0355,RM010,F004,2025-12-09,Soft Circle,2500000,,,,75,C005,
O00705,A0192,RM004,F008,2025-06-06,Due Diligence,66000000,,,,50,,
O00706,A0157,RM016,F001,2025-07-16,Prospect,27000000,,,,10,C016,
O00707,A0037,RM013,F009,2026-03-14,Lost,17000000,,2026-04-07,24.0,0,,Timing - Deferred
O00708,A0144,RM007,F001,2025-10-06,Prospect,18500000,,,,10,C007,
O00709,A0187,RM009,F006,2025-10-06,Due Diligence,102250000,,,,50,,
O00710,A0330,RM007,F001,2026-01-22,Soft Circle,7000000,,,,75,,
O00711,A0128,RM002,F001,2025-12-22,Due Diligence,5000000,,,,50,,
O00712,A0121,RM010,F004,2026-01-30,Committed,53750000,47250000.0,2026-06-30,151.0,100,,
O00713,A0011,RM014,F005,2025-10-18,Soft Circle,32250000,,,,75,,
O00714,A0016,RM002,F008,2025-09-26,Committed,133250000,135750000.0,2026-03-17,172.0,100,C010,
O00715,A0321,RM014,F001,2025-07-16,Due Diligence,5000000,,,,50,,
O00716,A0064,RM011,F007,2026-02-21,Prospect,7750000,,,,10,,
O00717,A0386,RM003,F010,2026-01-04,Soft Circle,96000000,,,,75,,
O00718,A0023,RM001,F002,2025-09-06,Soft Circle,18500000,,,,75,C028,
O00719,A0320,RM009,F003,2026-04-01,Due Diligence,1250000,,,,50,,
O00720,A0045,RM016,F006,2026-03-07,Interested,9250000,,,,25,,
O00721,A0251,RM007,F009,2026-02-03,Lost,5000000,,2026-05-02,88.0,0,C008,Timing - Deferred
O00722,A0301,RM012,F002,2026-01-09,Interested,25750000,,,,25,C014,
O00723,A0089,RM012,F007,2026-03-21,Prospect,17000000,,,,10,,
O00724,A0219,RM011,F007,2025-05-05,Prospect,6250000,,,,10,,
O00725,A0310,RM010,F009,2025-08-20,Lost,11750000,,2025-11-27,99.0,0,,Allocation Already Filled
O00726,A0066,RM002,F001,2026-03-21,Committed,73500000,78750000.0,2026-07-12,113.0,100,,
O00727,A0206,RM004,F002,2025-11-22,Due Diligence,22750000,,,,50,,
O00728,A0209,RM010,F001,2026-03-19,Committed,36250000,32250000.0,2026-08-29,163.0,100,,
O00729,A0305,RM007,F003,2025-06-27,Prospect,3250000,,,,10,,
O00730,A0144,RM007,F010,2025-05-22,Due Diligence,72750000,,,,50,,
O00731,A0255,RM014,F006,2025-10-01,Soft Circle,191750000,,,,75,,
O00732,A0379,RM010,F006,2025-07-10,Lost,2500000,,2025-12-11,154.0,0,C019,Timing - Deferred
O00733,A0282,RM005,F004,2026-02-28,Soft Circle,7500000,,,,75,,
O00734,A0007,RM004,F006,2025-09-25,Committed,145000000,139250000.0,2026-05-11,228.0,100,C023,
O00735,A0059,RM002,F006,2025-11-14,Interested,7500000,,,,25,C018,
O00736,A0157,RM016,F001,2026-01-17,Due Diligence,28750000,,,,50,C018,
O00737,A0160,RM002,F006,2025-05-15,Due Diligence,2500000,,,,50,C001,
O00738,A0130,RM009,F007,2025-07-19,Interested,209750000,,,,25,C013,
O00739,A0175,RM007,F004,2025-06-26,Interested,9000000,,,,25,C017,
O00740,A0376,RM012,F004,2025-08-05,Soft Circle,100250000,,,,75,C005,
O00741,A0319,RM014,F002,2025-11-22,Committed,213750000,208250000.0,2026-04-20,149.0,100,C028,
O00742,A0054,RM003,F005,2025-10-13,Prospect,46250000,,,,10,,
O00743,A0175,RM007,F010,2026-01-26,Interested,2750000,,,,25,,
O00744,A0270,RM012,F003,2025-08-02,Interested,1500000,,,,25,,
O00745,A0064,RM011,F002,2026-03-07,Interested,5000000,,,,25,,
O00746,A0020,RM014,F001,2025-07-25,Soft Circle,8250000,,,,75,C005,
O00747,A0383,RM010,F005,2026-03-15,Interested,22500000,,,,25,C008,
O00748,A0311,RM004,F003,2025-10-02,Due Diligence,18750000,,,,50,,
O00749,A0353,RM004,F008,2025-06-15,Prospect,305500000,,,,10,C004,
O00750,A0310,RM010,F009,2025-11-20,Soft Circle,10500000,,,,75,,
O00751,A0269,RM008,F001,2026-02-18,Lost,22750000,,2026-05-16,87.0,0,,Pricing/Fee Concerns
O00752,A0304,RM016,F007,2026-03-14,Committed,9250000,10000000.0,2026-05-25,72.0,100,C019,
O00753,A0207,RM008,F009,2026-03-13,Soft Circle,36750000,,,,75,,
O00754,A0101,RM005,F001,2025-07-12,Prospect,5000000,,,,10,C010,
O00755,A0037,RM013,F004,2025-08-14,Due Diligence,14000000,,,,50,,
O00756,A0235,RM005,F006,2026-01-10,Prospect,69000000,,,,10,,
O00757,A0087,RM013,F006,2025-07-06,Prospect,211250000,,,,10,,
O00758,A0327,RM004,F010,2025-07-30,Lost,165000000,,2025-10-23,85.0,0,C022,Competing Manager Selected
O00759,A0210,RM012,F004,2025-08-31,Interested,48000000,,,,25,C009,
O00760,A0399,RM006,F010,2025-06-01,Interested,4500000,,,,25,C004,
O00761,A0152,RM015,F003,2025-05-20,Committed,1500000,1500000.0,2025-07-28,69.0,100,,
O00762,A0165,RM011,F007,2026-02-19,Interested,83500000,,,,25,C012,
O00763,A0107,RM004,F010,2025-08-21,Committed,45000000,42750000.0,2026-01-29,161.0,100,,
O00764,A0114,RM016,F003,2025-08-24,Due Diligence,28250000,,,,50,,
O00765,A0189,RM015,F009,2025-06-28,Due Diligence,5000000,,,,50,,
O00766,A0026,RM011,F006,2025-10-13,Due Diligence,8500000,,,,50,C002,
O00767,A0331,RM013,F008,2025-06-08,Soft Circle,48000000,,,,75,,
O00768,A0039,RM001,F010,2025-12-24,Interested,55750000,,,,25,C010,
O00769,A0361,RM001,F006,2025-05-16,Prospect,32000000,,,,10,,
O00770,A0158,RM007,F004,2025-05-28,Prospect,12250000,,,,10,,
O00771,A0182,RM013,F010,2026-01-28,Prospect,1000000,,,,10,C008,
O00772,A0385,RM001,F010,2025-09-20,Interested,2750000,,,,25,C026,
O00773,A0294,RM012,F002,2025-07-01,Due Diligence,5000000,,,,50,C018,
O00774,A0111,RM006,F005,2025-05-20,Prospect,1750000,,,,10,C023,
O00775,A0121,RM010,F002,2025-05-23,Prospect,209000000,,,,10,,
O00776,A0058,RM007,F006,2025-07-11,Prospect,3750000,,,,10,C013,
O00777,A0253,RM004,F009,2026-02-05,Interested,18000000,,,,25,C015,
O00778,A0261,RM005,F010,2025-06-08,Soft Circle,1250000,,,,75,C018,
O00779,A0354,RM014,F003,2025-07-11,Due Diligence,16500000,,,,50,,
O00780,A0113,RM003,F009,2025-10-16,Interested,19000000,,,,25,,
O00781,A0027,RM006,F009,2025-05-07,Lost,50750000,,2025-07-28,82.0,0,,Competing Manager Selected
O00782,A0087,RM013,F002,2026-01-18,Prospect,179750000,,,,10,,
O00783,A0385,RM001,F002,2025-09-07,Committed,5000000,4500000.0,2025-11-20,74.0,100,,
O00784,A0396,RM016,F010,2026-01-25,Interested,8500000,,,,25,,
O00785,A0140,RM007,F004,2025-08-14,Due Diligence,4500000,,,,50,,
O00786,A0194,RM002,F009,2026-01-23,Prospect,24500000,,,,10,,
O00787,A0337,RM002,F005,2026-01-27,Prospect,73500000,,,,10,,
O00788,A0189,RM015,F008,2026-02-21,Lost,2500000,,2026-04-14,52.0,0,,Client Risk Appetite
O00789,A0383,RM010,F003,2025-12-25,Interested,20250000,,,,25,,
O00790,A0334,RM007,F001,2025-08-09,Lost,5000000,,2025-12-02,115.0,0,C005,Pricing/Fee Concerns
O00791,A0295,RM009,F002,2025-12-04,Prospect,32500000,,,,10,,
O00792,A0248,RM013,F003,2025-10-29,Due Diligence,10250000,,,,50,C025,
O00793,A0080,RM006,F010,2026-03-02,Interested,7000000,,,,25,,
O00794,A0071,RM003,F001,2025-05-16,Soft Circle,49500000,,,,75,,
O00795,A0345,RM016,F006,2025-10-14,Interested,15250000,,,,25,C001,
O00796,A0095,RM003,F009,2025-12-31,Prospect,50500000,,,,10,,
O00797,A0096,RM010,F004,2025-09-26,Prospect,47750000,,,,10,,
O00798,A0337,RM002,F004,2026-03-13,Interested,60000000,,,,25,C008,
O00799,A0018,RM007,F009,2026-02-19,Due Diligence,154000000,,,,50,C028,
O00800,A0286,RM008,F001,2026-01-13,Prospect,5000000,,,,10,,
O00801,A0243,RM013,F009,2026-03-31,Soft Circle,7500000,,,,75,,
O00802,A0015,RM005,F001,2025-05-17,Prospect,5000000,,,,10,C004,
O00803,A0070,RM004,F009,2026-03-26,Due Diligence,98750000,,,,50,C028,
O00804,A0119,RM007,F006,2025-09-25,Prospect,173000000,,,,10,,
O00805,A0090,RM014,F003,2025-06-26,Due Diligence,108000000,,,,50,,
O00806,A0066,RM002,F001,2026-04-10,Committed,153000000,145750000.0,2026-06-10,61.0,100,,
O00807,A0340,RM016,F010,2025-10-06,Lost,38750000,,2026-01-06,92.0,0,C003,Allocation Already Filled
O00808,A0368,RM008,F004,2026-01-27,Due Diligence,55250000,,,,50,C006,
O00809,A0068,RM004,F007,2026-02-27,Lost,93750000,,2026-08-05,159.0,0,C028,Pricing/Fee Concerns
O00810,A0227,RM015,F009,2025-08-13,Due Diligence,5000000,,,,50,C005,
O00811,A0171,RM016,F005,2025-06-04,Soft Circle,4250000,,,,75,C025,
O00812,A0149,RM014,F010,2026-01-30,Soft Circle,105000000,,,,75,C014,
O00813,A0381,RM004,F008,2025-05-13,Interested,2500000,,,,25,,
O00814,A0018,RM007,F010,2025-07-21,Prospect,214500000,,,,10,,
O00815,A0390,RM001,F010,2026-04-14,Interested,16250000,,,,25,,
O00816,A0126,RM013,F002,2026-02-07,Interested,9000000,,,,25,,
O00817,A0223,RM008,F004,2025-09-21,Soft Circle,2500000,,,,75,C014,
O00818,A0370,RM009,F002,2025-05-11,Prospect,5000000,,,,10,,
O00819,A0255,RM014,F004,2025-08-09,Interested,215750000,,,,25,C006,
O00820,A0304,RM016,F007,2025-09-04,Prospect,6000000,,,,10,,
O00821,A0038,RM012,F008,2025-10-09,Soft Circle,60500000,,,,75,,
O00822,A0223,RM008,F004,2025-12-06,Prospect,2500000,,,,10,C006,
O00823,A0123,RM004,F002,2025-05-01,Interested,6500000,,,,25,C015,
O00824,A0165,RM011,F005,2026-02-12,Prospect,74500000,,,,10,,
O00825,A0094,RM005,F003,2025-11-15,Prospect,10750000,,,,10,,
O00826,A0243,RM013,F002,2026-02-06,Prospect,5500000,,,,10,,
O00827,A0211,RM006,F007,2025-07-08,Soft Circle,94250000,,,,75,C009,
O00828,A0050,RM015,F001,2025-12-19,Interested,5000000,,,,25,C013,
O00829,A0290,RM015,F004,2025-10-24,Prospect,16250000,,,,10,,
O00830,A0113,RM003,F010,2025-06-01,Lost,10250000,,2025-09-29,120.0,0,,Allocation Already Filled
O00831,A0230,RM001,F005,2025-09-25,Lost,3250000,,2026-02-05,133.0,0,C008,Pricing/Fee Concerns
O00832,A0346,RM016,F008,2026-04-06,Interested,2500000,,,,25,,
O00833,A0157,RM016,F006,2025-12-12,Prospect,6500000,,,,10,,
O00834,A0253,RM004,F010,2025-05-10,Soft Circle,42250000,,,,75,C009,
O00835,A0344,RM001,F007,2025-10-04,Prospect,9250000,,,,10,,
O00836,A0246,RM002,F002,2026-04-08,Interested,21750000,,,,25,,
O00837,A0394,RM005,F003,2025-11-11,Interested,1000000,,,,25,C002,
O00838,A0032,RM001,F007,2025-11-26,Soft Circle,23250000,,,,75,C020,
O00839,A0144,RM007,F004,2025-06-26,Prospect,21750000,,,,10,C013,
O00840,A0280,RM004,F001,2025-08-11,Interested,95500000,,,,25,,
O00841,A0194,RM002,F010,2026-02-17,Due Diligence,15250000,,,,50,,
O00842,A0102,RM002,F006,2025-11-01,Lost,132750000,,2026-03-20,139.0,0,,Pricing/Fee Concerns
O00843,A0132,RM007,F005,2026-03-23,Due Diligence,71250000,,,,50,,
O00844,A0289,RM008,F007,2025-12-01,Soft Circle,16000000,,,,75,C013,
O00845,A0312,RM009,F008,2025-10-28,Lost,13750000,,2025-11-29,32.0,0,,Timing - Deferred
O00846,A0251,RM007,F003,2025-10-17,Interested,4500000,,,,25,,
O00847,A0354,RM014,F002,2025-09-22,Prospect,14500000,,,,10,,
O00848,A0205,RM014,F007,2025-10-03,Due Diligence,30000000,,,,50,,
O00849,A0327,RM004,F008,2025-08-18,Due Diligence,131750000,,,,50,,
O00850,A0041,RM008,F009,2025-10-05,Soft Circle,59750000,,,,75,,
O00851,A0395,RM002,F010,2026-01-12,Lost,12750000,,2026-07-28,197.0,0,,Client Risk Appetite
O00852,A0349,RM014,F005,2025-09-15,Lost,33000000,,2026-02-27,165.0,0,C025,Allocation Already Filled
O00853,A0356,RM002,F005,2025-09-07,Interested,2000000,,,,25,,
O00854,A0351,RM007,F008,2025-06-08,Due Diligence,10250000,,,,50,,
O00855,A0336,RM005,F010,2025-11-02,Soft Circle,6250000,,,,75,C027,
O00856,A0034,RM014,F001,2025-05-12,Prospect,104500000,,,,10,,
O00857,A0363,RM012,F002,2025-12-29,Lost,48750000,,2026-03-18,79.0,0,,Timing - Deferred
O00858,A0066,RM002,F001,2025-12-24,Committed,236500000,228000000.0,2026-06-20,178.0,100,,
O00859,A0346,RM016,F006,2025-12-19,Lost,2500000,,2026-03-31,102.0,0,,Allocation Already Filled
O00860,A0218,RM006,F004,2025-08-04,Interested,21750000,,,,25,C022,
O00861,A0113,RM003,F006,2025-11-03,Lost,16000000,,2026-01-27,85.0,0,C028,Timing - Deferred
O00862,A0124,RM007,F006,2025-11-23,Prospect,90000000,,,,10,C020,
O00863,A0107,RM004,F010,2026-02-27,Interested,77500000,,,,25,,
O00864,A0289,RM008,F003,2026-02-24,Soft Circle,15250000,,,,75,,
O00865,A0293,RM001,F009,2025-11-22,Interested,30000000,,,,25,,
O00866,A0169,RM010,F006,2025-11-02,Committed,2500000,2500000.0,2026-01-29,88.0,100,,
O00867,A0169,RM010,F007,2025-11-20,Due Diligence,5000000,,,,50,C002,
O00868,A0084,RM012,F003,2025-10-14,Interested,1000000,,,,25,,
O00869,A0157,RM016,F002,2026-02-01,Due Diligence,5250000,,,,50,C003,
O00870,A0262,RM009,F002,2025-07-07,Due Diligence,38000000,,,,50,C008,
O00871,A0247,RM013,F009,2025-06-03,Prospect,5000000,,,,10,C025,
O00872,A0051,RM010,F001,2026-01-06,Soft Circle,40500000,,,,75,C013,
O00873,A0291,RM003,F001,2025-12-02,Due Diligence,7250000,,,,50,C018,
O00874,A0397,RM013,F010,2025-12-29,Lost,36500000,,2026-02-17,50.0,0,C008,Client Risk Appetite
O00875,A0323,RM016,F010,2025-07-21,Soft Circle,76000000,,,,75,,
O00876,A0004,RM016,F006,2026-04-09,Interested,25750000,,,,25,,
O00877,A0327,RM004,F005,2025-07-27,Interested,102250000,,,,25,,
O00878,A0012,RM012,F005,2026-01-26,Prospect,2250000,,,,10,C026,
O00879,A0052,RM006,F007,2025-05-04,Due Diligence,13000000,,,,50,C011,
O00880,A0096,RM010,F007,2026-02-01,Prospect,74500000,,,,10,,
O00881,A0195,RM005,F010,2025-07-29,Soft Circle,27250000,,,,75,,
O00882,A0337,RM002,F009,2026-01-06,Prospect,57500000,,,,10,C015,
O00883,A0324,RM008,F001,2025-10-15,Prospect,23000000,,,,10,C010,
O00884,A0148,RM011,F004,2026-01-22,Lost,74500000,,2026-06-17,146.0,0,,Timing - Deferred
O00885,A0188,RM004,F004,2025-12-29,Interested,11000000,,,,25,C023,
O00886,A0066,RM002,F008,2025-12-21,Lost,48750000,,2026-05-31,161.0,0,,Liquidity Mismatch
O00887,A0380,RM003,F003,2025-11-30,Soft Circle,12000000,,,,75,,
O00888,A0108,RM008,F008,2025-06-14,Lost,5750000,,2025-09-16,94.0,0,,Liquidity Mismatch
O00889,A0079,RM015,F010,2025-08-03,Due Diligence,6000000,,,,50,,
O00890,A0396,RM016,F008,2025-05-15,Prospect,7000000,,,,10,C015,
O00891,A0083,RM012,F007,2026-01-07,Interested,5000000,,,,25,,
O00892,A0071,RM003,F006,2026-03-10,Prospect,47250000,,,,10,C021,
O00893,A0393,RM013,F008,2025-05-15,Prospect,15000000,,,,10,,
O00894,A0030,RM009,F009,2025-10-14,Prospect,27750000,,,,10,,
O00895,A0013,RM011,F010,2025-11-25,Committed,8250000,7000000.0,2026-04-26,152.0,100,,
O00896,A0180,RM008,F003,2025-12-20,Interested,1250000,,,,25,,
O00897,A0118,RM013,F004,2026-01-07,Prospect,6250000,,,,10,,
O00898,A0347,RM003,F009,2025-09-02,Committed,6250000,6500000.0,2026-01-24,144.0,100,,
O00899,A0293,RM001,F002,2025-05-11,Due Diligence,59000000,,,,50,,
O00900,A0212,RM007,F002,2025-05-27,Lost,5000000,,2025-07-14,48.0,0,,Allocation Already Filled
O00901,A0005,RM006,F008,2025-05-10,Lost,7000000,,2025-11-07,181.0,0,C027,Competing Manager Selected
O00902,A0105,RM004,F006,2025-11-14,Prospect,3000000,,,,10,,
O00903,A0354,RM014,F006,2026-03-24,Interested,27750000,,,,25,,
O00904,A0098,RM009,F002,2025-11-25,Lost,5250000,,2026-01-18,54.0,0,,Allocation Already Filled
O00905,A0011,RM014,F005,2025-10-11,Lost,19000000,,2026-03-01,141.0,0,C005,Liquidity Mismatch
O00906,A0091,RM009,F007,2026-01-26,Prospect,71250000,,,,10,,
O00907,A0301,RM012,F004,2026-03-19,Prospect,33750000,,,,10,,
O00908,A0343,RM004,F009,2025-11-17,Lost,250500000,,2025-12-21,34.0,0,,Liquidity Mismatch
O00909,A0114,RM016,F006,2026-02-01,Due Diligence,39750000,,,,50,C027,
O00910,A0092,RM009,F002,2025-08-13,Committed,5750000,6000000.0,2025-10-21,69.0,100,,
O00911,A0334,RM007,F008,2025-05-10,Soft Circle,2500000,,,,75,,
O00912,A0076,RM007,F003,2025-12-07,Interested,7000000,,,,25,C014,
O00913,A0144,RM007,F003,2026-01-26,Due Diligence,41500000,,,,50,,
O00914,A0150,RM006,F001,2025-08-04,Due Diligence,90000000,,,,50,,
O00915,A0157,RM016,F004,2026-01-28,Lost,23250000,,2026-04-10,72.0,0,,Liquidity Mismatch
O00916,A0030,RM009,F010,2026-01-02,Due Diligence,74750000,,,,50,,
O00917,A0336,RM005,F009,2025-12-08,Due Diligence,5500000,,,,50,,
O00918,A0085,RM002,F001,2025-10-11,Due Diligence,5000000,,,,50,,
O00919,A0146,RM016,F007,2026-02-18,Prospect,231000000,,,,10,,
O00920,A0252,RM008,F007,2026-01-27,Lost,17000000,,2026-03-08,40.0,0,C002,Liquidity Mismatch
O00921,A0319,RM014,F001,2025-05-06,Prospect,63250000,,,,10,,
O00922,A0231,RM003,F005,2025-07-12,Prospect,1250000,,,,10,,
O00923,A0144,RM007,F004,2025-08-25,Interested,62750000,,,,25,C016,
O00924,A0003,RM001,F006,2025-10-03,Interested,5250000,,,,25,C016,
O00925,A0196,RM009,F010,2025-08-13,Interested,20500000,,,,25,,
O00926,A0220,RM015,F002,2025-06-16,Soft Circle,9000000,,,,75,,
O00927,A0143,RM009,F009,2025-12-01,Interested,5000000,,,,25,,
O00928,A0249,RM001,F002,2025-09-15,Interested,5000000,,,,25,,
O00929,A0313,RM013,F009,2026-02-21,Interested,9500000,,,,25,C022,
O00930,A0014,RM013,F008,2025-06-05,Interested,2500000,,,,25,C026,
O00931,A0323,RM016,F009,2026-02-20,Soft Circle,27000000,,,,75,C010,
O00932,A0232,RM012,F009,2025-07-24,Due Diligence,5000000,,,,50,,
O00933,A0129,RM011,F004,2025-09-25,Due Diligence,75000000,,,,50,C018,
O00934,A0276,RM005,F001,2025-09-03,Committed,11000000,11250000.0,2026-01-29,148.0,100,C018,
O00935,A0280,RM004,F008,2025-08-30,Prospect,29750000,,,,10,,
O00936,A0301,RM012,F003,2025-05-25,Prospect,33500000,,,,10,,
O00937,A0163,RM014,F008,2026-01-07,Interested,317750000,,,,25,,
O00938,A0226,RM006,F008,2025-12-06,Due Diligence,7250000,,,,50,C016,
O00939,A0188,RM004,F003,2025-05-09,Soft Circle,6750000,,,,75,,
O00940,A0144,RM007,F001,2026-03-21,Due Diligence,52250000,,,,50,,
O00941,A0051,RM010,F009,2025-05-28,Interested,56250000,,,,25,,
O00942,A0366,RM014,F009,2026-01-30,Prospect,8500000,,,,10,,
O00943,A0050,RM015,F010,2025-12-19,Prospect,4500000,,,,10,,
O00944,A0257,RM004,F009,2025-06-21,Due Diligence,13500000,,,,50,C024,
O00945,A0158,RM007,F005,2025-12-12,Due Diligence,12500000,,,,50,C012,
O00946,A0327,RM004,F004,2025-07-10,Soft Circle,67750000,,,,75,,
O00947,A0187,RM009,F009,2025-12-16,Interested,249500000,,,,25,,
O00948,A0072,RM009,F004,2026-04-02,Prospect,306500000,,,,10,,
O00949,A0059,RM002,F003,2026-04-12,Due Diligence,14750000,,,,50,C014,
O00950,A0154,RM002,F007,2026-02-22,Due Diligence,5000000,,,,50,,
O00951,A0210,RM012,F001,2026-02-19,Due Diligence,51750000,,,,50,,
O00952,A0249,RM001,F005,2025-07-03,Prospect,11000000,,,,10,,
O00953,A0338,RM007,F010,2026-03-23,Due Diligence,38000000,,,,50,C024,
O00954,A0149,RM014,F003,2025-07-08,Due Diligence,72000000,,,,50,,
O00955,A0310,RM010,F005,2025-05-12,Prospect,6250000,,,,10,C018,
O00956,A0089,RM012,F002,2025-08-13,Interested,9000000,,,,25,C022,
O00957,A0350,RM007,F006,2026-02-02,Prospect,7500000,,,,10,,
O00958,A0038,RM012,F005,2025-05-24,Lost,50250000,,2025-10-12,141.0,0,C018,Timing - Deferred
O00959,A0319,RM014,F007,2025-12-21,Interested,284000000,,,,25,,
O00960,A0106,RM001,F007,2025-07-26,Lost,5000000,,2025-12-13,140.0,0,C020,Pricing/Fee Concerns
O00961,A0260,RM001,F006,2026-03-25,Due Diligence,220250000,,,,50,C013,
O00962,A0213,RM016,F004,2026-03-07,Interested,61000000,,,,25,,
O00963,A0227,RM015,F008,2026-02-03,Due Diligence,5500000,,,,50,,
O00964,A0392,RM009,F002,2026-01-29,Prospect,5000000,,,,10,C015,
O00965,A0236,RM006,F002,2026-02-05,Prospect,222250000,,,,10,,
O00966,A0085,RM002,F008,2026-03-15,Prospect,2500000,,,,10,,
O00967,A0163,RM014,F005,2025-09-24,Lost,111000000,,2025-12-11,78.0,0,,Liquidity Mismatch
O00968,A0038,RM012,F004,2025-07-29,Prospect,39000000,,,,10,,
O00969,A0133,RM014,F009,2026-02-19,Prospect,47250000,,,,10,,
O00970,A0116,RM005,F010,2026-02-03,Prospect,5750000,,,,10,,
O00971,A0255,RM014,F002,2025-05-08,Due Diligence,244750000,,,,50,,
O00972,A0364,RM003,F008,2025-10-26,Committed,10250000,10750000.0,2026-05-09,195.0,100,,
O00973,A0112,RM013,F006,2025-07-30,Interested,27000000,,,,25,,
O00974,A0338,RM007,F006,2026-02-28,Due Diligence,40500000,,,,50,,
O00975,A0349,RM014,F010,2025-08-18,Interested,33500000,,,,25,C013,
O00976,A0250,RM010,F009,2026-02-27,Interested,15500000,,,,25,,
O00977,A0278,RM011,F001,2025-06-08,Prospect,9000000,,,,10,,
O00978,A0317,RM011,F008,2025-08-18,Prospect,13250000,,,,10,,
O00979,A0148,RM011,F005,2026-03-07,Interested,42500000,,,,25,,
O00980,A0395,RM002,F008,2025-06-28,Interested,9000000,,,,25,,
O00981,A0151,RM003,F007,2026-04-09,Due Diligence,5000000,,,,50,,
O00982,A0033,RM009,F005,2025-06-10,Prospect,11250000,,,,10,C025,
O00983,A0292,RM016,F005,2025-06-02,Lost,24750000,,2025-08-19,78.0,0,,Pricing/Fee Concerns
O00984,A0132,RM007,F007,2025-08-29,Due Diligence,66000000,,,,50,,
O00985,A0011,RM014,F010,2025-05-04,Interested,57250000,,,,25,C003,
O00986,A0069,RM016,F006,2025-06-18,Prospect,153000000,,,,10,C022,
O00987,A0147,RM016,F008,2026-01-17,Lost,9250000,,2026-05-31,134.0,0,C001,Client Risk Appetite
O00988,A0083,RM012,F009,2025-07-24,Lost,5000000,,2026-02-04,195.0,0,C001,Pricing/Fee Concerns
O00989,A0053,RM008,F005,2025-09-02,Soft Circle,14250000,,,,75,,
O00990,A0063,RM016,F001,2025-10-09,Committed,9750000,8500000.0,2026-06-03,237.0,100,C018,
O00991,A0247,RM013,F007,2026-01-14,Interested,5000000,,,,25,C004,
O00992,A0050,RM015,F002,2025-09-14,Interested,5000000,,,,25,,
O00993,A0311,RM004,F005,2025-11-29,Interested,26250000,,,,25,,
O00994,A0336,RM005,F009,2025-10-03,Committed,11250000,11750000.0,2025-12-12,70.0,100,C001,
O00995,A0288,RM015,F008,2025-11-02,Committed,2500000,2750000.0,2026-06-15,225.0,100,,
O00996,A0096,RM010,F003,2025-08-23,Prospect,56250000,,,,10,C004,
O00997,A0226,RM006,F009,2025-05-12,Due Diligence,5000000,,,,50,,
O00998,A0024,RM008,F008,2026-04-10,Lost,9500000,,2026-08-19,131.0,0,,Allocation Already Filled
O00999,A0376,RM012,F009,2025-09-08,Interested,175250000,,,,25,,
O01000,A0004,RM016,F010,2025-06-06,Prospect,8750000,,,,10,C021,
O01001,A0087,RM013,F004,2025-07-16,Committed,89750000,79000000.0,2026-03-03,230.0,100,,
O01002,A0033,RM009,F003,2026-01-08,Due Diligence,23250000,,,,50,,
O01003,A0399,RM006,F010,2025-06-10,Due Diligence,4750000,,,,50,,
O01004,A0016,RM002,F007,2025-10-22,Soft Circle,116500000,,,,75,,
O01005,A0001,RM006,F006,2025-11-14,Prospect,43500000,,,,10,,
O01006,A0039,RM001,F008,2026-02-22,Committed,64250000,65750000.0,2026-06-27,125.0,100,C024,
O01007,A0352,RM002,F001,2026-01-11,Lost,19500000,,2026-02-13,33.0,0,C006,Pricing/Fee Concerns
O01008,A0159,RM014,F004,2025-05-19,Prospect,2500000,,,,10,C024,
O01009,A0376,RM012,F009,2026-01-28,Prospect,165000000,,,,10,,
O01010,A0383,RM010,F006,2025-11-16,Lost,42000000,,2026-03-03,107.0,0,,Liquidity Mismatch
O01011,A0289,RM008,F008,2025-11-08,Lost,30000000,,2026-01-26,79.0,0,C005,Liquidity Mismatch
O01012,A0066,RM002,F007,2025-06-08,Interested,249500000,,,,25,,
O01013,A0388,RM012,F001,2025-08-12,Prospect,5000000,,,,10,,
O01014,A0173,RM016,F004,2025-12-22,Prospect,3500000,,,,10,,
O01015,A0184,RM015,F010,2026-02-13,Prospect,3250000,,,,10,,
O01016,A0252,RM008,F010,2025-05-18,Soft Circle,8000000,,,,75,,
O01017,A0285,RM011,F004,2026-01-29,Prospect,10750000,,,,10,C008,
O01018,A0385,RM001,F010,2025-12-12,Prospect,2750000,,,,10,,
O01019,A0388,RM012,F001,2025-10-24,Due Diligence,5000000,,,,50,,
O01020,A0163,RM014,F007,2026-04-11,Interested,266750000,,,,25,,
O01021,A0055,RM006,F005,2026-03-16,Lost,1000000,,2026-09-13,181.0,0,,Pricing/Fee Concerns
O01022,A0364,RM003,F002,2025-09-20,Due Diligence,5000000,,,,50,C021,
O01023,A0046,RM009,F002,2025-08-02,Interested,5000000,,,,25,,
O01024,A0216,RM008,F001,2026-02-28,Committed,8500000,9000000.0,2026-08-16,169.0,100,C016,
O01025,A0065,RM005,F003,2025-06-27,Lost,24500000,,2025-10-04,99.0,0,C008,Timing - Deferred
O01026,A0142,RM013,F004,2025-09-26,Interested,2500000,,,,25,,
O01027,A0208,RM014,F006,2025-10-17,Due Diligence,68250000,,,,50,,
O01028,A0280,RM004,F007,2025-06-06,Interested,99000000,,,,25,,
O01029,A0390,RM001,F002,2025-09-16,Interested,68500000,,,,25,,
O01030,A0366,RM014,F010,2025-08-12,Interested,9000000,,,,25,C017,
O01031,A0205,RM014,F009,2025-06-01,Interested,43500000,,,,25,,
O01032,A0124,RM007,F001,2025-06-09,Due Diligence,75750000,,,,50,,
O01033,A0211,RM006,F007,2025-09-06,Due Diligence,81500000,,,,50,,
O01034,A0146,RM016,F001,2026-04-13,Lost,174250000,,2026-07-13,91.0,0,,Allocation Already Filled
O01035,A0182,RM013,F004,2025-12-11,Lost,2500000,,2026-01-10,30.0,0,,Timing - Deferred
O01036,A0364,RM003,F006,2025-08-26,Lost,8750000,,2026-02-28,186.0,0,,Allocation Already Filled
O01037,A0202,RM002,F008,2025-11-14,Interested,10250000,,,,25,,
O01038,A0016,RM002,F004,2026-04-01,Lost,146000000,,2026-05-31,60.0,0,C025,Timing - Deferred
O01039,A0271,RM014,F007,2026-03-08,Interested,5000000,,,,25,,
O01040,A0112,RM013,F006,2025-11-27,Interested,55250000,,,,25,,
O01041,A0084,RM012,F001,2025-12-16,Interested,5000000,,,,25,,
O01042,A0304,RM016,F010,2025-11-02,Prospect,6750000,,,,10,C006,
O01043,A0065,RM005,F004,2025-10-14,Prospect,53250000,,,,10,C024,
O01044,A0240,RM005,F004,2025-10-05,Lost,15000000,,2026-04-12,189.0,0,,Timing - Deferred
O01045,A0325,RM006,F004,2025-05-21,Due Diligence,28500000,,,,50,,
O01046,A0120,RM009,F003,2025-07-23,Prospect,3250000,,,,10,,
O01047,A0187,RM009,F002,2026-02-13,Committed,49750000,52000000.0,2026-09-17,216.0,100,C001,
O01048,A0226,RM006,F001,2026-01-22,Interested,5000000,,,,25,,
O01049,A0254,RM002,F009,2025-10-31,Due Diligence,11500000,,,,50,C004,
O01050,A0388,RM012,F002,2025-12-28,Lost,5000000,,2026-04-05,98.0,0,C006,Competing Manager Selected
O01051,A0354,RM014,F008,2025-09-10,Lost,51500000,,2025-11-05,56.0,0,,Liquidity Mismatch
O01052,A0081,RM001,F001,2025-09-04,Interested,5500000,,,,25,,
O01053,A0214,RM015,F006,2025-11-23,Interested,60500000,,,,25,,
O01054,A0062,RM016,F008,2025-12-15,Prospect,45500000,,,,10,,
O01055,A0023,RM001,F006,2026-03-18,Prospect,23500000,,,,10,,
O01056,A0146,RM016,F007,2026-01-16,Prospect,166250000,,,,10,,
O01057,A0126,RM013,F001,2025-08-18,Prospect,5750000,,,,10,C010,
O01058,A0223,RM008,F010,2026-02-08,Prospect,1000000,,,,10,C022,
O01059,A0254,RM002,F007,2025-12-26,Due Diligence,7250000,,,,50,C028,
O01060,A0152,RM015,F005,2026-01-07,Prospect,1750000,,,,10,,
O01061,A0346,RM016,F003,2025-11-03,Prospect,2000000,,,,10,,
O01062,A0336,RM005,F008,2026-02-26,Committed,4000000,3500000.0,2026-06-13,107.0,100,,
O01063,A0287,RM006,F007,2025-06-26,Due Diligence,47500000,,,,50,,
O01064,A0139,RM008,F005,2025-08-24,Interested,44250000,,,,25,,
O01065,A0096,RM010,F007,2025-11-08,Lost,76750000,,2026-01-05,58.0,0,,Timing - Deferred
O01066,A0045,RM016,F009,2026-01-25,Lost,5500000,,2026-04-17,82.0,0,,Pricing/Fee Concerns
O01067,A0099,RM001,F005,2025-11-22,Due Diligence,26000000,,,,50,C004,
O01068,A0383,RM010,F010,2025-10-31,Interested,10250000,,,,25,,
O01069,A0165,RM011,F009,2025-06-08,Due Diligence,66000000,,,,50,,
O01070,A0164,RM001,F001,2026-03-11,Soft Circle,161500000,,,,75,,
O01071,A0187,RM009,F004,2026-01-19,Prospect,123750000,,,,10,C004,
O01072,A0256,RM015,F006,2025-08-19,Due Diligence,9750000,,,,50,C012,
O01073,A0366,RM014,F005,2025-10-18,Due Diligence,9750000,,,,50,C019,
O01074,A0044,RM005,F003,2025-09-09,Due Diligence,5750000,,,,50,,
O01075,A0326,RM014,F007,2025-08-09,Prospect,5000000,,,,10,,
O01076,A0177,RM014,F008,2025-12-20,Interested,2500000,,,,25,C004,
O01077,A0109,RM008,F008,2026-01-02,Interested,2500000,,,,25,,
O01078,A0213,RM016,F004,2025-09-19,Prospect,119000000,,,,10,,
O01079,A0212,RM007,F004,2025-05-19,Committed,9000000,8500000.0,2025-09-30,134.0,100,,
O01080,A0052,RM006,F008,2025-05-26,Soft Circle,14000000,,,,75,C004,
O01081,A0038,RM012,F005,2026-02-03,Interested,53000000,,,,25,,
O01082,A0248,RM013,F006,2026-03-29,Prospect,7250000,,,,10,,
O01083,A0293,RM001,F008,2025-05-20,Interested,33250000,,,,25,,
O01084,A0242,RM015,F008,2025-06-15,Soft Circle,8000000,,,,75,C004,
O01085,A0140,RM007,F007,2025-09-30,Due Diligence,5000000,,,,50,,
O01086,A0217,RM006,F005,2025-09-15,Interested,4250000,,,,25,C025,
O01087,A0361,RM001,F001,2025-06-27,Interested,9250000,,,,25,C025,
O01088,A0367,RM002,F007,2026-03-26,Prospect,58500000,,,,10,,
O01089,A0092,RM009,F007,2026-01-17,Interested,6500000,,,,25,C011,
O01090,A0037,RM013,F005,2025-05-27,Due Diligence,13250000,,,,50,,
O01091,A0258,RM009,F009,2025-12-14,Lost,7750000,,2026-05-16,153.0,0,C014,Liquidity Mismatch
O01092,A0068,RM004,F009,2025-10-12,Interested,111750000,,,,25,,
O01093,A0319,RM014,F009,2025-07-15,Committed,165500000,173250000.0,2025-12-14,152.0,100,,
O01094,A0112,RM013,F001,2025-10-26,Interested,22500000,,,,25,,
O01095,A0059,RM002,F006,2026-02-05,Prospect,13750000,,,,10,,
O01096,A0324,RM008,F001,2025-12-03,Lost,35500000,,2026-05-23,171.0,0,C023,Liquidity Mismatch
O01097,A0081,RM001,F009,2026-03-16,Due Diligence,8750000,,,,50,,
O01098,A0004,RM016,F004,2025-12-07,Lost,22000000,,2026-05-12,156.0,0,,Pricing/Fee Concerns
O01099,A0327,RM004,F004,2026-04-03,Soft Circle,132250000,,,,75,C005,
O01100,A0037,RM013,F007,2026-04-04,Prospect,9750000,,,,10,C024,
O01101,A0165,RM011,F004,2025-08-27,Due Diligence,27750000,,,,50,,
O01102,A0157,RM016,F003,2025-05-05,Committed,22250000,22500000.0,2025-12-16,225.0,100,C024,
O01103,A0056,RM011,F005,2026-04-04,Prospect,42250000,,,,10,C012,
O01104,A0014,RM013,F010,2025-11-29,Interested,1000000,,,,25,,
O01105,A0033,RM009,F005,2025-07-27,Interested,4250000,,,,25,C007,
O01106,A0169,RM010,F007,2026-03-06,Due Diligence,5000000,,,,50,,
O01107,A0382,RM010,F002,2026-02-21,Lost,22000000,,2026-07-09,138.0,0,,Pricing/Fee Concerns
O01108,A0289,RM008,F009,2025-06-11,Interested,28000000,,,,25,C016,
O01109,A0284,RM016,F008,2026-01-26,Due Diligence,2500000,,,,50,,
O01110,A0265,RM001,F010,2026-04-06,Due Diligence,1000000,,,,50,,
O01111,A0305,RM007,F009,2025-12-17,Prospect,5000000,,,,10,,
O01112,A0208,RM014,F009,2026-02-26,Committed,77000000,67500000.0,2026-07-12,136.0,100,C013,
O01113,A0395,RM002,F008,2025-12-27,Prospect,7250000,,,,10,C003,
O01114,A0239,RM003,F006,2025-12-14,Interested,113000000,,,,25,,
O01115,A0249,RM001,F008,2025-05-08,Interested,2500000,,,,25,,
O01116,A0009,RM010,F002,2025-05-21,Lost,68750000,,2025-07-14,54.0,0,,Competing Manager Selected
O01117,A0300,RM008,F003,2025-09-06,Interested,1000000,,,,25,,
O01118,A0141,RM003,F002,2025-09-26,Lost,5000000,,2025-12-24,89.0,0,,Competing Manager Selected
O01119,A0307,RM014,F003,2025-07-22,Prospect,5750000,,,,10,,
O01120,A0338,RM007,F005,2025-06-19,Lost,51000000,,2025-07-17,28.0,0,,Allocation Already Filled
O01121,A0009,RM010,F002,2025-09-21,Due Diligence,63750000,,,,50,,
O01122,A0152,RM015,F002,2025-12-19,Prospect,5000000,,,,10,,
O01123,A0360,RM013,F002,2026-04-05,Due Diligence,34500000,,,,50,,
O01124,A0050,RM015,F002,2025-10-14,Soft Circle,5000000,,,,75,,
O01125,A0296,RM001,F009,2026-04-08,Lost,9250000,,2026-04-28,20.0,0,C023,Liquidity Mismatch
O01126,A0128,RM002,F008,2025-06-28,Lost,2500000,,2025-10-09,103.0,0,,Client Risk Appetite
O01127,A0201,RM008,F004,2025-07-17,Interested,203000000,,,,25,,
O01128,A0360,RM013,F005,2026-01-14,Prospect,82750000,,,,10,,
O01129,A0250,RM010,F005,2025-08-10,Due Diligence,11250000,,,,50,C015,
O01130,A0171,RM016,F008,2026-02-04,Interested,9250000,,,,25,,
O01131,A0277,RM006,F004,2025-08-20,Prospect,9750000,,,,10,,
O01132,A0088,RM014,F008,2025-05-12,Due Diligence,2500000,,,,50,C013,
O01133,A0006,RM012,F005,2025-11-06,Interested,64750000,,,,25,C004,
O01134,A0244,RM007,F007,2025-09-05,Soft Circle,5000000,,,,75,,
O01135,A0343,RM004,F007,2025-11-23,Interested,227750000,,,,25,C027,
O01136,A0278,RM011,F001,2025-07-21,Prospect,6500000,,,,10,,
O01137,A0204,RM004,F001,2026-01-29,Interested,5250000,,,,25,,
O01138,A0056,RM011,F007,2025-08-11,Interested,46750000,,,,25,C017,
O01139,A0033,RM009,F004,2026-03-22,Interested,15750000,,,,25,C009,
O01140,A0112,RM013,F005,2025-10-29,Due Diligence,34000000,,,,50,,
O01141,A0385,RM001,F008,2026-02-06,Prospect,2500000,,,,10,,
O01142,A0183,RM014,F008,2025-07-27,Prospect,38500000,,,,10,,
O01143,A0319,RM014,F005,2026-01-28,Interested,132000000,,,,25,C009,
O01144,A0006,RM012,F005,2026-03-21,Prospect,20500000,,,,10,,
O01145,A0187,RM009,F003,2025-10-08,Committed,149000000,160250000.0,2026-02-07,122.0,100,,
O01146,A0097,RM009,F004,2026-03-15,Interested,2500000,,,,25,,
O01147,A0381,RM004,F003,2025-05-30,Prospect,1000000,,,,10,,
O01148,A0077,RM005,F005,2025-06-22,Soft Circle,12000000,,,,75,,
O01149,A0020,RM014,F008,2025-08-14,Soft Circle,9250000,,,,75,,
O01150,A0063,RM016,F004,2026-01-03,Due Diligence,18000000,,,,50,C003,
O01151,A0025,RM011,F010,2026-03-18,Prospect,1000000,,,,10,,
O01152,A0125,RM013,F005,2026-02-14,Prospect,2250000,,,,10,,
O01153,A0399,RM006,F009,2025-08-29,Due Diligence,5500000,,,,50,C020,
O01154,A0370,RM009,F001,2025-11-14,Due Diligence,5000000,,,,50,,
O01155,A0224,RM009,F007,2025-05-21,Prospect,5000000,,,,10,,
O01156,A0330,RM007,F009,2025-12-22,Due Diligence,27750000,,,,50,,
O01157,A0158,RM007,F009,2026-02-24,Due Diligence,10000000,,,,50,,
O01158,A0355,RM010,F004,2025-12-28,Prospect,2750000,,,,10,,
O01159,A0082,RM003,F002,2025-10-24,Due Diligence,5000000,,,,50,,
O01160,A0160,RM002,F006,2026-01-02,Lost,8500000,,2026-05-31,149.0,0,,Liquidity Mismatch
O01161,A0047,RM011,F009,2025-05-07,Due Diligence,5000000,,,,50,,
O01162,A0373,RM005,F005,2025-08-14,Due Diligence,10250000,,,,50,,
O01163,A0133,RM014,F007,2025-07-13,Prospect,52750000,,,,10,,
O01164,A0097,RM009,F007,2025-11-29,Prospect,5000000,,,,10,,
O01165,A0087,RM013,F008,2025-11-07,Lost,58250000,,2026-05-22,196.0,0,C008,Timing - Deferred
O01166,A0188,RM004,F006,2025-07-08,Due Diligence,8000000,,,,50,,
O01167,A0199,RM014,F007,2025-05-31,Interested,113500000,,,,25,,
O01168,A0266,RM010,F008,2025-08-16,Prospect,9250000,,,,10,C014,
O01169,A0322,RM006,F007,2025-11-19,Prospect,5000000,,,,10,,
O01170,A0280,RM004,F010,2025-12-06,Interested,37000000,,,,25,,
O01171,A0195,RM005,F007,2025-12-02,Committed,68250000,72750000.0,2026-03-30,118.0,100,,
O01172,A0211,RM006,F001,2026-03-12,Lost,58500000,,2026-07-28,138.0,0,C006,Allocation Already Filled
O01173,A0390,RM001,F004,2025-09-30,Committed,68250000,65500000.0,2026-01-13,105.0,100,,
O01174,A0176,RM003,F004,2025-12-11,Due Diligence,66250000,,,,50,,
O01175,A0127,RM014,F006,2026-02-04,Due Diligence,5250000,,,,50,,
O01176,A0255,RM014,F003,2025-12-25,Lost,249000000,,2026-02-24,61.0,0,C028,Client Risk Appetite
O01177,A0266,RM010,F005,2025-12-09,Lost,7250000,,2026-05-12,154.0,0,,Client Risk Appetite
O01178,A0374,RM009,F001,2025-08-23,Due Diligence,44500000,,,,50,,
O01179,A0139,RM008,F001,2025-12-20,Soft Circle,33500000,,,,75,,
O01180,A0201,RM008,F002,2025-09-03,Interested,291750000,,,,25,,
O01181,A0246,RM002,F005,2025-06-13,Committed,15500000,13500000.0,2026-01-20,221.0,100,C014,
O01182,A0282,RM005,F004,2025-11-29,Prospect,3000000,,,,10,,
O01183,A0016,RM002,F002,2025-09-08,Interested,143000000,,,,25,C005,
O01184,A0358,RM012,F001,2025-05-23,Committed,11000000,10250000.0,2025-10-07,137.0,100,C013,
O01185,A0069,RM016,F005,2025-10-09,Prospect,138500000,,,,10,,
O01186,A0089,RM012,F004,2025-08-16,Lost,12250000,,2026-01-27,164.0,0,,Liquidity Mismatch
O01187,A0276,RM005,F010,2025-06-21,Prospect,5750000,,,,10,,
O01188,A0077,RM005,F002,2026-03-29,Soft Circle,14250000,,,,75,,
O01189,A0052,RM006,F010,2025-07-06,Due Diligence,18500000,,,,50,C024,
O01190,A0379,RM010,F005,2025-06-08,Interested,1000000,,,,25,,
O01191,A0255,RM014,F001,2025-10-02,Prospect,187750000,,,,10,C010,
O01192,A0378,RM003,F001,2025-06-03,Soft Circle,5000000,,,,75,,
O01193,A0025,RM011,F002,2025-06-28,Lost,5000000,,2025-11-25,150.0,0,C026,Timing - Deferred
O01194,A0014,RM013,F001,2025-07-30,Interested,5000000,,,,25,,
O01195,A0112,RM013,F005,2025-05-17,Due Diligence,15000000,,,,50,C027,
O01196,A0015,RM005,F005,2025-07-21,Prospect,3500000,,,,10,C016,
O01197,A0173,RM016,F003,2025-05-13,Lost,9500000,,2025-06-10,28.0,0,,Allocation Already Filled
O01198,A0384,RM006,F009,2026-01-30,Due Diligence,7250000,,,,50,C013,
O01199,A0142,RM013,F004,2025-11-02,Prospect,2500000,,,,10,C020,
O01200,A0292,RM016,F002,2025-06-04,Prospect,75500000,,,,10,,
O01201,A0255,RM014,F008,2026-01-01,Prospect,206250000,,,,10,C021,
O01202,A0013,RM011,F003,2025-08-23,Soft Circle,5500000,,,,75,,
O01203,A0092,RM009,F001,2025-11-09,Lost,5500000,,2026-05-17,189.0,0,,Allocation Already Filled
O01204,A0249,RM001,F006,2025-10-15,Interested,6250000,,,,25,,
O01205,A0036,RM008,F001,2025-07-17,Committed,8000000,7750000.0,2025-10-08,83.0,100,C001,
O01206,A0181,RM003,F010,2025-10-26,Interested,2750000,,,,25,,
O01207,A0268,RM007,F001,2025-12-18,Prospect,5000000,,,,10,C003,
O01208,A0134,RM006,F006,2025-12-23,Interested,2500000,,,,25,,
O01209,A0124,RM007,F007,2025-07-24,Interested,95500000,,,,25,,
O01210,A0288,RM015,F009,2025-09-12,Due Diligence,5000000,,,,50,,
O01211,A0165,RM011,F004,2025-06-14,Prospect,54750000,,,,10,,
O01212,A0209,RM010,F003,2025-11-04,Interested,17500000,,,,25,,
O01213,A0078,RM016,F010,2025-10-04,Prospect,79000000,,,,10,C007,
O01214,A0313,RM013,F002,2026-01-30,Lost,9000000,,2026-08-11,193.0,0,,Competing Manager Selected
O01215,A0236,RM006,F003,2025-11-04,Lost,56250000,,2026-03-20,136.0,0,,Timing - Deferred
O01216,A0389,RM004,F008,2025-07-14,Due Diligence,2500000,,,,50,C003,
O01217,A0301,RM012,F009,2026-01-27,Prospect,52250000,,,,10,,
O01218,A0236,RM006,F001,2025-06-30,Due Diligence,145500000,,,,50,,
O01219,A0242,RM015,F007,2026-01-12,Interested,5000000,,,,25,,
O01220,A0132,RM007,F005,2025-12-13,Committed,53250000,48250000.0,2026-04-20,128.0,100,C017,
O01221,A0176,RM003,F002,2025-10-04,Prospect,30250000,,,,10,,
O01222,A0267,RM007,F005,2025-05-23,Interested,4000000,,,,25,,
O01223,A0202,RM002,F005,2025-11-16,Prospect,10750000,,,,10,,
O01224,A0382,RM010,F003,2026-04-03,Soft Circle,18000000,,,,75,,
O01225,A0216,RM008,F009,2025-12-20,Prospect,5000000,,,,10,,
O01226,A0006,RM012,F002,2026-01-28,Committed,70750000,62500000.0,2026-07-09,162.0,100,,
O01227,A0049,RM011,F009,2025-06-09,Prospect,5000000,,,,10,C017,
O01228,A0018,RM007,F008,2025-07-10,Soft Circle,232500000,,,,75,,
O01229,A0360,RM013,F007,2025-10-18,Interested,28750000,,,,25,,
O01230,A0125,RM013,F006,2026-02-07,Due Diligence,3500000,,,,50,,
O01231,A0333,RM006,F006,2025-05-13,Prospect,2500000,,,,10,,
O01232,A0176,RM003,F006,2025-11-12,Prospect,34500000,,,,10,C010,
O01233,A0366,RM014,F009,2025-07-14,Soft Circle,7500000,,,,75,,
O01234,A0192,RM004,F009,2026-04-01,Prospect,226750000,,,,10,,
O01235,A0343,RM004,F002,2025-10-30,Interested,147750000,,,,25,,
O01236,A0266,RM010,F007,2025-06-21,Interested,6500000,,,,25,,
O01237,A0105,RM004,F006,2025-06-15,Prospect,4250000,,,,10,,
O01238,A0226,RM006,F010,2026-01-19,Due Diligence,2000000,,,,50,C028,
O01239,A0106,RM001,F008,2025-07-09,Soft Circle,6750000,,,,75,,
O01240,A0078,RM016,F003,2025-07-16,Prospect,78500000,,,,10,C009,
O01241,A0126,RM013,F005,2025-08-08,Prospect,7250000,,,,10,,
O01242,A0118,RM013,F010,2025-10-16,Interested,9500000,,,,25,,
O01243,A0196,RM009,F005,2025-08-17,Lost,28750000,,2025-09-06,20.0,0,C002,Competing Manager Selected
O01244,A0252,RM008,F004,2025-08-19,Due Diligence,11750000,,,,50,,
O01245,A0386,RM003,F002,2026-01-21,Lost,39750000,,2026-07-26,186.0,0,,Timing - Deferred
O01246,A0186,RM006,F007,2025-12-15,Soft Circle,19750000,,,,75,,
O01247,A0302,RM001,F010,2025-05-23,Interested,152750000,,,,25,,
O01248,A0195,RM005,F005,2025-08-06,Prospect,64500000,,,,10,,
O01249,A0171,RM016,F010,2025-12-28,Lost,7750000,,2026-03-12,74.0,0,,Competing Manager Selected
O01250,A0163,RM014,F006,2025-11-19,Due Diligence,68750000,,,,50,,
O01251,A0349,RM014,F008,2025-06-07,Due Diligence,20750000,,,,50,,
O01252,A0057,RM015,F005,2025-08-02,Committed,12750000,11500000.0,2026-02-22,204.0,100,,
O01253,A0115,RM012,F003,2026-01-21,Due Diligence,150750000,,,,50,,
O01254,A0287,RM006,F001,2025-12-18,Prospect,15000000,,,,10,,
O01255,A0118,RM013,F003,2025-11-08,Interested,11500000,,,,25,,
O01256,A0001,RM006,F009,2025-06-14,Due Diligence,50000000,,,,50,,
O01257,A0086,RM003,F007,2025-10-19,Committed,17250000,18250000.0,2026-03-10,142.0,100,C028,
O01258,A0012,RM012,F002,2025-07-22,Prospect,6500000,,,,10,C026,
O01259,A0116,RM005,F005,2025-07-24,Lost,21250000,,2025-11-14,113.0,0,,Client Risk Appetite
O01260,A0129,RM011,F005,2025-05-12,Soft Circle,59000000,,,,75,,
O01261,A0381,RM004,F006,2025-06-30,Committed,2500000,2500000.0,2025-09-27,89.0,100,,
O01262,A0321,RM014,F007,2025-11-21,Lost,5000000,,2025-12-11,20.0,0,C020,Client Risk Appetite
O01263,A0048,RM007,F001,2025-11-04,Soft Circle,157000000,,,,75,C026,
O01264,A0048,RM007,F009,2025-06-13,Soft Circle,91250000,,,,75,,
O01265,A0400,RM006,F008,2026-02-15,Interested,193750000,,,,25,C019,
O01266,A0266,RM010,F005,2025-10-25,Prospect,8000000,,,,10,,
O01267,A0247,RM013,F008,2025-05-31,Interested,5750000,,,,25,,
O01268,A0231,RM003,F009,2025-07-04,Prospect,5000000,,,,10,C001,
O01269,A0058,RM007,F008,2026-02-02,Lost,10500000,,2026-04-18,75.0,0,C024,Pricing/Fee Concerns
O01270,A0104,RM011,F002,2025-12-01,Due Diligence,17000000,,,,50,,
O01271,A0170,RM012,F004,2025-09-07,Prospect,34750000,,,,10,,
O01272,A0176,RM003,F008,2026-01-09,Committed,76750000,80500000.0,2026-08-17,220.0,100,,
O01273,A0388,RM012,F003,2026-03-24,Soft Circle,1250000,,,,75,C016,
O01274,A0017,RM002,F009,2025-10-05,Lost,5500000,,2026-02-27,145.0,0,C011,Pricing/Fee Concerns
O01275,A0006,RM012,F003,2026-03-23,Committed,81250000,78000000.0,2026-08-06,136.0,100,,
O01276,A0364,RM003,F001,2026-01-26,Interested,13750000,,,,25,C011,
O01277,A0350,RM007,F005,2025-06-29,Due Diligence,5250000,,,,50,,
O01278,A0115,RM012,F008,2026-04-14,Interested,84250000,,,,25,,
O01279,A0127,RM014,F006,2025-10-02,Committed,3000000,2750000.0,2026-04-22,202.0,100,C006,
O01280,A0233,RM004,F010,2025-05-23,Due Diligence,14250000,,,,50,,
O01281,A0078,RM016,F005,2025-07-07,Prospect,68500000,,,,10,C010,
O01282,A0349,RM014,F006,2025-08-09,Lost,32750000,,2026-01-05,149.0,0,C002,Timing - Deferred
O01283,A0107,RM004,F002,2025-11-10,Prospect,34750000,,,,10,C009,
O01284,A0023,RM001,F002,2025-05-01,Lost,20000000,,2025-11-13,196.0,0,C025,Competing Manager Selected
O01285,A0209,RM010,F010,2026-02-20,Soft Circle,28500000,,,,75,,
O01286,A0292,RM016,F003,2025-10-27,Due Diligence,74250000,,,,50,,
O01287,A0382,RM010,F005,2026-03-18,Committed,52500000,54750000.0,2026-06-04,78.0,100,,
O01288,A0246,RM002,F002,2025-07-04,Prospect,14000000,,,,10,C002,
O01289,A0040,RM001,F005,2026-03-09,Lost,5250000,,2026-06-11,94.0,0,,Liquidity Mismatch
O01290,A0262,RM009,F009,2025-05-02,Lost,50750000,,2025-09-18,139.0,0,C002,Competing Manager Selected
O01291,A0036,RM008,F004,2026-01-14,Interested,8750000,,,,25,,
O01292,A0075,RM001,F009,2025-05-21,Committed,5000000,5250000.0,2025-12-17,210.0,100,,
O01293,A0118,RM013,F005,2026-04-02,Prospect,13250000,,,,10,,
O01294,A0022,RM003,F009,2026-01-01,Lost,5000000,,2026-07-08,188.0,0,,Client Risk Appetite
O01295,A0145,RM006,F006,2025-11-28,Prospect,2500000,,,,10,,
O01296,A0304,RM016,F003,2025-09-06,Interested,1750000,,,,25,C014,
O01297,A0021,RM010,F007,2025-10-12,Prospect,115750000,,,,10,,
O01298,A0196,RM009,F005,2025-09-02,Prospect,5250000,,,,10,,
O01299,A0090,RM014,F003,2025-08-05,Prospect,73500000,,,,10,,
O01300,A0222,RM010,F008,2025-07-25,Due Diligence,39250000,,,,50,,
O01301,A0195,RM005,F010,2025-10-23,Interested,47500000,,,,25,C002,
O01302,A0065,RM005,F010,2026-03-20,Due Diligence,92000000,,,,50,C007,
O01303,A0340,RM016,F002,2026-01-25,Due Diligence,43500000,,,,50,C026,
O01304,A0198,RM014,F007,2025-06-08,Due Diligence,97250000,,,,50,,
O01305,A0395,RM002,F003,2025-08-11,Interested,12500000,,,,25,,
O01306,A0395,RM002,F002,2025-06-20,Prospect,11250000,,,,10,C010,
O01307,A0099,RM001,F007,2025-08-27,Prospect,12000000,,,,10,C027,
O01308,A0352,RM002,F005,2025-11-22,Soft Circle,98250000,,,,75,,
O01309,A0286,RM008,F001,2025-08-21,Prospect,5000000,,,,10,,
O01310,A0170,RM012,F005,2025-08-02,Committed,43500000,37000000.0,2026-02-18,200.0,100,,
O01311,A0324,RM008,F008,2025-10-09,Committed,49750000,43750000.0,2026-06-04,238.0,100,,
O01312,A0166,RM013,F006,2025-12-01,Lost,2500000,,2026-04-27,147.0,0,,Timing - Deferred
O01313,A0195,RM005,F002,2025-10-15,Interested,44500000,,,,25,C004,
O01314,A0148,RM011,F002,2026-02-05,Soft Circle,18250000,,,,75,,
O01315,A0336,RM005,F003,2025-10-29,Soft Circle,10500000,,,,75,,
O01316,A0361,RM001,F002,2025-10-01,Due Diligence,21750000,,,,50,,
O01317,A0059,RM002,F009,2025-09-16,Due Diligence,7250000,,,,50,,
O01318,A0232,RM012,F010,2025-08-12,Lost,2000000,,2025-12-21,131.0,0,,Timing - Deferred
O01319,A0045,RM016,F010,2025-06-11,Committed,7000000,6500000.0,2025-11-28,170.0,100,C009,
O01320,A0353,RM004,F005,2026-01-06,Lost,173500000,,2026-04-28,112.0,0,,Timing - Deferred
O01321,A0087,RM013,F008,2025-05-27,Prospect,63750000,,,,10,C023,
O01322,A0015,RM005,F008,2026-04-14,Due Diligence,8500000,,,,50,C017,
O01323,A0297,RM006,F004,2026-02-08,Due Diligence,54000000,,,,50,,
O01324,A0264,RM003,F010,2025-08-21,Due Diligence,2750000,,,,50,,
O01325,A0163,RM014,F002,2025-10-09,Interested,283000000,,,,25,,
O01326,A0244,RM007,F010,2025-05-19,Committed,1000000,750000.0,2025-12-01,196.0,100,,
O01327,A0306,RM009,F002,2025-08-16,Prospect,55750000,,,,10,C024,
O01328,A0066,RM002,F006,2025-07-21,Prospect,69500000,,,,10,,
O01329,A0121,RM010,F005,2025-07-16,Due Diligence,237250000,,,,50,,
O01330,A0193,RM004,F010,2026-04-11,Due Diligence,1250000,,,,50,C020,
O01331,A0250,RM010,F005,2025-06-28,Interested,10500000,,,,25,C020,
O01332,A0242,RM015,F002,2025-10-16,Interested,6250000,,,,25,,
O01333,A0195,RM005,F008,2026-03-23,Interested,51000000,,,,25,C013,
O01334,A0262,RM009,F007,2026-04-10,Due Diligence,58750000,,,,50,C023,
O01335,A0008,RM010,F009,2026-02-12,Committed,5000000,5250000.0,2026-06-18,126.0,100,,
O01336,A0128,RM002,F006,2025-07-11,Prospect,2500000,,,,10,,
O01337,A0224,RM009,F006,2025-07-25,Due Diligence,2500000,,,,50,,
O01338,A0122,RM006,F008,2025-08-16,Soft Circle,60000000,,,,75,C004,
O01339,A0375,RM010,F002,2025-12-31,Prospect,5000000,,,,10,C004,
O01340,A0385,RM001,F006,2025-11-21,Committed,2500000,2500000.0,2026-06-21,212.0,100,,
O01341,A0147,RM016,F003,2026-01-11,Due Diligence,6250000,,,,50,,
O01342,A0091,RM009,F002,2025-10-25,Lost,41750000,,2025-12-02,38.0,0,,Allocation Already Filled
O01343,A0089,RM012,F005,2025-06-05,Soft Circle,17000000,,,,75,,
O01344,A0175,RM007,F010,2026-04-12,Due Diligence,5750000,,,,50,,
O01345,A0383,RM010,F007,2026-01-10,Interested,14750000,,,,25,,
O01346,A0093,RM012,F008,2026-01-17,Due Diligence,35750000,,,,50,,
O01347,A0131,RM006,F007,2025-12-01,Soft Circle,5000000,,,,75,C005,
O01348,A0218,RM006,F009,2026-03-23,Interested,13500000,,,,25,C024,
O01349,A0223,RM008,F003,2025-07-23,Interested,1000000,,,,25,,
O01350,A0262,RM009,F004,2025-12-17,Prospect,74250000,,,,10,,
O01351,A0290,RM015,F006,2025-08-15,Prospect,17250000,,,,10,,
O01352,A0314,RM016,F002,2025-09-20,Committed,5000000,4750000.0,2026-03-07,168.0,100,C008,
O01353,A0195,RM005,F007,2025-05-23,Interested,27000000,,,,25,,
O01354,A0028,RM011,F004,2025-06-01,Prospect,2500000,,,,10,,
O01355,A0268,RM007,F007,2026-01-07,Interested,5000000,,,,25,,
O01356,A0233,RM004,F007,2026-03-04,Due Diligence,5000000,,,,50,,
O01357,A0084,RM012,F001,2025-07-08,Prospect,5000000,,,,10,,
O01358,A0340,RM016,F009,2025-06-04,Interested,20250000,,,,25,C019,
O01359,A0295,RM009,F006,2025-06-12,Lost,38250000,,2025-11-09,150.0,0,,Competing Manager Selected
O01360,A0166,RM013,F007,2025-09-07,Lost,5000000,,2026-02-07,153.0,0,,Liquidity Mismatch
O01361,A0387,RM006,F001,2026-01-18,Interested,5000000,,,,25,C011,
O01362,A0268,RM007,F008,2025-11-08,Interested,3750000,,,,25,,
O01363,A0370,RM009,F004,2026-01-08,Prospect,2500000,,,,10,,
O01364,A0290,RM015,F003,2025-11-24,Interested,25000000,,,,25,,
O01365,A0283,RM010,F008,2025-07-18,Interested,36250000,,,,25,C008,
O01366,A0086,RM003,F003,2025-07-10,Lost,13000000,,2026-01-18,192.0,0,C005,Client Risk Appetite
O01367,A0165,RM011,F002,2026-04-15,Due Diligence,46750000,,,,50,C021,
O01368,A0252,RM008,F007,2025-09-24,Lost,18250000,,2026-04-07,195.0,0,C018,Timing - Deferred
O01369,A0329,RM001,F005,2025-12-13,Lost,10500000,,2026-05-02,140.0,0,,Timing - Deferred
O01370,A0363,RM012,F001,2025-09-23,Committed,97500000,101000000.0,2026-04-25,214.0,100,C005,
O01371,A0032,RM001,F003,2025-08-30,Prospect,17500000,,,,10,,
O01372,A0284,RM016,F004,2026-02-23,Interested,2500000,,,,25,,
O01373,A0105,RM004,F002,2025-11-12,Committed,6000000,6250000.0,2026-03-09,117.0,100,,
O01374,A0283,RM010,F004,2025-07-02,Committed,16750000,15500000.0,2025-09-09,69.0,100,C003,
O01375,A0125,RM013,F007,2025-08-19,Interested,5000000,,,,25,,
O01376,A0223,RM008,F006,2026-04-02,Prospect,2500000,,,,10,C013,
O01377,A0207,RM008,F007,2025-10-13,Lost,9750000,,2025-12-01,49.0,0,,Pricing/Fee Concerns
O01378,A0348,RM003,F003,2025-12-20,Interested,2250000,,,,25,,
O01379,A0259,RM007,F007,2025-09-05,Soft Circle,5000000,,,,75,,
O01380,A0096,RM010,F010,2025-06-27,Due Diligence,31750000,,,,50,C020,
O01381,A0249,RM001,F007,2025-10-15,Due Diligence,5500000,,,,50,,
O01382,A0253,RM004,F006,2025-06-27,Committed,16250000,17750000.0,2026-01-26,213.0,100,,
O01383,A0145,RM006,F008,2025-09-10,Interested,2500000,,,,25,,
O01384,A0104,RM011,F004,2025-08-03,Interested,19250000,,,,25,,
O01385,A0362,RM014,F006,2025-05-19,Interested,7750000,,,,25,,
O01386,A0060,RM006,F008,2025-05-30,Committed,2500000,2500000.0,2025-12-27,211.0,100,,
O01387,A0055,RM006,F001,2025-12-19,Prospect,5000000,,,,10,C004,
O01388,A0232,RM012,F002,2025-07-27,Committed,5000000,5000000.0,2025-11-27,123.0,100,,
O01389,A0122,RM006,F001,2026-01-05,Committed,28250000,24500000.0,2026-05-06,121.0,100,,
O01390,A0199,RM014,F003,2025-08-10,Interested,155500000,,,,25,,
O01391,A0106,RM001,F008,2025-05-18,Prospect,8000000,,,,10,,
O01392,A0146,RM016,F009,2025-08-03,Prospect,161000000,,,,10,,
O01393,A0161,RM009,F001,2026-01-11,Interested,50250000,,,,25,C006,
O01394,A0220,RM015,F010,2026-04-05,Committed,4500000,4750000.0,2026-06-04,60.0,100,C018,
O01395,A0031,RM010,F004,2026-02-01,Prospect,5000000,,,,10,,
O01396,A0170,RM012,F005,2026-03-11,Interested,52750000,,,,25,,
O01397,A0273,RM012,F002,2026-02-27,Prospect,19250000,,,,10,C019,
O01398,A0282,RM005,F001,2025-05-31,Prospect,14750000,,,,10,C026,
O01399,A0107,RM004,F006,2025-05-27,Interested,61000000,,,,25,C014,
O01400,A0213,RM016,F010,2025-10-20,Lost,45000000,,2025-12-10,51.0,0,,Allocation Already Filled
O01401,A0152,RM015,F008,2026-03-03,Soft Circle,2500000,,,,75,C022,
O01402,A0015,RM005,F007,2025-09-19,Due Diligence,10750000,,,,50,C019,
O01403,A0170,RM012,F004,2025-09-06,Soft Circle,21500000,,,,75,,
O01404,A0267,RM007,F004,2026-03-30,Due Diligence,7500000,,,,50,,
O01405,A0377,RM013,F006,2026-03-28,Interested,5500000,,,,25,,
O01406,A0043,RM003,F010,2026-03-03,Committed,51750000,45750000.0,2026-08-20,170.0,100,,
O01407,A0169,RM010,F010,2025-07-03,Prospect,1750000,,,,10,,
O01408,A0375,RM010,F010,2025-12-28,Interested,5000000,,,,25,,
O01409,A0186,RM006,F007,2026-03-17,Lost,47000000,,2026-09-15,182.0,0,C015,Allocation Already Filled
O01410,A0356,RM002,F001,2025-06-01,Prospect,5000000,,,,10,,
O01411,A0270,RM012,F004,2026-01-18,Prospect,2500000,,,,10,,
O01412,A0345,RM016,F008,2026-03-13,Lost,49250000,,2026-09-28,199.0,0,,Liquidity Mismatch
O01413,A0301,RM012,F002,2026-02-06,Interested,45250000,,,,25,,
O01414,A0029,RM002,F003,2025-10-14,Prospect,1750000,,,,10,C013,
O01415,A0303,RM014,F010,2026-01-26,Committed,61000000,58750000.0,2026-06-17,142.0,100,,
O01416,A0050,RM015,F002,2026-01-06,Interested,5000000,,,,25,,
O01417,A0298,RM008,F008,2025-07-08,Soft Circle,145500000,,,,75,,
O01418,A0165,RM011,F006,2025-12-21,Interested,56250000,,,,25,C020,
O01419,A0272,RM012,F007,2025-10-16,Interested,14750000,,,,25,C016,
O01420,A0024,RM008,F010,2025-10-19,Due Diligence,7000000,,,,50,,
O01421,A0044,RM005,F003,2026-03-03,Interested,2000000,,,,25,,
O01422,A0041,RM008,F005,2025-12-07,Committed,47250000,51000000.0,2026-07-15,220.0,100,,
O01423,A0149,RM014,F006,2025-07-17,Interested,176750000,,,,25,,
O01424,A0066,RM002,F009,2025-12-31,Prospect,139000000,,,,10,C019,
O01425,A0004,RM016,F010,2025-08-09,Lost,24500000,,2025-09-16,38.0,0,,Pricing/Fee Concerns
O01426,A0351,RM007,F006,2025-11-18,Soft Circle,9250000,,,,75,C024,
O01427,A0299,RM006,F006,2025-07-10,Soft Circle,6000000,,,,75,,
O01428,A0222,RM010,F010,2026-01-29,Interested,14750000,,,,25,,
O01429,A0289,RM008,F010,2025-08-22,Prospect,16000000,,,,10,,
O01430,A0120,RM009,F010,2025-07-18,Interested,2000000,,,,25,,
O01431,A0281,RM009,F005,2026-01-07,Prospect,6000000,,,,10,,
O01432,A0205,RM014,F005,2025-11-02,Due Diligence,46750000,,,,50,,
O01433,A0035,RM002,F006,2025-05-10,Due Diligence,92000000,,,,50,C006,
O01434,A0263,RM014,F010,2025-06-03,Soft Circle,6250000,,,,75,C028,
O01435,A0398,RM007,F006,2025-08-07,Due Diligence,41000000,,,,50,,
O01436,A0100,RM006,F001,2026-04-09,Prospect,23500000,,,,10,,
O01437,A0002,RM006,F006,2025-09-24,Prospect,5250000,,,,10,,
O01438,A0299,RM006,F005,2025-12-22,Committed,4250000,4500000.0,2026-06-09,169.0,100,,
O01439,A0111,RM006,F007,2025-05-16,Soft Circle,5750000,,,,75,,
O01440,A0161,RM009,F002,2025-09-22,Prospect,71500000,,,,10,,
O01441,A0004,RM016,F010,2025-05-31,Interested,37750000,,,,25,,
O01442,A0026,RM011,F004,2025-06-20,Soft Circle,7250000,,,,75,,
O01443,A0282,RM005,F006,2026-03-01,Prospect,8500000,,,,10,,
O01444,A0385,RM001,F002,2025-07-12,Lost,5000000,,2026-01-14,186.0,0,,Pricing/Fee Concerns
O01445,A0232,RM012,F008,2025-11-09,Interested,3000000,,,,25,,
O01446,A0336,RM005,F001,2026-03-04,Lost,5000000,,2026-07-06,124.0,0,,Pricing/Fee Concerns
O01447,A0080,RM006,F004,2025-05-20,Lost,7000000,,2025-07-18,59.0,0,C017,Pricing/Fee Concerns
O01448,A0027,RM006,F003,2026-02-01,Lost,84500000,,2026-06-22,141.0,0,,Competing Manager Selected
O01449,A0138,RM016,F002,2025-11-03,Prospect,27000000,,,,10,C021,
O01450,A0081,RM001,F004,2025-09-22,Soft Circle,6000000,,,,75,C026,
O01451,A0243,RM013,F007,2026-02-13,Due Diligence,7500000,,,,50,C018,
O01452,A0382,RM010,F005,2026-01-16,Interested,56750000,,,,25,,
O01453,A0091,RM009,F004,2025-10-25,Interested,71000000,,,,25,,
O01454,A0360,RM013,F004,2025-11-08,Soft Circle,24000000,,,,75,,
O01455,A0211,RM006,F006,2026-04-01,Due Diligence,88000000,,,,50,,
O01456,A0040,RM001,F009,2026-03-22,Prospect,8250000,,,,10,,
O01457,A0211,RM006,F001,2025-11-07,Prospect,48000000,,,,10,,
O01458,A0185,RM004,F010,2026-01-27,Committed,4000000,3500000.0,2026-07-05,159.0,100,C024,
O01459,A0298,RM008,F007,2025-07-02,Committed,85250000,80500000.0,2026-02-14,227.0,100,,
O01460,A0298,RM008,F009,2025-10-29,Interested,68000000,,,,25,,
O01461,A0254,RM002,F006,2025-06-23,Interested,12500000,,,,25,,
O01462,A0264,RM003,F006,2025-06-16,Interested,4750000,,,,25,C012,
O01463,A0239,RM003,F003,2025-07-19,Interested,113000000,,,,25,,
O01464,A0094,RM005,F006,2026-03-27,Due Diligence,13500000,,,,50,,
O01465,A0368,RM008,F010,2025-06-13,Prospect,31500000,,,,10,,
O01466,A0083,RM012,F005,2025-12-13,Prospect,1750000,,,,10,C010,
O01467,A0234,RM008,F007,2025-06-20,Lost,5000000,,2025-12-21,184.0,0,,Allocation Already Filled
O01468,A0307,RM014,F007,2026-02-07,Lost,14250000,,2026-02-28,21.0,0,C007,Pricing/Fee Concerns
O01469,A0033,RM009,F009,2026-03-30,Prospect,19250000,,,,10,C011,
O01470,A0178,RM004,F004,2025-07-16,Soft Circle,37250000,,,,75,C006,
O01471,A0012,RM012,F007,2025-11-11,Lost,5000000,,2026-01-24,74.0,0,,Liquidity Mismatch
O01472,A0090,RM014,F004,2025-11-09,Lost,145250000,,2025-12-13,34.0,0,,Client Risk Appetite
O01473,A0252,RM008,F002,2025-06-06,Lost,23250000,,2025-07-17,41.0,0,,Competing Manager Selected
O01474,A0363,RM012,F004,2025-09-27,Due Diligence,37250000,,,,50,C008,
O01475,A0121,RM010,F010,2025-08-31,Interested,82500000,,,,25,,
O01476,A0332,RM001,F001,2026-03-22,Committed,5000000,4750000.0,2026-05-24,63.0,100,,
O01477,A0206,RM004,F009,2025-07-03,Interested,22500000,,,,25,,
O01478,A0302,RM001,F005,2025-05-06,Lost,123250000,,2025-07-23,78.0,0,C025,Client Risk Appetite
O01479,A0322,RM006,F001,2026-04-08,Lost,5000000,,2026-08-28,142.0,0,,Timing - Deferred
O01480,A0252,RM008,F007,2025-10-23,Due Diligence,19250000,,,,50,,
O01481,A0167,RM008,F002,2026-03-18,Due Diligence,33500000,,,,50,,
O01482,A0229,RM002,F007,2026-02-01,Soft Circle,15250000,,,,75,,
O01483,A0274,RM001,F005,2025-11-12,Prospect,4250000,,,,10,,
O01484,A0343,RM004,F003,2025-05-24,Prospect,224250000,,,,10,,
O01485,A0215,RM005,F007,2026-03-20,Interested,248000000,,,,25,,
O01486,A0349,RM014,F009,2026-01-18,Due Diligence,62750000,,,,50,,
O01487,A0153,RM010,F002,2025-07-10,Due Diligence,97000000,,,,50,,
O01488,A0302,RM001,F006,2026-03-22,Committed,137750000,149000000.0,2026-09-02,164.0,100,C022,
O01489,A0240,RM005,F004,2025-11-18,Prospect,7500000,,,,10,,
O01490,A0031,RM010,F008,2026-03-19,Prospect,7500000,,,,10,,
O01491,A0198,RM014,F001,2026-02-12,Due Diligence,165500000,,,,50,,
O01492,A0303,RM014,F010,2025-08-30,Due Diligence,183250000,,,,50,,
O01493,A0266,RM010,F001,2025-10-18,Due Diligence,5000000,,,,50,C026,
O01494,A0220,RM015,F002,2025-09-05,Lost,5000000,,2026-03-01,177.0,0,,Allocation Already Filled
O01495,A0315,RM016,F007,2025-11-13,Interested,5000000,,,,25,,
O01496,A0360,RM013,F006,2025-09-19,Prospect,59250000,,,,10,C009,
O01497,A0056,RM011,F006,2026-03-31,Interested,14500000,,,,25,,
O01498,A0100,RM006,F008,2025-08-21,Soft Circle,17750000,,,,75,,
O01499,A0397,RM013,F008,2025-09-15,Lost,10750000,,2025-10-12,27.0,0,,Pricing/Fee Concerns
O01500,A0095,RM003,F005,2025-09-24,Lost,77000000,,2026-01-22,120.0,0,,Pricing/Fee Concerns
