activity_id,activity_date,advisor_id,rm_id,activity_type,product_discussed,asset_class_discussed,engagement_score,next_step_required,completed_followup,days_to_followup,meeting_duration_minutes
AC000001,2025-11-14,A0020,RM014,In-person Meeting,Direct Lending Income Fund V,Private Credit,92,Yes,Yes,12.0,69
AC000002,2025-11-30,A0119,RM007,In-person Meeting,Global Infrastructure Partners IV,Infrastructure,81,No,No,,107
AC000003,2025-10-09,A0349,RM014,Intro Call,Core Infrastructure Income Fund III,Infrastructure,69,No,No,,34
AC000004,2025-07-11,A0365,RM011,Intro Call,Real Estate Income Fund II,Real Estate,53,Yes,Yes,23.0,34
AC000005,2025-07-29,A0038,RM012,Follow-up Call,Value-Add Real Estate Fund IV,Real Estate,52,No,No,,29
AC000006,2025-11-06,A0183,RM014,Follow-up Call,Opportunistic Real Estate Fund VI,Real Estate,58,Yes,No,3.0,53
AC000007,2025-07-05,A0149,RM014,Follow-up Call,Opportunistic Credit Fund II,Private Credit,76,Yes,No,4.0,32
AC000008,2025-07-25,A0196,RM009,In-person Meeting,Direct Lending Income Fund V,Private Credit,79,Yes,Yes,10.0,60
AC000009,2026-03-29,A0222,RM010,Portfolio Review,Growth Equity Partners III,Private Equity,73,Yes,No,20.0,116
AC000010,2025-06-22,A0010,RM007,Product Education,Growth Equity Partners III,Private Equity,60,Yes,No,12.0,37
AC000011,2026-03-22,A0341,RM002,Follow-up Call,Global Infrastructure Partners IV,Infrastructure,61,Yes,Yes,4.0,10
AC000012,2026-03-28,A0391,RM012,Product Education,Opportunistic Credit Fund II,Private Credit,40,No,No,,29
AC000013,2026-03-23,A0263,RM014,Intro Call,Value-Add Real Estate Fund IV,Real Estate,41,Yes,No,3.0,45
AC000014,2026-04-25,A0268,RM007,Follow-up Call,Real Estate Income Fund II,Real Estate,58,Yes,Yes,9.0,38
AC000015,2025-12-10,A0210,RM012,Due Diligence Meeting,Core Infrastructure Income Fund III,Infrastructure,59,Yes,Yes,18.0,74
AC000016,2025-06-19,A0127,RM014,Product Education,Growth Equity Partners III,Private Equity,69,No,No,,34
AC000017,2026-01-13,A0053,RM008,In-person Meeting,Growth Equity Partners III,Private Equity,74,Yes,No,22.0,60
AC000018,2025-05-20,A0234,RM008,Intro Call,Opportunistic Credit Fund II,Private Credit,50,No,No,,33
AC000019,2025-11-13,A0021,RM010,Webinar,Global Infrastructure Partners IV,Infrastructure,65,Yes,Yes,7.0,44
AC000020,2025-07-13,A0334,RM007,In-person Meeting,Senior Direct Lending Fund VI,Private Credit,62,Yes,Yes,12.0,97
AC000021,2026-01-25,A0168,RM013,Webinar,Private Equity Buyout Fund VII,Private Equity,67,Yes,Yes,17.0,32
AC000022,2026-04-13,A0165,RM011,Intro Call,Growth Equity Partners III,Private Equity,65,Yes,Yes,20.0,31
AC000023,2025-11-20,A0124,RM007,Portfolio Review,Private Equity Buyout Fund VII,Private Equity,94,No,No,,74
AC000024,2025-09-21,A0390,RM001,Due Diligence Meeting,Core Infrastructure Income Fund III,Infrastructure,85,Yes,Yes,26.0,79
AC000025,2026-01-12,A0062,RM016,Webinar,Opportunistic Real Estate Fund VI,Real Estate,62,No,No,,50
AC000026,2025-12-08,A0054,RM003,Follow-up Call,Growth Equity Partners III,Private Equity,70,Yes,Yes,10.0,34
AC000027,2025-06-12,A0060,RM006,Due Diligence Meeting,Global Infrastructure Partners IV,Infrastructure,63,Yes,Yes,26.0,49
AC000028,2026-04-24,A0267,RM007,Webinar,Senior Direct Lending Fund VI,Private Credit,57,Yes,Yes,20.0,53
AC000029,2025-10-13,A0399,RM006,In-person Meeting,Value-Add Real Estate Fund IV,Real Estate,40,Yes,No,29.0,73
AC000030,2026-01-17,A0090,RM014,Webinar,Opportunistic Credit Fund II,Private Credit,41,Yes,No,4.0,57
AC000031,2026-04-11,A0362,RM014,Portfolio Review,Value-Add Real Estate Fund IV,Real Estate,79,Yes,Yes,26.0,49
AC000032,2025-05-29,A0105,RM004,In-person Meeting,Private Equity Buyout Fund VII,Private Equity,67,No,No,,58
AC000033,2026-01-21,A0261,RM005,In-person Meeting,Growth Equity Partners III,Private Equity,67,No,No,,77
AC000034,2025-11-25,A0019,RM006,Follow-up Call,Senior Direct Lending Fund VI,Private Credit,41,Yes,Yes,19.0,43
AC000035,2025-09-27,A0198,RM014,Product Education,Growth Equity Partners III,Private Equity,84,Yes,Yes,14.0,39
AC000036,2025-12-21,A0264,RM003,In-person Meeting,Opportunistic Real Estate Fund VI,Real Estate,88,No,No,,102
AC000037,2025-06-14,A0212,RM007,Intro Call,Value-Add Real Estate Fund IV,Real Estate,61,No,No,,33
AC000038,2025-07-23,A0091,RM009,Webinar,Real Estate Income Fund II,Real Estate,80,Yes,No,3.0,52
AC000039,2025-12-10,A0335,RM006,In-person Meeting,Opportunistic Credit Fund II,Private Credit,82,Yes,Yes,7.0,96
AC000040,2025-05-16,A0390,RM001,In-person Meeting,Real Estate Income Fund II,Real Estate,75,Yes,Yes,26.0,60
AC000041,2026-04-05,A0183,RM014,Webinar,Global Infrastructure Partners IV,Infrastructure,67,Yes,Yes,15.0,46
AC000042,2025-10-25,A0257,RM004,Intro Call,Growth Equity Partners III,Private Equity,53,Yes,Yes,20.0,14
AC000043,2025-06-23,A0323,RM016,Intro Call,Direct Lending Income Fund V,Private Credit,60,Yes,No,17.0,35
AC000044,2025-10-27,A0093,RM012,Webinar,Opportunistic Real Estate Fund VI,Real Estate,51,No,No,,48
AC000045,2025-10-24,A0343,RM004,Follow-up Call,Real Estate Income Fund II,Real Estate,68,No,No,,30
AC000046,2026-04-05,A0106,RM001,Webinar,Opportunistic Credit Fund II,Private Credit,49,Yes,Yes,26.0,40
AC000047,2026-04-25,A0316,RM001,Webinar,Opportunistic Credit Fund II,Private Credit,56,Yes,No,3.0,55
AC000048,2025-10-21,A0040,RM001,Follow-up Call,Value-Add Real Estate Fund IV,Real Estate,76,No,No,,50
AC000049,2026-01-11,A0108,RM008,In-person Meeting,Private Equity Buyout Fund VII,Private Equity,62,Yes,No,27.0,82
AC000050,2026-01-05,A0211,RM006,Follow-up Call,Opportunistic Credit Fund II,Private Credit,68,No,No,,30
AC000051,2025-07-21,A0208,RM014,In-person Meeting,Core Infrastructure Income Fund III,Infrastructure,75,No,No,,98
AC000052,2025-11-07,A0342,RM003,Webinar,Opportunistic Credit Fund II,Private Credit,47,Yes,Yes,26.0,51
AC000053,2025-07-19,A0399,RM006,Intro Call,Growth Equity Partners III,Private Equity,41,No,No,,35
AC000054,2026-01-08,A0037,RM013,Follow-up Call,Private Equity Buyout Fund VII,Private Equity,70,Yes,Yes,23.0,44
AC000055,2026-01-19,A0102,RM002,Intro Call,Opportunistic Credit Fund II,Private Credit,49,Yes,Yes,3.0,22
AC000056,2026-04-02,A0140,RM007,Intro Call,Growth Equity Partners III,Private Equity,36,No,No,,42
AC000057,2026-01-05,A0191,RM014,Portfolio Review,Direct Lending Income Fund V,Private Credit,51,No,No,,90
AC000058,2025-12-30,A0197,RM010,Portfolio Review,Global Infrastructure Partners IV,Infrastructure,73,Yes,Yes,28.0,50
AC000059,2026-02-06,A0343,RM004,Portfolio Review,Growth Equity Partners III,Private Equity,67,No,No,,63
AC000060,2025-07-20,A0314,RM016,Webinar,Core Infrastructure Income Fund III,Infrastructure,38,No,No,,23
AC000061,2025-07-13,A0009,RM010,Intro Call,Senior Direct Lending Fund VI,Private Credit,62,Yes,No,18.0,37
AC000062,2026-04-28,A0183,RM014,Follow-up Call,Senior Direct Lending Fund VI,Private Credit,62,No,No,,43
AC000063,2026-03-10,A0249,RM001,Due Diligence Meeting,Opportunistic Credit Fund II,Private Credit,94,Yes,Yes,15.0,91
AC000064,2026-03-04,A0183,RM014,In-person Meeting,Growth Equity Partners III,Private Equity,71,No,No,,103
AC000065,2025-09-29,A0046,RM009,Intro Call,Opportunistic Credit Fund II,Private Credit,42,Yes,Yes,7.0,38
AC000066,2026-01-25,A0155,RM011,Follow-up Call,Core Infrastructure Income Fund III,Infrastructure,53,No,No,,39
AC000067,2025-06-07,A0163,RM014,Follow-up Call,Core Infrastructure Income Fund III,Infrastructure,68,Yes,Yes,4.0,61
AC000068,2025-12-13,A0069,RM016,In-person Meeting,Growth Equity Partners III,Private Equity,85,Yes,No,18.0,71
AC000069,2025-10-11,A0307,RM014,Intro Call,Opportunistic Real Estate Fund VI,Real Estate,46,Yes,No,6.0,34
AC000070,2025-10-16,A0121,RM010,Webinar,Growth Equity Partners III,Private Equity,53,Yes,No,2.0,43
AC000071,2025-07-17,A0236,RM006,Portfolio Review,Direct Lending Income Fund V,Private Credit,82,Yes,Yes,3.0,100
AC000072,2026-03-24,A0204,RM004,Portfolio Review,Direct Lending Income Fund V,Private Credit,66,Yes,Yes,9.0,52
AC000073,2025-10-10,A0348,RM003,Intro Call,Opportunistic Real Estate Fund VI,Real Estate,43,Yes,Yes,2.0,18
AC000074,2026-02-09,A0045,RM016,Follow-up Call,Opportunistic Credit Fund II,Private Credit,59,Yes,No,29.0,27
AC000075,2025-09-11,A0041,RM008,Follow-up Call,Opportunistic Credit Fund II,Private Credit,61,No,No,,34
AC000076,2025-09-06,A0114,RM016,Follow-up Call,Growth Equity Partners III,Private Equity,57,Yes,Yes,16.0,35
AC000077,2025-07-21,A0173,RM016,Follow-up Call,Private Equity Buyout Fund VII,Private Equity,52,No,No,,23
AC000078,2026-02-14,A0113,RM003,Webinar,Private Equity Buyout Fund VII,Private Equity,61,No,No,,32
AC000079,2025-11-09,A0310,RM010,Follow-up Call,Core Infrastructure Income Fund III,Infrastructure,52,No,No,,37
AC000080,2026-02-10,A0094,RM005,Due Diligence Meeting,Private Equity Buyout Fund VII,Private Equity,65,No,No,,106
AC000081,2026-03-29,A0031,RM010,Intro Call,Core Infrastructure Income Fund III,Infrastructure,52,Yes,Yes,13.0,29
AC000082,2026-04-23,A0165,RM011,Intro Call,Direct Lending Income Fund V,Private Credit,72,Yes,No,8.0,14
AC000083,2025-10-11,A0316,RM001,Follow-up Call,Core Infrastructure Income Fund III,Infrastructure,47,Yes,No,29.0,34
AC000084,2026-02-14,A0342,RM003,Intro Call,Value-Add Real Estate Fund IV,Real Estate,38,Yes,No,2.0,33
AC000085,2025-10-05,A0297,RM006,Follow-up Call,Senior Direct Lending Fund VI,Private Credit,81,Yes,Yes,15.0,42
AC000086,2025-10-05,A0225,RM016,In-person Meeting,Global Infrastructure Partners IV,Infrastructure,62,No,No,,55
AC000087,2026-04-07,A0294,RM012,In-person Meeting,Direct Lending Income Fund V,Private Credit,73,No,No,,73
AC000088,2026-02-04,A0276,RM005,Product Education,Opportunistic Real Estate Fund VI,Real Estate,76,Yes,No,11.0,37
AC000089,2025-08-14,A0089,RM012,Intro Call,Opportunistic Credit Fund II,Private Credit,66,Yes,No,17.0,40
AC000090,2025-12-02,A0221,RM001,Intro Call,Direct Lending Income Fund V,Private Credit,46,No,No,,24
AC000091,2025-09-09,A0314,RM016,Portfolio Review,Core Infrastructure Income Fund III,Infrastructure,59,No,No,,60
AC000092,2026-01-16,A0120,RM009,Product Education,Senior Direct Lending Fund VI,Private Credit,63,Yes,Yes,18.0,35
AC000093,2025-07-18,A0264,RM003,Intro Call,Opportunistic Real Estate Fund VI,Real Estate,52,Yes,No,23.0,47
AC000094,2025-09-16,A0192,RM004,In-person Meeting,Global Infrastructure Partners IV,Infrastructure,88,Yes,Yes,12.0,63
AC000095,2025-07-28,A0200,RM007,Due Diligence Meeting,Growth Equity Partners III,Private Equity,82,Yes,Yes,28.0,65
AC000096,2026-04-10,A0033,RM009,Webinar,Core Infrastructure Income Fund III,Infrastructure,67,Yes,Yes,2.0,48
AC000097,2026-01-28,A0271,RM014,In-person Meeting,Senior Direct Lending Fund VI,Private Credit,63,Yes,Yes,29.0,92
AC000098,2026-01-08,A0343,RM004,Portfolio Review,Senior Direct Lending Fund VI,Private Credit,74,Yes,Yes,8.0,77
AC000099,2025-12-26,A0050,RM015,Intro Call,Value-Add Real Estate Fund IV,Real Estate,33,No,No,,34
AC000100,2025-10-20,A0142,RM013,Follow-up Call,Private Equity Buyout Fund VII,Private Equity,76,Yes,Yes,7.0,27
AC000101,2025-07-02,A0023,RM001,Follow-up Call,Opportunistic Real Estate Fund VI,Real Estate,82,Yes,Yes,17.0,34
AC000102,2026-03-06,A0016,RM002,Follow-up Call,Senior Direct Lending Fund VI,Private Credit,86,Yes,Yes,4.0,35
AC000103,2025-10-19,A0398,RM007,In-person Meeting,Opportunistic Credit Fund II,Private Credit,94,Yes,Yes,28.0,93
AC000104,2025-08-02,A0197,RM010,Follow-up Call,Senior Direct Lending Fund VI,Private Credit,78,No,No,,47
AC000105,2025-09-05,A0138,RM016,Follow-up Call,Global Infrastructure Partners IV,Infrastructure,71,Yes,No,29.0,32
AC000106,2026-04-12,A0104,RM011,Due Diligence Meeting,Senior Direct Lending Fund VI,Private Credit,100,Yes,Yes,19.0,61
AC000107,2026-04-23,A0396,RM016,Follow-up Call,Growth Equity Partners III,Private Equity,64,Yes,Yes,4.0,34
AC000108,2025-06-02,A0096,RM010,Webinar,Global Infrastructure Partners IV,Infrastructure,69,Yes,Yes,11.0,53
AC000109,2025-12-20,A0295,RM009,Due Diligence Meeting,Private Equity Buyout Fund VII,Private Equity,68,Yes,Yes,23.0,52
AC000110,2025-11-22,A0107,RM004,In-person Meeting,Value-Add Real Estate Fund IV,Real Estate,81,No,No,,81
AC000111,2026-02-13,A0029,RM002,Due Diligence Meeting,Global Infrastructure Partners IV,Infrastructure,78,No,No,,74
AC000112,2025-06-27,A0276,RM005,Due Diligence Meeting,Growth Equity Partners III,Private Equity,99,Yes,Yes,10.0,75
AC000113,2026-01-12,A0001,RM006,Intro Call,Value-Add Real Estate Fund IV,Real Estate,39,No,No,,54
AC000114,2025-08-09,A0276,RM005,Portfolio Review,Opportunistic Credit Fund II,Private Credit,85,No,No,,78
AC000115,2025-11-30,A0095,RM003,Portfolio Review,Opportunistic Credit Fund II,Private Credit,77,Yes,Yes,25.0,98
AC000116,2025-12-23,A0305,RM007,Follow-up Call,Direct Lending Income Fund V,Private Credit,66,Yes,Yes,22.0,44
AC000117,2025-05-04,A0314,RM016,Product Education,Global Infrastructure Partners IV,Infrastructure,42,Yes,Yes,18.0,22
AC000118,2025-10-27,A0294,RM012,Follow-up Call,Core Infrastructure Income Fund III,Infrastructure,61,Yes,Yes,13.0,39
AC000119,2025-10-03,A0013,RM011,Intro Call,Real Estate Income Fund II,Real Estate,43,Yes,No,5.0,40
AC000120,2025-06-11,A0285,RM011,Follow-up Call,Direct Lending Income Fund V,Private Credit,55,Yes,No,22.0,25
AC000121,2025-11-20,A0398,RM007,Webinar,Global Infrastructure Partners IV,Infrastructure,67,Yes,Yes,18.0,58
AC000122,2026-02-13,A0093,RM012,Due Diligence Meeting,Global Infrastructure Partners IV,Infrastructure,66,Yes,Yes,9.0,67
AC000123,2025-07-06,A0103,RM005,Intro Call,Private Equity Buyout Fund VII,Private Equity,36,Yes,Yes,20.0,42
AC000124,2026-04-17,A0330,RM007,Intro Call,Real Estate Income Fund II,Real Estate,53,Yes,No,5.0,30
AC000125,2025-06-23,A0058,RM007,Webinar,Growth Equity Partners III,Private Equity,76,Yes,No,7.0,51
AC000126,2025-07-23,A0268,RM007,Product Education,Direct Lending Income Fund V,Private Credit,50,No,No,,28
AC000127,2025-10-16,A0307,RM014,In-person Meeting,Global Infrastructure Partners IV,Infrastructure,56,No,No,,73
AC000128,2025-05-26,A0019,RM006,Due Diligence Meeting,Value-Add Real Estate Fund IV,Real Estate,70,Yes,Yes,8.0,78
AC000129,2025-07-24,A0222,RM010,Webinar,Senior Direct Lending Fund VI,Private Credit,63,Yes,Yes,2.0,39
AC000130,2025-12-04,A0231,RM003,Follow-up Call,Core Infrastructure Income Fund III,Infrastructure,53,Yes,Yes,8.0,43
AC000131,2025-06-05,A0115,RM012,Intro Call,Growth Equity Partners III,Private Equity,77,Yes,Yes,28.0,29
AC000132,2025-09-21,A0347,RM003,Intro Call,Global Infrastructure Partners IV,Infrastructure,30,No,No,,52
AC000133,2025-06-23,A0059,RM002,Follow-up Call,Direct Lending Income Fund V,Private Credit,39,No,No,,36
AC000134,2025-07-01,A0142,RM013,Intro Call,Real Estate Income Fund II,Real Estate,52,No,No,,33
AC000135,2026-04-24,A0342,RM003,Due Diligence Meeting,Direct Lending Income Fund V,Private Credit,60,Yes,No,11.0,74
AC000136,2025-11-26,A0071,RM003,Intro Call,Core Infrastructure Income Fund III,Infrastructure,39,No,No,,61
AC000137,2025-08-17,A0333,RM006,Follow-up Call,Opportunistic Real Estate Fund VI,Real Estate,35,No,No,,42
AC000138,2025-10-04,A0031,RM010,Webinar,Opportunistic Real Estate Fund VI,Real Estate,64,Yes,Yes,19.0,48
AC000139,2025-06-20,A0196,RM009,In-person Meeting,Opportunistic Credit Fund II,Private Credit,94,Yes,Yes,9.0,55
AC000140,2025-08-29,A0030,RM009,Intro Call,Opportunistic Real Estate Fund VI,Real Estate,62,No,No,,44
AC000141,2026-01-24,A0276,RM005,Webinar,Opportunistic Credit Fund II,Private Credit,66,Yes,Yes,15.0,52
AC000142,2025-05-13,A0323,RM016,Product Education,Value-Add Real Estate Fund IV,Real Estate,69,Yes,Yes,9.0,34
AC000143,2025-07-10,A0342,RM003,Webinar,Opportunistic Real Estate Fund VI,Real Estate,53,Yes,Yes,9.0,45
AC000144,2025-12-07,A0396,RM016,Intro Call,Real Estate Income Fund II,Real Estate,43,Yes,No,6.0,26
AC000145,2026-04-12,A0273,RM012,Follow-up Call,Core Infrastructure Income Fund III,Infrastructure,74,Yes,Yes,26.0,42
AC000146,2026-03-22,A0312,RM009,Follow-up Call,Direct Lending Income Fund V,Private Credit,55,Yes,Yes,28.0,33
AC000147,2025-05-24,A0200,RM007,Webinar,Global Infrastructure Partners IV,Infrastructure,69,No,No,,64
AC000148,2025-06-28,A0366,RM014,Product Education,Real Estate Income Fund II,Real Estate,77,Yes,Yes,5.0,36
AC000149,2025-12-18,A0259,RM007,Follow-up Call,Private Equity Buyout Fund VII,Private Equity,70,Yes,Yes,5.0,10
AC000150,2025-11-23,A0350,RM007,Follow-up Call,Real Estate Income Fund II,Real Estate,53,Yes,Yes,15.0,27
AC000151,2025-11-01,A0090,RM014,Product Education,Core Infrastructure Income Fund III,Infrastructure,78,No,No,,46
AC000152,2025-07-19,A0198,RM014,Intro Call,Private Equity Buyout Fund VII,Private Equity,61,No,No,,39
AC000153,2026-03-06,A0296,RM001,Intro Call,Direct Lending Income Fund V,Private Credit,58,Yes,No,23.0,23
AC000154,2025-06-28,A0074,RM008,Webinar,Growth Equity Partners III,Private Equity,52,Yes,No,13.0,54
AC000155,2025-07-11,A0077,RM005,Due Diligence Meeting,Growth Equity Partners III,Private Equity,65,No,No,,103
AC000156,2026-03-03,A0396,RM016,Follow-up Call,Growth Equity Partners III,Private Equity,57,No,No,,46
AC000157,2025-10-14,A0174,RM016,Intro Call,Value-Add Real Estate Fund IV,Real Estate,52,No,No,,28
AC000158,2025-05-16,A0065,RM005,Due Diligence Meeting,Global Infrastructure Partners IV,Infrastructure,100,No,No,,90
AC000159,2025-10-23,A0127,RM014,Webinar,Opportunistic Credit Fund II,Private Credit,65,Yes,Yes,25.0,59
AC000160,2025-08-07,A0155,RM011,Webinar,Senior Direct Lending Fund VI,Private Credit,47,Yes,Yes,2.0,55
AC000161,2026-02-11,A0251,RM007,Portfolio Review,Value-Add Real Estate Fund IV,Real Estate,55,No,No,,50
AC000162,2025-11-19,A0370,RM009,Follow-up Call,Growth Equity Partners III,Private Equity,55,Yes,Yes,2.0,34
AC000163,2026-04-06,A0398,RM007,In-person Meeting,Direct Lending Income Fund V,Private Credit,100,Yes,Yes,29.0,85
AC000164,2025-07-09,A0263,RM014,Intro Call,Core Infrastructure Income Fund III,Infrastructure,28,Yes,No,7.0,40
AC000165,2025-05-29,A0285,RM011,Webinar,Real Estate Income Fund II,Real Estate,53,No,No,,68
AC000166,2026-01-26,A0121,RM010,Portfolio Review,Global Infrastructure Partners IV,Infrastructure,82,Yes,Yes,14.0,39
AC000167,2025-05-22,A0343,RM004,Webinar,Value-Add Real Estate Fund IV,Real Estate,57,No,No,,47
AC000168,2025-10-11,A0079,RM015,In-person Meeting,Senior Direct Lending Fund VI,Private Credit,74,Yes,No,9.0,77
AC000169,2025-06-17,A0036,RM008,Follow-up Call,Opportunistic Credit Fund II,Private Credit,57,No,No,,40
AC000170,2025-08-05,A0391,RM012,Follow-up Call,Growth Equity Partners III,Private Equity,38,No,No,,32
AC000171,2025-12-11,A0343,RM004,Product Education,Real Estate Income Fund II,Real Estate,73,Yes,Yes,26.0,57
AC000172,2026-01-11,A0115,RM012,Intro Call,Core Infrastructure Income Fund III,Infrastructure,61,Yes,No,12.0,61
AC000173,2025-05-13,A0275,RM005,Intro Call,Opportunistic Real Estate Fund VI,Real Estate,29,No,No,,33
AC000174,2026-02-19,A0186,RM006,Follow-up Call,Growth Equity Partners III,Private Equity,54,No,No,,22
AC000175,2025-09-21,A0123,RM004,Webinar,Real Estate Income Fund II,Real Estate,52,Yes,Yes,22.0,34
AC000176,2025-10-13,A0108,RM008,In-person Meeting,Direct Lending Income Fund V,Private Credit,65,No,No,,75
AC000177,2025-07-25,A0048,RM007,Due Diligence Meeting,Opportunistic Credit Fund II,Private Credit,78,Yes,Yes,11.0,61
AC000178,2026-02-12,A0220,RM015,In-person Meeting,Real Estate Income Fund II,Real Estate,81,Yes,Yes,8.0,76
AC000179,2026-02-25,A0180,RM008,Follow-up Call,Senior Direct Lending Fund VI,Private Credit,79,No,No,,36
AC000180,2026-01-30,A0203,RM006,Follow-up Call,Senior Direct Lending Fund VI,Private Credit,53,Yes,Yes,6.0,58
AC000181,2026-03-22,A0078,RM016,In-person Meeting,Growth Equity Partners III,Private Equity,84,Yes,Yes,21.0,41
AC000182,2025-07-13,A0375,RM010,In-person Meeting,Private Equity Buyout Fund VII,Private Equity,63,Yes,Yes,8.0,110
AC000183,2025-06-16,A0258,RM009,Intro Call,Real Estate Income Fund II,Real Estate,47,No,No,,20
AC000184,2025-06-05,A0359,RM013,Portfolio Review,Opportunistic Real Estate Fund VI,Real Estate,57,Yes,Yes,26.0,106
AC000185,2025-10-13,A0038,RM012,Product Education,Value-Add Real Estate Fund IV,Real Estate,83,No,No,,25
AC000186,2025-08-18,A0251,RM007,Intro Call,Global Infrastructure Partners IV,Infrastructure,37,Yes,Yes,25.0,16
AC000187,2025-05-10,A0342,RM003,In-person Meeting,Opportunistic Real Estate Fund VI,Real Estate,60,Yes,Yes,27.0,100
AC000188,2026-04-11,A0127,RM014,Portfolio Review,Real Estate Income Fund II,Real Estate,80,No,No,,61
AC000189,2025-07-02,A0071,RM003,Intro Call,Opportunistic Credit Fund II,Private Credit,41,Yes,Yes,19.0,56
AC000190,2025-05-07,A0100,RM006,Due Diligence Meeting,Direct Lending Income Fund V,Private Credit,91,No,No,,111
AC000191,2026-04-28,A0102,RM002,In-person Meeting,Real Estate Income Fund II,Real Estate,74,Yes,Yes,3.0,95
AC000192,2025-05-24,A0180,RM008,Follow-up Call,Senior Direct Lending Fund VI,Private Credit,86,No,No,,18
AC000193,2026-03-28,A0124,RM007,Webinar,Growth Equity Partners III,Private Equity,74,Yes,Yes,15.0,45
AC000194,2025-07-03,A0102,RM002,Product Education,Global Infrastructure Partners IV,Infrastructure,61,Yes,Yes,27.0,20
AC000195,2025-10-31,A0261,RM005,Follow-up Call,Senior Direct Lending Fund VI,Private Credit,66,Yes,No,22.0,35
AC000196,2025-09-29,A0024,RM008,Intro Call,Value-Add Real Estate Fund IV,Real Estate,37,Yes,Yes,15.0,31
AC000197,2025-09-15,A0130,RM009,Portfolio Review,Opportunistic Real Estate Fund VI,Real Estate,79,Yes,Yes,17.0,79
AC000198,2026-04-05,A0279,RM008,Portfolio Review,Opportunistic Real Estate Fund VI,Real Estate,39,No,No,,72
AC000199,2025-11-22,A0062,RM016,Intro Call,Growth Equity Partners III,Private Equity,74,No,No,,16
AC000200,2025-11-04,A0082,RM003,Intro Call,Real Estate Income Fund II,Real Estate,51,Yes,Yes,5.0,41
AC000201,2026-02-25,A0073,RM002,Webinar,Direct Lending Income Fund V,Private Credit,44,No,No,,44
AC000202,2025-10-11,A0001,RM006,Intro Call,Private Equity Buyout Fund VII,Private Equity,49,Yes,Yes,28.0,44
AC000203,2026-02-08,A0189,RM015,Follow-up Call,Opportunistic Credit Fund II,Private Credit,47,No,No,,46
AC000204,2025-09-29,A0019,RM006,In-person Meeting,Senior Direct Lending Fund VI,Private Credit,67,Yes,Yes,21.0,87
AC000205,2025-05-29,A0102,RM002,Intro Call,Direct Lending Income Fund V,Private Credit,48,Yes,Yes,9.0,13
AC000206,2025-07-23,A0399,RM006,Portfolio Review,Global Infrastructure Partners IV,Infrastructure,48,No,No,,82
AC000207,2025-06-17,A0368,RM008,Intro Call,Core Infrastructure Income Fund III,Infrastructure,60,Yes,Yes,29.0,23
AC000208,2025-05-01,A0078,RM016,Portfolio Review,Real Estate Income Fund II,Real Estate,98,Yes,Yes,6.0,69
AC000209,2025-06-04,A0118,RM013,Intro Call,Value-Add Real Estate Fund IV,Real Estate,42,Yes,No,22.0,27
AC000210,2026-02-19,A0186,RM006,Follow-up Call,Growth Equity Partners III,Private Equity,79,No,No,,36
AC000211,2026-04-22,A0341,RM002,Follow-up Call,Core Infrastructure Income Fund III,Infrastructure,67,Yes,Yes,25.0,39
AC000212,2025-10-01,A0326,RM014,Follow-up Call,Opportunistic Credit Fund II,Private Credit,44,No,No,,30
AC000213,2026-01-21,A0046,RM009,Follow-up Call,Private Equity Buyout Fund VII,Private Equity,79,Yes,No,8.0,27
AC000214,2025-09-09,A0045,RM016,Webinar,Growth Equity Partners III,Private Equity,57,Yes,Yes,19.0,56
AC000215,2025-07-18,A0166,RM013,Webinar,Direct Lending Income Fund V,Private Credit,71,Yes,Yes,3.0,19
AC000216,2026-01-20,A0345,RM016,In-person Meeting,Growth Equity Partners III,Private Equity,61,No,No,,33
AC000217,2025-12-30,A0349,RM014,Follow-up Call,Core Infrastructure Income Fund III,Infrastructure,84,Yes,Yes,5.0,34
AC000218,2025-08-23,A0037,RM013,Portfolio Review,Opportunistic Credit Fund II,Private Credit,70,Yes,No,6.0,47
AC000219,2025-11-19,A0231,RM003,Due Diligence Meeting,Real Estate Income Fund II,Real Estate,72,Yes,Yes,5.0,20
AC000220,2026-01-12,A0055,RM006,Intro Call,Real Estate Income Fund II,Real Estate,35,No,No,,30
AC000221,2026-03-24,A0278,RM011,Follow-up Call,Global Infrastructure Partners IV,Infrastructure,64,Yes,Yes,20.0,33
AC000222,2026-01-31,A0367,RM002,Webinar,Growth Equity Partners III,Private Equity,57,No,No,,53
AC000223,2025-12-25,A0183,RM014,Webinar,Senior Direct Lending Fund VI,Private Credit,42,No,No,,55
AC000224,2026-02-22,A0031,RM010,In-person Meeting,Opportunistic Real Estate Fund VI,Real Estate,71,Yes,Yes,29.0,33
AC000225,2025-07-27,A0233,RM004,Portfolio Review,Direct Lending Income Fund V,Private Credit,60,No,No,,58
AC000226,2025-11-24,A0160,RM002,Portfolio Review,Real Estate Income Fund II,Real Estate,66,Yes,Yes,9.0,71
AC000227,2026-02-16,A0327,RM004,Follow-up Call,Growth Equity Partners III,Private Equity,68,Yes,Yes,14.0,30
AC000228,2026-03-23,A0130,RM009,Portfolio Review,Senior Direct Lending Fund VI,Private Credit,80,Yes,Yes,2.0,64
AC000229,2025-11-23,A0347,RM003,Intro Call,Real Estate Income Fund II,Real Estate,46,No,No,,36
AC000230,2025-10-26,A0103,RM005,Product Education,Opportunistic Credit Fund II,Private Credit,53,Yes,Yes,6.0,36
AC000231,2025-05-15,A0057,RM015,Follow-up Call,Global Infrastructure Partners IV,Infrastructure,51,No,No,,21
AC000232,2025-12-27,A0117,RM010,Webinar,Direct Lending Income Fund V,Private Credit,37,Yes,Yes,24.0,50
AC000233,2025-09-30,A0017,RM002,In-person Meeting,Core Infrastructure Income Fund III,Infrastructure,55,Yes,Yes,14.0,53
AC000234,2025-05-16,A0107,RM004,Intro Call,Direct Lending Income Fund V,Private Credit,56,Yes,Yes,23.0,41
AC000235,2025-08-17,A0267,RM007,Due Diligence Meeting,Growth Equity Partners III,Private Equity,100,Yes,Yes,23.0,70
AC000236,2026-01-23,A0050,RM015,Product Education,Value-Add Real Estate Fund IV,Real Estate,61,Yes,Yes,9.0,27
AC000237,2025-12-08,A0040,RM001,Intro Call,Private Equity Buyout Fund VII,Private Equity,67,Yes,No,6.0,35
AC000238,2025-07-27,A0046,RM009,Follow-up Call,Opportunistic Real Estate Fund VI,Real Estate,62,No,No,,37
AC000239,2025-05-10,A0031,RM010,In-person Meeting,Global Infrastructure Partners IV,Infrastructure,74,No,No,,87
AC000240,2026-03-28,A0347,RM003,Follow-up Call,Global Infrastructure Partners IV,Infrastructure,43,No,No,,53
AC000241,2025-08-03,A0379,RM010,In-person Meeting,Growth Equity Partners III,Private Equity,74,Yes,Yes,9.0,98
AC000242,2026-04-20,A0022,RM003,Due Diligence Meeting,Senior Direct Lending Fund VI,Private Credit,69,No,No,,100
AC000243,2026-02-26,A0309,RM008,Product Education,Senior Direct Lending Fund VI,Private Credit,66,Yes,Yes,4.0,19
AC000244,2025-07-22,A0299,RM006,In-person Meeting,Private Equity Buyout Fund VII,Private Equity,70,No,No,,89
AC000245,2025-10-26,A0400,RM006,Intro Call,Private Equity Buyout Fund VII,Private Equity,79,Yes,Yes,27.0,48
AC000246,2026-04-01,A0134,RM006,Product Education,Opportunistic Real Estate Fund VI,Real Estate,36,Yes,No,9.0,36
AC000247,2025-07-28,A0108,RM008,In-person Meeting,Real Estate Income Fund II,Real Estate,58,No,No,,104
AC000248,2025-11-09,A0183,RM014,In-person Meeting,Growth Equity Partners III,Private Equity,51,No,No,,59
AC000249,2025-07-04,A0343,RM004,Portfolio Review,Direct Lending Income Fund V,Private Credit,66,Yes,Yes,16.0,37
AC000250,2025-12-29,A0296,RM001,In-person Meeting,Global Infrastructure Partners IV,Infrastructure,76,Yes,Yes,11.0,69
AC000251,2025-06-08,A0187,RM009,Follow-up Call,Direct Lending Income Fund V,Private Credit,72,Yes,No,28.0,35
AC000252,2025-06-19,A0094,RM005,Intro Call,Growth Equity Partners III,Private Equity,42,Yes,Yes,13.0,20
AC000253,2025-11-24,A0296,RM001,Intro Call,Opportunistic Real Estate Fund VI,Real Estate,55,No,No,,52
AC000254,2025-05-20,A0343,RM004,In-person Meeting,Direct Lending Income Fund V,Private Credit,90,Yes,Yes,7.0,55
AC000255,2025-11-11,A0157,RM016,Product Education,Private Equity Buyout Fund VII,Private Equity,94,Yes,Yes,6.0,27
AC000256,2025-06-16,A0272,RM012,In-person Meeting,Real Estate Income Fund II,Real Estate,67,Yes,Yes,16.0,97
AC000257,2025-11-17,A0157,RM016,Follow-up Call,Value-Add Real Estate Fund IV,Real Estate,74,Yes,Yes,6.0,27
AC000258,2025-09-04,A0191,RM014,Intro Call,Growth Equity Partners III,Private Equity,32,No,No,,45
AC000259,2026-02-08,A0208,RM014,Due Diligence Meeting,Growth Equity Partners III,Private Equity,79,Yes,Yes,10.0,81
AC000260,2026-03-18,A0316,RM001,Intro Call,Direct Lending Income Fund V,Private Credit,40,Yes,Yes,21.0,48
AC000261,2025-06-16,A0395,RM002,Webinar,Private Equity Buyout Fund VII,Private Equity,45,No,No,,46
AC000262,2026-02-23,A0179,RM015,Follow-up Call,Direct Lending Income Fund V,Private Credit,64,No,No,,34
AC000263,2025-07-13,A0130,RM009,Due Diligence Meeting,Global Infrastructure Partners IV,Infrastructure,75,Yes,Yes,29.0,47
AC000264,2025-05-09,A0145,RM006,Due Diligence Meeting,Core Infrastructure Income Fund III,Infrastructure,70,Yes,Yes,17.0,97
AC000265,2025-06-08,A0048,RM007,Webinar,Core Infrastructure Income Fund III,Infrastructure,59,No,No,,45
AC000266,2025-07-14,A0112,RM013,Due Diligence Meeting,Opportunistic Credit Fund II,Private Credit,98,Yes,Yes,4.0,73
AC000267,2025-06-05,A0032,RM001,Due Diligence Meeting,Real Estate Income Fund II,Real Estate,93,Yes,Yes,5.0,98
AC000268,2026-02-18,A0172,RM009,Portfolio Review,Global Infrastructure Partners IV,Infrastructure,70,Yes,Yes,27.0,81
AC000269,2025-08-19,A0061,RM006,Intro Call,Growth Equity Partners III,Private Equity,60,Yes,Yes,29.0,19
AC000270,2026-03-08,A0134,RM006,Webinar,Global Infrastructure Partners IV,Infrastructure,33,Yes,No,15.0,44
AC000271,2025-09-09,A0323,RM016,Product Education,Opportunistic Credit Fund II,Private Credit,69,Yes,No,13.0,44
AC000272,2025-05-23,A0094,RM005,Portfolio Review,Private Equity Buyout Fund VII,Private Equity,61,Yes,No,25.0,58
AC000273,2025-10-22,A0247,RM013,Due Diligence Meeting,Senior Direct Lending Fund VI,Private Credit,54,Yes,Yes,9.0,77
AC000274,2025-11-07,A0360,RM013,Portfolio Review,Value-Add Real Estate Fund IV,Real Estate,76,No,No,,80
AC000275,2025-11-06,A0228,RM009,Intro Call,Direct Lending Income Fund V,Private Credit,58,No,No,,60
AC000276,2025-08-27,A0071,RM003,Due Diligence Meeting,Real Estate Income Fund II,Real Estate,67,Yes,Yes,7.0,65
AC000277,2025-06-08,A0132,RM007,Follow-up Call,Private Equity Buyout Fund VII,Private Equity,71,Yes,No,7.0,35
AC000278,2025-08-18,A0237,RM008,Due Diligence Meeting,Global Infrastructure Partners IV,Infrastructure,79,Yes,Yes,29.0,74
AC000279,2025-09-24,A0201,RM008,Intro Call,Opportunistic Real Estate Fund VI,Real Estate,73,No,No,,15
AC000280,2026-04-16,A0052,RM006,In-person Meeting,Real Estate Income Fund II,Real Estate,99,Yes,Yes,24.0,88
AC000281,2025-08-20,A0180,RM008,Due Diligence Meeting,Core Infrastructure Income Fund III,Infrastructure,91,Yes,No,9.0,85
AC000282,2025-10-26,A0217,RM006,Product Education,Real Estate Income Fund II,Real Estate,64,Yes,No,8.0,36
AC000283,2025-06-17,A0101,RM005,Product Education,Private Equity Buyout Fund VII,Private Equity,48,Yes,Yes,6.0,45
AC000284,2026-03-17,A0247,RM013,Product Education,Value-Add Real Estate Fund IV,Real Estate,56,No,No,,31
AC000285,2025-05-31,A0029,RM002,Intro Call,Private Equity Buyout Fund VII,Private Equity,67,Yes,No,12.0,52
AC000286,2025-12-08,A0128,RM002,Intro Call,Real Estate Income Fund II,Real Estate,32,No,No,,28
AC000287,2025-09-28,A0326,RM014,Product Education,Growth Equity Partners III,Private Equity,54,No,No,,22
AC000288,2025-12-15,A0098,RM009,Webinar,Opportunistic Credit Fund II,Private Credit,66,No,No,,28
AC000289,2025-07-11,A0243,RM013,In-person Meeting,Growth Equity Partners III,Private Equity,74,Yes,Yes,8.0,70
AC000290,2025-07-16,A0162,RM015,Intro Call,Core Infrastructure Income Fund III,Infrastructure,40,No,No,,17
AC000291,2026-04-26,A0120,RM009,Intro Call,Growth Equity Partners III,Private Equity,43,Yes,Yes,16.0,35
AC000292,2026-01-07,A0367,RM002,Intro Call,Core Infrastructure Income Fund III,Infrastructure,53,Yes,Yes,11.0,47
AC000293,2025-06-05,A0132,RM007,Follow-up Call,Growth Equity Partners III,Private Equity,76,Yes,Yes,3.0,36
AC000294,2025-06-14,A0090,RM014,Product Education,Value-Add Real Estate Fund IV,Real Estate,56,Yes,No,17.0,50
AC000295,2025-09-07,A0363,RM012,Webinar,Growth Equity Partners III,Private Equity,73,Yes,Yes,29.0,46
AC000296,2025-08-01,A0305,RM007,Webinar,Real Estate Income Fund II,Real Estate,37,No,No,,30
AC000297,2026-01-04,A0276,RM005,Product Education,Growth Equity Partners III,Private Equity,64,No,No,,18
AC000298,2025-12-31,A0024,RM008,Intro Call,Value-Add Real Estate Fund IV,Real Estate,39,No,No,,28
AC000299,2025-10-06,A0046,RM009,Product Education,Opportunistic Credit Fund II,Private Credit,78,No,No,,32
AC000300,2025-09-13,A0258,RM009,Portfolio Review,Opportunistic Credit Fund II,Private Credit,67,Yes,Yes,16.0,118
AC000301,2026-02-07,A0077,RM005,In-person Meeting,Global Infrastructure Partners IV,Infrastructure,51,Yes,Yes,26.0,89
AC000302,2025-12-13,A0086,RM003,In-person Meeting,Opportunistic Real Estate Fund VI,Real Estate,63,Yes,Yes,6.0,83
AC000303,2026-02-08,A0317,RM011,In-person Meeting,Opportunistic Real Estate Fund VI,Real Estate,83,Yes,Yes,7.0,78
AC000304,2025-08-23,A0108,RM008,Webinar,Senior Direct Lending Fund VI,Private Credit,52,No,No,,50
AC000305,2025-08-31,A0029,RM002,Follow-up Call,Opportunistic Real Estate Fund VI,Real Estate,74,Yes,Yes,24.0,35
AC000306,2025-07-31,A0018,RM007,Follow-up Call,Core Infrastructure Income Fund III,Infrastructure,80,Yes,Yes,14.0,33
AC000307,2026-04-25,A0177,RM014,Product Education,Direct Lending Income Fund V,Private Credit,51,No,No,,49
AC000308,2025-11-21,A0249,RM001,Follow-up Call,Value-Add Real Estate Fund IV,Real Estate,73,Yes,Yes,18.0,36
AC000309,2025-08-14,A0345,RM016,Webinar,Opportunistic Real Estate Fund VI,Real Estate,50,Yes,Yes,8.0,53
AC000310,2025-12-08,A0039,RM001,Follow-up Call,Opportunistic Credit Fund II,Private Credit,77,Yes,Yes,21.0,33
AC000311,2025-10-16,A0071,RM003,Intro Call,Core Infrastructure Income Fund III,Infrastructure,37,No,No,,44
AC000312,2026-04-05,A0211,RM006,Webinar,Opportunistic Credit Fund II,Private Credit,77,Yes,No,21.0,49
AC000313,2026-03-02,A0142,RM013,Follow-up Call,Senior Direct Lending Fund VI,Private Credit,64,No,No,,40
AC000314,2025-08-19,A0193,RM004,Due Diligence Meeting,Global Infrastructure Partners IV,Infrastructure,88,Yes,Yes,20.0,77
AC000315,2026-04-19,A0370,RM009,Intro Call,Global Infrastructure Partners IV,Infrastructure,41,Yes,No,8.0,42
AC000316,2026-02-12,A0219,RM011,Product Education,Opportunistic Credit Fund II,Private Credit,50,Yes,Yes,27.0,39
AC000317,2025-11-02,A0165,RM011,Webinar,Core Infrastructure Income Fund III,Infrastructure,87,No,No,,62
AC000318,2025-08-23,A0398,RM007,Due Diligence Meeting,Value-Add Real Estate Fund IV,Real Estate,94,Yes,Yes,8.0,105
AC000319,2025-07-07,A0026,RM011,In-person Meeting,Core Infrastructure Income Fund III,Infrastructure,64,Yes,Yes,7.0,65
AC000320,2025-06-22,A0373,RM005,Due Diligence Meeting,Opportunistic Real Estate Fund VI,Real Estate,62,Yes,Yes,14.0,53
AC000321,2026-02-26,A0200,RM007,Intro Call,Opportunistic Credit Fund II,Private Credit,65,Yes,Yes,14.0,34
AC000322,2025-06-08,A0200,RM007,In-person Meeting,Opportunistic Real Estate Fund VI,Real Estate,78,Yes,No,9.0,114
AC000323,2026-01-09,A0370,RM009,Follow-up Call,Growth Equity Partners III,Private Equity,71,Yes,Yes,2.0,15
AC000324,2025-09-05,A0201,RM008,Due Diligence Meeting,Core Infrastructure Income Fund III,Infrastructure,100,No,No,,73
AC000325,2025-12-16,A0174,RM016,Due Diligence Meeting,Global Infrastructure Partners IV,Infrastructure,77,No,No,,77
AC000326,2026-02-19,A0102,RM002,Follow-up Call,Senior Direct Lending Fund VI,Private Credit,52,Yes,No,12.0,30
AC000327,2025-11-02,A0267,RM007,Intro Call,Core Infrastructure Income Fund III,Infrastructure,66,Yes,Yes,29.0,48
AC000328,2025-09-23,A0229,RM002,Webinar,Senior Direct Lending Fund VI,Private Credit,29,Yes,No,2.0,50
AC000329,2025-05-25,A0078,RM016,In-person Meeting,Value-Add Real Estate Fund IV,Real Estate,85,No,No,,75
AC000330,2025-11-02,A0288,RM015,In-person Meeting,Senior Direct Lending Fund VI,Private Credit,68,No,No,,77
AC000331,2025-09-23,A0259,RM007,Follow-up Call,Real Estate Income Fund II,Real Estate,76,Yes,No,28.0,40
AC000332,2025-11-23,A0155,RM011,In-person Meeting,Core Infrastructure Income Fund III,Infrastructure,64,No,No,,92
AC000333,2026-03-30,A0003,RM001,Webinar,Value-Add Real Estate Fund IV,Real Estate,40,Yes,No,27.0,46
AC000334,2025-05-22,A0180,RM008,Product Education,Private Equity Buyout Fund VII,Private Equity,61,Yes,No,25.0,28
AC000335,2026-04-18,A0005,RM006,Product Education,Senior Direct Lending Fund VI,Private Credit,76,No,No,,34
AC000336,2025-07-22,A0030,RM009,Follow-up Call,Real Estate Income Fund II,Real Estate,79,Yes,No,12.0,46
AC000337,2026-03-16,A0173,RM016,In-person Meeting,Global Infrastructure Partners IV,Infrastructure,58,No,No,,86
AC000338,2026-01-10,A0031,RM010,Follow-up Call,Senior Direct Lending Fund VI,Private Credit,54,No,No,,36
AC000339,2025-05-09,A0104,RM011,In-person Meeting,Opportunistic Credit Fund II,Private Credit,85,No,No,,71
AC000340,2026-04-10,A0265,RM001,Portfolio Review,Senior Direct Lending Fund VI,Private Credit,65,Yes,Yes,5.0,91
AC000341,2026-02-07,A0117,RM010,Portfolio Review,Opportunistic Real Estate Fund VI,Real Estate,45,No,No,,72
AC000342,2025-08-30,A0400,RM006,Product Education,Opportunistic Credit Fund II,Private Credit,96,Yes,Yes,2.0,45
AC000343,2025-08-09,A0367,RM002,In-person Meeting,Global Infrastructure Partners IV,Infrastructure,64,Yes,Yes,28.0,84
AC000344,2025-07-24,A0234,RM008,Follow-up Call,Value-Add Real Estate Fund IV,Real Estate,81,No,No,,29
AC000345,2025-09-21,A0389,RM004,Portfolio Review,Private Equity Buyout Fund VII,Private Equity,61,Yes,No,19.0,44
AC000346,2026-02-15,A0344,RM001,Follow-up Call,Value-Add Real Estate Fund IV,Real Estate,72,Yes,Yes,9.0,27
AC000347,2025-07-19,A0121,RM010,Follow-up Call,Opportunistic Real Estate Fund VI,Real Estate,70,Yes,Yes,21.0,33
AC000348,2026-01-22,A0305,RM007,Product Education,Real Estate Income Fund II,Real Estate,64,Yes,Yes,8.0,20
AC000349,2025-12-13,A0049,RM011,Webinar,Direct Lending Income Fund V,Private Credit,47,Yes,No,21.0,42
AC000350,2025-11-18,A0277,RM006,Due Diligence Meeting,Growth Equity Partners III,Private Equity,98,No,No,,62
AC000351,2025-08-09,A0196,RM009,Portfolio Review,Opportunistic Credit Fund II,Private Credit,77,Yes,Yes,24.0,87
AC000352,2025-11-16,A0009,RM010,Portfolio Review,Opportunistic Credit Fund II,Private Credit,77,Yes,Yes,25.0,74
AC000353,2025-06-14,A0103,RM005,Intro Call,Direct Lending Income Fund V,Private Credit,34,Yes,No,17.0,19
AC000354,2025-09-11,A0383,RM010,Webinar,Opportunistic Credit Fund II,Private Credit,49,No,No,,37
AC000355,2025-05-22,A0120,RM009,Webinar,Real Estate Income Fund II,Real Estate,68,Yes,Yes,21.0,51
AC000356,2025-08-07,A0065,RM005,Follow-up Call,Real Estate Income Fund II,Real Estate,76,Yes,Yes,9.0,38
AC000357,2026-03-08,A0069,RM016,Follow-up Call,Growth Equity Partners III,Private Equity,73,Yes,Yes,21.0,47
AC000358,2025-07-08,A0192,RM004,In-person Meeting,Direct Lending Income Fund V,Private Credit,99,No,No,,82
AC000359,2025-05-12,A0341,RM002,Follow-up Call,Core Infrastructure Income Fund III,Infrastructure,71,Yes,No,16.0,49
AC000360,2025-10-22,A0307,RM014,Follow-up Call,Core Infrastructure Income Fund III,Infrastructure,53,No,No,,45
AC000361,2025-11-04,A0174,RM016,Product Education,Real Estate Income Fund II,Real Estate,63,No,No,,45
AC000362,2025-10-31,A0076,RM007,In-person Meeting,Direct Lending Income Fund V,Private Credit,55,Yes,Yes,15.0,108
AC000363,2025-05-09,A0022,RM003,Webinar,Core Infrastructure Income Fund III,Infrastructure,52,Yes,Yes,9.0,42
AC000364,2025-10-27,A0186,RM006,Webinar,Senior Direct Lending Fund VI,Private Credit,55,No,No,,53
AC000365,2025-09-01,A0331,RM013,Follow-up Call,Real Estate Income Fund II,Real Estate,58,No,No,,44
AC000366,2025-12-23,A0296,RM001,Product Education,Opportunistic Real Estate Fund VI,Real Estate,50,No,No,,34
AC000367,2025-09-05,A0160,RM002,Product Education,Senior Direct Lending Fund VI,Private Credit,70,Yes,No,16.0,29
AC000368,2026-03-02,A0238,RM015,Follow-up Call,Opportunistic Real Estate Fund VI,Real Estate,53,No,No,,40
AC000369,2025-08-08,A0174,RM016,In-person Meeting,Core Infrastructure Income Fund III,Infrastructure,61,Yes,Yes,24.0,59
AC000370,2025-10-02,A0233,RM004,Due Diligence Meeting,Value-Add Real Estate Fund IV,Real Estate,62,Yes,Yes,22.0,112
AC000371,2026-01-12,A0204,RM004,Intro Call,Core Infrastructure Income Fund III,Infrastructure,45,No,No,,34
AC000372,2025-11-15,A0276,RM005,Product Education,Direct Lending Income Fund V,Private Credit,91,Yes,Yes,17.0,49
AC000373,2026-03-05,A0201,RM008,In-person Meeting,Core Infrastructure Income Fund III,Infrastructure,90,Yes,Yes,17.0,37
AC000374,2026-03-02,A0377,RM013,In-person Meeting,Value-Add Real Estate Fund IV,Real Estate,65,No,No,,69
AC000375,2025-08-28,A0172,RM009,In-person Meeting,Direct Lending Income Fund V,Private Credit,56,No,No,,81
AC000376,2026-03-23,A0008,RM010,Due Diligence Meeting,Senior Direct Lending Fund VI,Private Credit,78,Yes,Yes,6.0,93
AC000377,2025-12-16,A0090,RM014,In-person Meeting,Real Estate Income Fund II,Real Estate,68,Yes,No,27.0,54
AC000378,2025-05-18,A0199,RM014,Follow-up Call,Growth Equity Partners III,Private Equity,59,Yes,Yes,27.0,27
AC000379,2025-11-21,A0215,RM005,Follow-up Call,Direct Lending Income Fund V,Private Credit,66,No,No,,37
AC000380,2025-11-12,A0221,RM001,In-person Meeting,Opportunistic Real Estate Fund VI,Real Estate,73,No,No,,69
AC000381,2026-02-04,A0290,RM015,Portfolio Review,Opportunistic Credit Fund II,Private Credit,70,No,No,,12
AC000382,2025-12-07,A0103,RM005,Portfolio Review,Private Equity Buyout Fund VII,Private Equity,46,Yes,Yes,8.0,62
AC000383,2026-04-10,A0271,RM014,Webinar,Core Infrastructure Income Fund III,Infrastructure,49,Yes,Yes,7.0,63
AC000384,2026-01-11,A0285,RM011,Follow-up Call,Private Equity Buyout Fund VII,Private Equity,50,No,No,,36
AC000385,2025-05-15,A0162,RM015,Intro Call,Opportunistic Credit Fund II,Private Credit,57,Yes,No,14.0,44
AC000386,2025-05-01,A0157,RM016,In-person Meeting,Opportunistic Real Estate Fund VI,Real Estate,80,No,No,,58
AC000387,2025-12-10,A0064,RM011,Follow-up Call,Direct Lending Income Fund V,Private Credit,55,No,No,,48
AC000388,2026-02-28,A0165,RM011,Due Diligence Meeting,Real Estate Income Fund II,Real Estate,97,Yes,No,28.0,72
AC000389,2025-07-14,A0322,RM006,Portfolio Review,Opportunistic Real Estate Fund VI,Real Estate,69,No,No,,86
AC000390,2025-12-30,A0363,RM012,Webinar,Senior Direct Lending Fund VI,Private Credit,82,Yes,Yes,13.0,48
AC000391,2025-06-27,A0238,RM015,In-person Meeting,Real Estate Income Fund II,Real Estate,59,Yes,Yes,13.0,69
AC000392,2025-08-09,A0113,RM003,Webinar,Opportunistic Real Estate Fund VI,Real Estate,55,No,No,,49
AC000393,2026-02-09,A0276,RM005,Follow-up Call,Opportunistic Real Estate Fund VI,Real Estate,75,No,No,,41
AC000394,2025-11-30,A0300,RM008,Webinar,Private Equity Buyout Fund VII,Private Equity,55,Yes,Yes,9.0,58
AC000395,2025-10-02,A0127,RM014,Follow-up Call,Opportunistic Real Estate Fund VI,Real Estate,77,Yes,No,7.0,29
AC000396,2025-08-13,A0335,RM006,Intro Call,Senior Direct Lending Fund VI,Private Credit,37,No,No,,38
AC000397,2026-04-06,A0029,RM002,In-person Meeting,Global Infrastructure Partners IV,Infrastructure,63,Yes,Yes,21.0,72
AC000398,2025-08-23,A0006,RM012,Intro Call,Growth Equity Partners III,Private Equity,82,Yes,Yes,3.0,22
AC000399,2026-03-04,A0045,RM016,Intro Call,Global Infrastructure Partners IV,Infrastructure,47,Yes,No,3.0,47
AC000400,2025-10-04,A0055,RM006,Webinar,Real Estate Income Fund II,Real Estate,53,Yes,Yes,13.0,48
AC000401,2025-08-23,A0349,RM014,Intro Call,Opportunistic Credit Fund II,Private Credit,80,No,No,,36
AC000402,2025-12-03,A0171,RM016,Product Education,Opportunistic Real Estate Fund VI,Real Estate,59,No,No,,39
AC000403,2025-11-07,A0104,RM011,Intro Call,Core Infrastructure Income Fund III,Infrastructure,68,Yes,Yes,28.0,37
AC000404,2026-04-19,A0173,RM016,In-person Meeting,Direct Lending Income Fund V,Private Credit,61,No,No,,75
AC000405,2026-03-31,A0154,RM002,Portfolio Review,Growth Equity Partners III,Private Equity,70,Yes,Yes,25.0,119
AC000406,2025-11-11,A0115,RM012,Intro Call,Real Estate Income Fund II,Real Estate,64,Yes,No,14.0,20
AC000407,2025-11-19,A0049,RM011,In-person Meeting,Real Estate Income Fund II,Real Estate,57,Yes,Yes,11.0,62
AC000408,2026-04-22,A0265,RM001,Follow-up Call,Global Infrastructure Partners IV,Infrastructure,58,No,No,,29
AC000409,2025-12-03,A0048,RM007,In-person Meeting,Opportunistic Credit Fund II,Private Credit,77,Yes,Yes,27.0,76
AC000410,2025-07-10,A0316,RM001,Webinar,Value-Add Real Estate Fund IV,Real Estate,50,Yes,No,11.0,57
AC000411,2026-02-12,A0073,RM002,Due Diligence Meeting,Value-Add Real Estate Fund IV,Real Estate,72,Yes,Yes,10.0,58
AC000412,2025-05-01,A0297,RM006,Intro Call,Growth Equity Partners III,Private Equity,65,Yes,Yes,24.0,55
AC000413,2025-10-27,A0326,RM014,Follow-up Call,Opportunistic Real Estate Fund VI,Real Estate,48,No,No,,31
AC000414,2026-04-27,A0045,RM016,Portfolio Review,Direct Lending Income Fund V,Private Credit,55,Yes,Yes,8.0,70
AC000415,2026-01-11,A0032,RM001,Follow-up Call,Direct Lending Income Fund V,Private Credit,68,No,No,,35
AC000416,2025-05-17,A0382,RM010,Product Education,Senior Direct Lending Fund VI,Private Credit,81,Yes,Yes,27.0,13
AC000417,2025-06-13,A0186,RM006,Webinar,Value-Add Real Estate Fund IV,Real Estate,66,Yes,Yes,5.0,63
AC000418,2026-01-06,A0255,RM014,Webinar,Global Infrastructure Partners IV,Infrastructure,69,No,No,,41
AC000419,2025-05-30,A0013,RM011,In-person Meeting,Senior Direct Lending Fund VI,Private Credit,48,Yes,Yes,5.0,65
AC000420,2026-03-10,A0105,RM004,Follow-up Call,Direct Lending Income Fund V,Private Credit,55,No,No,,35
AC000421,2026-04-06,A0200,RM007,Product Education,Global Infrastructure Partners IV,Infrastructure,75,Yes,Yes,20.0,21
AC000422,2025-08-28,A0351,RM007,Intro Call,Direct Lending Income Fund V,Private Credit,40,Yes,Yes,3.0,40
AC000423,2026-03-05,A0102,RM002,Due Diligence Meeting,Value-Add Real Estate Fund IV,Real Estate,70,No,No,,65
AC000424,2026-01-11,A0316,RM001,Due Diligence Meeting,Private Equity Buyout Fund VII,Private Equity,73,No,No,,88
AC000425,2026-02-28,A0270,RM012,Product Education,Direct Lending Income Fund V,Private Credit,66,No,No,,10
AC000426,2025-07-27,A0041,RM008,Due Diligence Meeting,Opportunistic Credit Fund II,Private Credit,83,Yes,No,26.0,24
AC000427,2025-10-20,A0110,RM003,Due Diligence Meeting,Core Infrastructure Income Fund III,Infrastructure,38,No,No,,40
AC000428,2026-03-22,A0091,RM009,Webinar,Real Estate Income Fund II,Real Estate,61,No,No,,58
AC000429,2025-12-16,A0177,RM014,Portfolio Review,Global Infrastructure Partners IV,Infrastructure,61,No,No,,80
AC000430,2025-12-18,A0257,RM004,In-person Meeting,Global Infrastructure Partners IV,Infrastructure,83,Yes,Yes,19.0,56
AC000431,2025-08-17,A0173,RM016,Follow-up Call,Private Equity Buyout Fund VII,Private Equity,42,No,No,,28
AC000432,2025-12-12,A0094,RM005,Webinar,Opportunistic Credit Fund II,Private Credit,43,Yes,Yes,28.0,38
AC000433,2025-06-05,A0281,RM009,Webinar,Direct Lending Income Fund V,Private Credit,57,No,No,,65
AC000434,2025-09-09,A0234,RM008,Portfolio Review,Opportunistic Credit Fund II,Private Credit,66,No,No,,69
AC000435,2026-04-22,A0204,RM004,Webinar,Direct Lending Income Fund V,Private Credit,41,Yes,Yes,22.0,54
AC000436,2025-10-05,A0222,RM010,Intro Call,Core Infrastructure Income Fund III,Infrastructure,53,Yes,Yes,2.0,27
AC000437,2025-12-11,A0082,RM003,Webinar,Core Infrastructure Income Fund III,Infrastructure,52,No,No,,47
AC000438,2025-08-19,A0276,RM005,In-person Meeting,Global Infrastructure Partners IV,Infrastructure,75,No,No,,84
AC000439,2026-01-22,A0150,RM006,In-person Meeting,Senior Direct Lending Fund VI,Private Credit,80,Yes,Yes,28.0,46
AC000440,2026-04-09,A0142,RM013,Follow-up Call,Real Estate Income Fund II,Real Estate,78,Yes,Yes,8.0,31
AC000441,2025-05-28,A0054,RM003,Intro Call,Opportunistic Real Estate Fund VI,Real Estate,56,No,No,,26
AC000442,2025-10-19,A0239,RM003,Webinar,Opportunistic Credit Fund II,Private Credit,45,Yes,No,5.0,51
AC000443,2026-01-02,A0241,RM014,In-person Meeting,Direct Lending Income Fund V,Private Credit,70,No,No,,68
AC000444,2025-05-29,A0130,RM009,Intro Call,Real Estate Income Fund II,Real Estate,54,Yes,Yes,20.0,17
AC000445,2026-01-19,A0343,RM004,Due Diligence Meeting,Real Estate Income Fund II,Real Estate,82,No,No,,79
AC000446,2026-03-06,A0341,RM002,Follow-up Call,Value-Add Real Estate Fund IV,Real Estate,63,No,No,,26
AC000447,2025-05-05,A0038,RM012,Follow-up Call,Value-Add Real Estate Fund IV,Real Estate,65,Yes,No,12.0,22
AC000448,2025-11-17,A0281,RM009,Webinar,Private Equity Buyout Fund VII,Private Equity,58,No,No,,47
AC000449,2025-08-27,A0154,RM002,Portfolio Review,Senior Direct Lending Fund VI,Private Credit,90,Yes,Yes,22.0,80
AC000450,2026-01-16,A0400,RM006,In-person Meeting,Growth Equity Partners III,Private Equity,100,Yes,Yes,21.0,65
AC000451,2026-04-10,A0085,RM002,Webinar,Opportunistic Real Estate Fund VI,Real Estate,48,Yes,No,22.0,52
AC000452,2026-01-18,A0107,RM004,Webinar,Growth Equity Partners III,Private Equity,72,Yes,No,4.0,33
AC000453,2026-04-26,A0176,RM003,Due Diligence Meeting,Direct Lending Income Fund V,Private Credit,78,Yes,Yes,20.0,42
AC000454,2025-05-30,A0102,RM002,Intro Call,Opportunistic Real Estate Fund VI,Real Estate,61,Yes,Yes,24.0,32
AC000455,2025-12-29,A0280,RM004,In-person Meeting,Direct Lending Income Fund V,Private Credit,90,Yes,Yes,24.0,72
AC000456,2026-02-26,A0192,RM004,Intro Call,Real Estate Income Fund II,Real Estate,96,Yes,Yes,13.0,30
AC000457,2025-08-22,A0082,RM003,Portfolio Review,Core Infrastructure Income Fund III,Infrastructure,57,No,No,,75
AC000458,2025-11-30,A0201,RM008,Webinar,Private Equity Buyout Fund VII,Private Equity,72,No,No,,57
AC000459,2025-09-15,A0353,RM004,Follow-up Call,Opportunistic Real Estate Fund VI,Real Estate,66,Yes,No,27.0,46
AC000460,2026-03-31,A0323,RM016,Intro Call,Senior Direct Lending Fund VI,Private Credit,66,Yes,No,10.0,30
AC000461,2026-04-01,A0199,RM014,Due Diligence Meeting,Value-Add Real Estate Fund IV,Real Estate,77,No,No,,69
AC000462,2025-06-03,A0108,RM008,Webinar,Senior Direct Lending Fund VI,Private Credit,47,Yes,Yes,2.0,61
AC000463,2025-11-10,A0064,RM011,Webinar,Senior Direct Lending Fund VI,Private Credit,61,Yes,No,21.0,54
AC000464,2025-12-16,A0349,RM014,Intro Call,Growth Equity Partners III,Private Equity,60,Yes,Yes,16.0,34
AC000465,2025-07-22,A0289,RM008,Product Education,Opportunistic Real Estate Fund VI,Real Estate,97,Yes,Yes,27.0,56
AC000466,2025-05-17,A0229,RM002,Portfolio Review,Core Infrastructure Income Fund III,Infrastructure,79,Yes,Yes,15.0,54
AC000467,2026-01-01,A0349,RM014,Follow-up Call,Growth Equity Partners III,Private Equity,63,Yes,Yes,17.0,21
AC000468,2026-03-07,A0045,RM016,In-person Meeting,Value-Add Real Estate Fund IV,Real Estate,71,No,No,,84
AC000469,2025-09-15,A0276,RM005,Follow-up Call,Value-Add Real Estate Fund IV,Real Estate,64,No,No,,25
AC000470,2025-12-24,A0078,RM016,Follow-up Call,Senior Direct Lending Fund VI,Private Credit,79,No,No,,38
AC000471,2026-04-05,A0044,RM005,Follow-up Call,Opportunistic Credit Fund II,Private Credit,49,Yes,Yes,26.0,34
AC000472,2025-07-22,A0186,RM006,Follow-up Call,Opportunistic Credit Fund II,Private Credit,74,Yes,Yes,22.0,46
AC000473,2026-04-06,A0150,RM006,Follow-up Call,Growth Equity Partners III,Private Equity,69,Yes,No,21.0,41
AC000474,2026-02-04,A0377,RM013,Follow-up Call,Direct Lending Income Fund V,Private Credit,38,Yes,Yes,25.0,20
AC000475,2025-11-02,A0123,RM004,Product Education,Global Infrastructure Partners IV,Infrastructure,67,No,No,,33
AC000476,2025-10-02,A0331,RM013,In-person Meeting,Growth Equity Partners III,Private Equity,64,No,No,,71
AC000477,2025-10-13,A0305,RM007,Due Diligence Meeting,Core Infrastructure Income Fund III,Infrastructure,79,Yes,Yes,13.0,94
AC000478,2025-12-06,A0272,RM012,Intro Call,Real Estate Income Fund II,Real Estate,45,Yes,Yes,21.0,49
AC000479,2025-08-04,A0369,RM011,In-person Meeting,Global Infrastructure Partners IV,Infrastructure,70,Yes,No,2.0,73
AC000480,2026-03-14,A0160,RM002,Intro Call,Global Infrastructure Partners IV,Infrastructure,43,Yes,No,5.0,37
AC000481,2026-02-28,A0151,RM003,Follow-up Call,Real Estate Income Fund II,Real Estate,63,Yes,No,3.0,52
AC000482,2026-02-04,A0059,RM002,Due Diligence Meeting,Opportunistic Credit Fund II,Private Credit,72,Yes,No,27.0,96
AC000483,2025-06-03,A0105,RM004,Due Diligence Meeting,Senior Direct Lending Fund VI,Private Credit,61,Yes,Yes,8.0,99
AC000484,2025-11-09,A0349,RM014,Intro Call,Real Estate Income Fund II,Real Estate,64,Yes,Yes,9.0,40
AC000485,2026-02-08,A0189,RM015,Intro Call,Global Infrastructure Partners IV,Infrastructure,21,Yes,Yes,7.0,14
AC000486,2026-01-27,A0130,RM009,Webinar,Private Equity Buyout Fund VII,Private Equity,62,No,No,,34
AC000487,2025-12-11,A0078,RM016,Follow-up Call,Value-Add Real Estate Fund IV,Real Estate,69,Yes,Yes,10.0,44
AC000488,2025-11-27,A0193,RM004,Intro Call,Global Infrastructure Partners IV,Infrastructure,59,Yes,Yes,6.0,27
AC000489,2025-08-17,A0291,RM003,In-person Meeting,Direct Lending Income Fund V,Private Credit,66,No,No,,88
AC000490,2025-09-30,A0108,RM008,Webinar,Direct Lending Income Fund V,Private Credit,39,Yes,Yes,20.0,50
AC000491,2025-11-28,A0307,RM014,Product Education,Value-Add Real Estate Fund IV,Real Estate,64,No,No,,43
AC000492,2025-08-08,A0255,RM014,In-person Meeting,Private Equity Buyout Fund VII,Private Equity,100,Yes,No,24.0,96
AC000493,2025-07-02,A0323,RM016,Due Diligence Meeting,Global Infrastructure Partners IV,Infrastructure,91,No,No,,66
AC000494,2025-06-10,A0096,RM010,Intro Call,Private Equity Buyout Fund VII,Private Equity,66,No,No,,32
AC000495,2025-06-03,A0255,RM014,Follow-up Call,Direct Lending Income Fund V,Private Credit,89,Yes,Yes,10.0,31
AC000496,2026-01-02,A0054,RM003,Webinar,Growth Equity Partners III,Private Equity,64,Yes,Yes,9.0,44
AC000497,2025-07-21,A0142,RM013,Product Education,Real Estate Income Fund II,Real Estate,59,No,No,,22
AC000498,2025-10-20,A0294,RM012,Product Education,Opportunistic Real Estate Fund VI,Real Estate,64,Yes,Yes,2.0,26
AC000499,2025-11-11,A0256,RM015,Product Education,Global Infrastructure Partners IV,Infrastructure,58,Yes,Yes,14.0,45
AC000500,2025-06-04,A0069,RM016,Due Diligence Meeting,Senior Direct Lending Fund VI,Private Credit,84,Yes,Yes,23.0,86
AC000501,2025-07-03,A0343,RM004,In-person Meeting,Value-Add Real Estate Fund IV,Real Estate,85,Yes,No,27.0,64
AC000502,2025-05-05,A0024,RM008,In-person Meeting,Direct Lending Income Fund V,Private Credit,77,Yes,No,17.0,78
AC000503,2026-04-11,A0239,RM003,Follow-up Call,Value-Add Real Estate Fund IV,Real Estate,44,Yes,Yes,22.0,34
AC000504,2025-08-12,A0397,RM013,Follow-up Call,Global Infrastructure Partners IV,Infrastructure,53,Yes,No,11.0,45
AC000505,2025-06-24,A0211,RM006,Product Education,Core Infrastructure Income Fund III,Infrastructure,82,No,No,,24
AC000506,2025-12-04,A0326,RM014,Webinar,Opportunistic Credit Fund II,Private Credit,37,Yes,No,14.0,39
AC000507,2025-11-23,A0239,RM003,Due Diligence Meeting,Value-Add Real Estate Fund IV,Real Estate,70,Yes,Yes,11.0,76
AC000508,2026-01-19,A0320,RM009,Due Diligence Meeting,Real Estate Income Fund II,Real Estate,100,Yes,Yes,25.0,106
AC000509,2026-03-29,A0265,RM001,Intro Call,Global Infrastructure Partners IV,Infrastructure,50,Yes,No,3.0,41
AC000510,2026-04-04,A0280,RM004,Intro Call,Opportunistic Real Estate Fund VI,Real Estate,77,Yes,Yes,10.0,38
AC000511,2026-02-19,A0087,RM013,In-person Meeting,Global Infrastructure Partners IV,Infrastructure,74,Yes,No,20.0,88
AC000512,2025-07-03,A0301,RM012,Intro Call,Senior Direct Lending Fund VI,Private Credit,53,No,No,,27
AC000513,2026-02-15,A0091,RM009,Due Diligence Meeting,Opportunistic Credit Fund II,Private Credit,100,Yes,Yes,12.0,100
AC000514,2026-03-25,A0396,RM016,Product Education,Growth Equity Partners III,Private Equity,51,No,No,,54
AC000515,2025-08-01,A0087,RM013,In-person Meeting,Opportunistic Credit Fund II,Private Credit,85,Yes,No,25.0,57
AC000516,2026-03-13,A0090,RM014,Follow-up Call,Senior Direct Lending Fund VI,Private Credit,56,No,No,,38
AC000517,2026-03-31,A0343,RM004,Follow-up Call,Opportunistic Real Estate Fund VI,Real Estate,62,No,No,,45
AC000518,2025-05-28,A0093,RM012,In-person Meeting,Opportunistic Real Estate Fund VI,Real Estate,67,Yes,Yes,18.0,71
AC000519,2026-04-23,A0142,RM013,Due Diligence Meeting,Real Estate Income Fund II,Real Estate,75,Yes,Yes,4.0,107
AC000520,2025-09-10,A0290,RM015,Product Education,Opportunistic Real Estate Fund VI,Real Estate,59,Yes,Yes,24.0,22
AC000521,2025-11-15,A0058,RM007,Intro Call,Global Infrastructure Partners IV,Infrastructure,63,No,No,,19
AC000522,2026-02-21,A0058,RM007,Intro Call,Opportunistic Real Estate Fund VI,Real Estate,56,Yes,No,27.0,35
AC000523,2026-01-03,A0194,RM002,In-person Meeting,Growth Equity Partners III,Private Equity,88,Yes,Yes,22.0,93
AC000524,2025-08-27,A0094,RM005,Product Education,Real Estate Income Fund II,Real Estate,61,No,No,,36
AC000525,2026-02-05,A0090,RM014,Follow-up Call,Opportunistic Credit Fund II,Private Credit,60,Yes,Yes,24.0,38
AC000526,2025-06-30,A0006,RM012,In-person Meeting,Direct Lending Income Fund V,Private Credit,100,Yes,Yes,28.0,114
AC000527,2025-12-17,A0144,RM007,Follow-up Call,Direct Lending Income Fund V,Private Credit,50,Yes,Yes,5.0,23
AC000528,2026-03-20,A0121,RM010,Follow-up Call,Global Infrastructure Partners IV,Infrastructure,89,Yes,Yes,15.0,16
AC000529,2026-03-30,A0017,RM002,Intro Call,Global Infrastructure Partners IV,Infrastructure,38,Yes,No,21.0,30
AC000530,2025-06-16,A0249,RM001,Follow-up Call,Senior Direct Lending Fund VI,Private Credit,74,No,No,,20
AC000531,2025-10-29,A0252,RM008,In-person Meeting,Core Infrastructure Income Fund III,Infrastructure,78,Yes,Yes,25.0,65
AC000532,2025-05-22,A0029,RM002,Product Education,Global Infrastructure Partners IV,Infrastructure,72,Yes,Yes,20.0,31
AC000533,2025-12-13,A0120,RM009,In-person Meeting,Private Equity Buyout Fund VII,Private Equity,79,Yes,Yes,28.0,45
AC000534,2026-04-13,A0347,RM003,Portfolio Review,Growth Equity Partners III,Private Equity,52,No,No,,92
AC000535,2026-04-24,A0233,RM004,Due Diligence Meeting,Direct Lending Income Fund V,Private Credit,80,Yes,No,3.0,97
AC000536,2025-07-11,A0163,RM014,Webinar,Opportunistic Credit Fund II,Private Credit,72,Yes,Yes,6.0,42
AC000537,2025-07-10,A0186,RM006,Webinar,Direct Lending Income Fund V,Private Credit,51,No,No,,54
AC000538,2026-01-01,A0076,RM007,Follow-up Call,Value-Add Real Estate Fund IV,Real Estate,50,Yes,No,28.0,40
AC000539,2025-07-15,A0328,RM013,In-person Meeting,Direct Lending Income Fund V,Private Credit,69,No,No,,65
AC000540,2025-09-10,A0367,RM002,Webinar,Direct Lending Income Fund V,Private Credit,72,Yes,No,29.0,36
AC000541,2025-07-04,A0364,RM003,Intro Call,Real Estate Income Fund II,Real Estate,36,Yes,Yes,16.0,34
AC000542,2025-06-12,A0084,RM012,Portfolio Review,Core Infrastructure Income Fund III,Infrastructure,47,No,No,,53
AC000543,2026-03-03,A0118,RM013,Follow-up Call,Private Equity Buyout Fund VII,Private Equity,45,Yes,No,19.0,31
AC000544,2026-03-10,A0059,RM002,Follow-up Call,Opportunistic Credit Fund II,Private Credit,49,No,No,,18
AC000545,2025-12-13,A0117,RM010,Webinar,Opportunistic Real Estate Fund VI,Real Estate,41,Yes,Yes,10.0,49
AC000546,2025-11-26,A0127,RM014,In-person Meeting,Value-Add Real Estate Fund IV,Real Estate,85,Yes,Yes,7.0,79
AC000547,2025-08-23,A0256,RM015,Follow-up Call,Opportunistic Credit Fund II,Private Credit,52,No,No,,33
AC000548,2026-03-19,A0069,RM016,Follow-up Call,Value-Add Real Estate Fund IV,Real Estate,70,Yes,No,19.0,52
AC000549,2025-06-03,A0369,RM011,Product Education,Global Infrastructure Partners IV,Infrastructure,53,No,No,,20
AC000550,2025-10-22,A0036,RM008,Portfolio Review,Direct Lending Income Fund V,Private Credit,63,No,No,,66
AC000551,2026-01-19,A0005,RM006,Webinar,Opportunistic Real Estate Fund VI,Real Estate,58,Yes,No,5.0,71
AC000552,2025-06-28,A0343,RM004,Intro Call,Global Infrastructure Partners IV,Infrastructure,48,Yes,Yes,25.0,25
AC000553,2025-07-16,A0285,RM011,Portfolio Review,Growth Equity Partners III,Private Equity,73,Yes,Yes,15.0,48
AC000554,2025-06-10,A0138,RM016,Intro Call,Opportunistic Credit Fund II,Private Credit,59,Yes,No,3.0,23
AC000555,2026-03-15,A0239,RM003,Webinar,Private Equity Buyout Fund VII,Private Equity,44,No,No,,67
AC000556,2026-03-23,A0084,RM012,Portfolio Review,Opportunistic Real Estate Fund VI,Real Estate,56,No,No,,60
AC000557,2026-01-22,A0061,RM006,Follow-up Call,Opportunistic Real Estate Fund VI,Real Estate,66,Yes,No,6.0,37
AC000558,2026-01-20,A0186,RM006,Intro Call,Real Estate Income Fund II,Real Estate,73,Yes,No,21.0,54
AC000559,2025-12-08,A0137,RM008,Follow-up Call,Growth Equity Partners III,Private Equity,43,Yes,Yes,4.0,30
AC000560,2025-07-30,A0249,RM001,Follow-up Call,Global Infrastructure Partners IV,Infrastructure,65,Yes,No,20.0,32
AC000561,2026-02-12,A0079,RM015,Webinar,Global Infrastructure Partners IV,Infrastructure,34,No,No,,39
AC000562,2025-10-18,A0271,RM014,In-person Meeting,Opportunistic Real Estate Fund VI,Real Estate,70,Yes,Yes,22.0,58
AC000563,2025-12-08,A0311,RM004,Follow-up Call,Direct Lending Income Fund V,Private Credit,71,No,No,,25
AC000564,2025-08-09,A0061,RM006,Intro Call,Real Estate Income Fund II,Real Estate,62,Yes,No,15.0,34
AC000565,2025-05-08,A0020,RM014,In-person Meeting,Global Infrastructure Partners IV,Infrastructure,75,Yes,Yes,8.0,72
AC000566,2025-11-26,A0175,RM007,Follow-up Call,Core Infrastructure Income Fund III,Infrastructure,53,Yes,Yes,29.0,18
AC000567,2025-06-02,A0316,RM001,In-person Meeting,Core Infrastructure Income Fund III,Infrastructure,56,Yes,Yes,13.0,60
AC000568,2026-03-23,A0262,RM009,Product Education,Real Estate Income Fund II,Real Estate,80,Yes,Yes,16.0,31
AC000569,2026-03-23,A0285,RM011,Follow-up Call,Opportunistic Credit Fund II,Private Credit,78,Yes,No,25.0,45
AC000570,2026-03-24,A0157,RM016,Product Education,Direct Lending Income Fund V,Private Credit,87,Yes,Yes,5.0,22
AC000571,2025-12-28,A0090,RM014,Portfolio Review,Opportunistic Real Estate Fund VI,Real Estate,72,Yes,No,11.0,82
AC000572,2025-09-06,A0211,RM006,Due Diligence Meeting,Direct Lending Income Fund V,Private Credit,100,Yes,No,2.0,49
AC000573,2025-05-02,A0074,RM008,Webinar,Opportunistic Real Estate Fund VI,Real Estate,60,No,No,,28
AC000574,2025-08-05,A0295,RM009,In-person Meeting,Direct Lending Income Fund V,Private Credit,74,Yes,Yes,9.0,78
AC000575,2026-02-25,A0071,RM003,Follow-up Call,Private Equity Buyout Fund VII,Private Equity,58,Yes,Yes,7.0,29
AC000576,2025-08-07,A0110,RM003,Webinar,Opportunistic Credit Fund II,Private Credit,42,Yes,Yes,17.0,30
AC000577,2025-06-23,A0201,RM008,Portfolio Review,Opportunistic Credit Fund II,Private Credit,81,No,No,,126
AC000578,2025-07-28,A0195,RM005,Intro Call,Senior Direct Lending Fund VI,Private Credit,66,No,No,,19
AC000579,2025-05-04,A0240,RM005,Webinar,Growth Equity Partners III,Private Equity,67,Yes,Yes,15.0,48
AC000580,2025-09-28,A0174,RM016,Due Diligence Meeting,Core Infrastructure Income Fund III,Infrastructure,77,No,No,,67
AC000581,2026-04-25,A0369,RM011,Webinar,Value-Add Real Estate Fund IV,Real Estate,64,Yes,Yes,28.0,40
AC000582,2025-11-01,A0340,RM016,Portfolio Review,Growth Equity Partners III,Private Equity,72,Yes,No,5.0,70
AC000583,2026-04-03,A0349,RM014,Due Diligence Meeting,Value-Add Real Estate Fund IV,Real Estate,96,Yes,No,11.0,77
AC000584,2025-08-30,A0254,RM002,Webinar,Opportunistic Credit Fund II,Private Credit,44,Yes,No,21.0,41
AC000585,2026-03-16,A0256,RM015,Follow-up Call,Value-Add Real Estate Fund IV,Real Estate,45,No,No,,38
AC000586,2025-07-10,A0246,RM002,Intro Call,Senior Direct Lending Fund VI,Private Credit,61,No,No,,44
AC000587,2025-07-14,A0174,RM016,Intro Call,Opportunistic Real Estate Fund VI,Real Estate,39,Yes,No,7.0,34
AC000588,2025-11-08,A0122,RM006,In-person Meeting,Growth Equity Partners III,Private Equity,94,No,No,,110
AC000589,2025-08-18,A0237,RM008,Intro Call,Global Infrastructure Partners IV,Infrastructure,40,No,No,,34
AC000590,2025-06-06,A0014,RM013,Due Diligence Meeting,Private Equity Buyout Fund VII,Private Equity,82,Yes,Yes,8.0,47
AC000591,2025-07-30,A0005,RM006,Intro Call,Opportunistic Real Estate Fund VI,Real Estate,59,Yes,Yes,27.0,20
AC000592,2025-08-19,A0342,RM003,Follow-up Call,Growth Equity Partners III,Private Equity,55,No,No,,22
AC000593,2025-09-30,A0022,RM003,Portfolio Review,Senior Direct Lending Fund VI,Private Credit,64,No,No,,67
AC000594,2026-01-07,A0208,RM014,Intro Call,Core Infrastructure Income Fund III,Infrastructure,68,Yes,Yes,26.0,50
AC000595,2025-07-31,A0249,RM001,Follow-up Call,Real Estate Income Fund II,Real Estate,64,Yes,No,17.0,43
AC000596,2025-12-14,A0072,RM009,In-person Meeting,Core Infrastructure Income Fund III,Infrastructure,94,Yes,Yes,10.0,81
AC000597,2025-10-12,A0357,RM010,In-person Meeting,Senior Direct Lending Fund VI,Private Credit,88,No,No,,59
AC000598,2026-03-23,A0071,RM003,Portfolio Review,Direct Lending Income Fund V,Private Credit,58,Yes,Yes,23.0,94
AC000599,2026-04-06,A0351,RM007,Follow-up Call,Opportunistic Real Estate Fund VI,Real Estate,50,Yes,Yes,25.0,17
AC000600,2026-04-19,A0310,RM010,In-person Meeting,Opportunistic Real Estate Fund VI,Real Estate,49,No,No,,88
AC000601,2025-10-04,A0092,RM009,Follow-up Call,Opportunistic Credit Fund II,Private Credit,59,No,No,,32
AC000602,2025-08-02,A0054,RM003,Due Diligence Meeting,Core Infrastructure Income Fund III,Infrastructure,93,No,No,,100
AC000603,2025-05-19,A0120,RM009,Due Diligence Meeting,Direct Lending Income Fund V,Private Credit,72,Yes,No,19.0,99
AC000604,2025-11-08,A0156,RM004,Follow-up Call,Opportunistic Real Estate Fund VI,Real Estate,40,Yes,No,26.0,35
AC000605,2025-10-07,A0094,RM005,In-person Meeting,Direct Lending Income Fund V,Private Credit,67,Yes,Yes,10.0,99
AC000606,2025-05-28,A0400,RM006,Follow-up Call,Real Estate Income Fund II,Real Estate,67,Yes,No,2.0,21
AC000607,2025-11-04,A0087,RM013,Follow-up Call,Global Infrastructure Partners IV,Infrastructure,69,Yes,Yes,5.0,29
AC000608,2025-10-24,A0336,RM005,Webinar,Opportunistic Credit Fund II,Private Credit,56,Yes,Yes,3.0,53
AC000609,2025-12-15,A0058,RM007,Follow-up Call,Global Infrastructure Partners IV,Infrastructure,65,Yes,Yes,8.0,37
AC000610,2025-07-27,A0396,RM016,In-person Meeting,Real Estate Income Fund II,Real Estate,50,No,No,,69
AC000611,2025-09-26,A0086,RM003,In-person Meeting,Global Infrastructure Partners IV,Infrastructure,68,Yes,No,25.0,95
AC000612,2026-03-16,A0169,RM010,Follow-up Call,Real Estate Income Fund II,Real Estate,65,Yes,Yes,10.0,14
AC000613,2025-05-14,A0225,RM016,In-person Meeting,Direct Lending Income Fund V,Private Credit,78,Yes,Yes,15.0,79
AC000614,2025-09-03,A0044,RM005,In-person Meeting,Opportunistic Credit Fund II,Private Credit,58,No,No,,78
AC000615,2025-05-26,A0333,RM006,Product Education,Growth Equity Partners III,Private Equity,39,Yes,Yes,8.0,29
AC000616,2025-09-04,A0104,RM011,Intro Call,Senior Direct Lending Fund VI,Private Credit,71,Yes,Yes,9.0,49
AC000617,2026-01-31,A0220,RM015,Intro Call,Value-Add Real Estate Fund IV,Real Estate,63,No,No,,23
AC000618,2025-08-30,A0220,RM015,Intro Call,Global Infrastructure Partners IV,Infrastructure,45,No,No,,41
AC000619,2025-07-27,A0241,RM014,Product Education,Global Infrastructure Partners IV,Infrastructure,46,No,No,,31
AC000620,2025-09-29,A0024,RM008,Follow-up Call,Real Estate Income Fund II,Real Estate,59,No,No,,17
AC000621,2025-07-18,A0061,RM006,Follow-up Call,Value-Add Real Estate Fund IV,Real Estate,60,No,No,,37
AC000622,2025-06-18,A0059,RM002,Intro Call,Opportunistic Real Estate Fund VI,Real Estate,34,Yes,No,6.0,46
AC000623,2025-12-24,A0115,RM012,Follow-up Call,Opportunistic Credit Fund II,Private Credit,74,No,No,,34
AC000624,2025-08-11,A0052,RM006,Portfolio Review,Core Infrastructure Income Fund III,Infrastructure,62,Yes,No,20.0,81
AC000625,2025-05-07,A0370,RM009,In-person Meeting,Private Equity Buyout Fund VII,Private Equity,68,No,No,,79
AC000626,2025-09-04,A0203,RM006,Intro Call,Value-Add Real Estate Fund IV,Real Estate,38,No,No,,40
AC000627,2025-07-24,A0251,RM007,Follow-up Call,Global Infrastructure Partners IV,Infrastructure,45,Yes,Yes,25.0,45
AC000628,2025-08-21,A0140,RM007,Intro Call,Core Infrastructure Income Fund III,Infrastructure,47,Yes,Yes,20.0,54
AC000629,2025-06-25,A0105,RM004,Follow-up Call,Value-Add Real Estate Fund IV,Real Estate,43,Yes,No,4.0,60
AC000630,2025-05-07,A0200,RM007,Due Diligence Meeting,Senior Direct Lending Fund VI,Private Credit,89,No,No,,90
AC000631,2025-08-26,A0111,RM006,Webinar,Value-Add Real Estate Fund IV,Real Estate,31,No,No,,55
AC000632,2025-11-13,A0132,RM007,Intro Call,Direct Lending Income Fund V,Private Credit,55,No,No,,27
AC000633,2025-09-04,A0183,RM014,Portfolio Review,Value-Add Real Estate Fund IV,Real Estate,44,Yes,Yes,27.0,72
AC000634,2025-11-20,A0200,RM007,Webinar,Core Infrastructure Income Fund III,Infrastructure,71,Yes,Yes,4.0,46
AC000635,2025-09-07,A0397,RM013,Intro Call,Opportunistic Credit Fund II,Private Credit,52,Yes,Yes,20.0,33
AC000636,2025-11-02,A0084,RM012,Follow-up Call,Senior Direct Lending Fund VI,Private Credit,45,Yes,Yes,3.0,45
AC000637,2025-09-18,A0196,RM009,In-person Meeting,Global Infrastructure Partners IV,Infrastructure,88,Yes,Yes,15.0,97
AC000638,2025-12-20,A0054,RM003,Webinar,Opportunistic Real Estate Fund VI,Real Estate,63,No,No,,60
AC000639,2025-08-06,A0136,RM010,In-person Meeting,Real Estate Income Fund II,Real Estate,71,No,No,,65
AC000640,2025-11-18,A0292,RM016,Follow-up Call,Opportunistic Real Estate Fund VI,Real Estate,65,Yes,Yes,2.0,24
AC000641,2025-05-05,A0062,RM016,Portfolio Review,Value-Add Real Estate Fund IV,Real Estate,96,Yes,Yes,2.0,78
AC000642,2025-06-16,A0233,RM004,Portfolio Review,Value-Add Real Estate Fund IV,Real Estate,59,No,No,,60
AC000643,2025-06-05,A0166,RM013,Webinar,Growth Equity Partners III,Private Equity,66,No,No,,39
AC000644,2025-11-15,A0024,RM008,In-person Meeting,Private Equity Buyout Fund VII,Private Equity,77,No,No,,61
AC000645,2025-10-10,A0373,RM005,Intro Call,Real Estate Income Fund II,Real Estate,35,No,No,,50
AC000646,2026-03-19,A0165,RM011,Follow-up Call,Private Equity Buyout Fund VII,Private Equity,75,No,No,,50
AC000647,2026-01-09,A0320,RM009,Follow-up Call,Real Estate Income Fund II,Real Estate,72,No,No,,40
AC000648,2025-07-16,A0166,RM013,In-person Meeting,Private Equity Buyout Fund VII,Private Equity,67,Yes,Yes,18.0,73
AC000649,2026-01-18,A0374,RM009,Intro Call,Opportunistic Credit Fund II,Private Credit,51,Yes,No,29.0,37
AC000650,2025-07-10,A0110,RM003,Product Education,Global Infrastructure Partners IV,Infrastructure,50,No,No,,43
AC000651,2026-02-07,A0164,RM001,In-person Meeting,Growth Equity Partners III,Private Equity,72,Yes,No,18.0,100
AC000652,2025-08-23,A0308,RM003,Follow-up Call,Global Infrastructure Partners IV,Infrastructure,34,No,No,,28
AC000653,2025-08-03,A0132,RM007,Product Education,Real Estate Income Fund II,Real Estate,71,No,No,,39
AC000654,2026-02-02,A0142,RM013,Intro Call,Real Estate Income Fund II,Real Estate,45,No,No,,18
AC000655,2026-03-18,A0399,RM006,Follow-up Call,Direct Lending Income Fund V,Private Credit,38,No,No,,49
AC000656,2025-10-22,A0223,RM008,Intro Call,Senior Direct Lending Fund VI,Private Credit,57,No,No,,48
AC000657,2026-04-12,A0279,RM008,Intro Call,Senior Direct Lending Fund VI,Private Credit,28,No,No,,31
AC000658,2026-03-25,A0259,RM007,Portfolio Review,Opportunistic Credit Fund II,Private Credit,72,No,No,,78
AC000659,2025-10-03,A0335,RM006,Follow-up Call,Real Estate Income Fund II,Real Estate,59,No,No,,44
AC000660,2026-04-06,A0343,RM004,Intro Call,Senior Direct Lending Fund VI,Private Credit,69,Yes,Yes,25.0,25
AC000661,2025-06-26,A0226,RM006,Webinar,Global Infrastructure Partners IV,Infrastructure,59,Yes,Yes,23.0,36
AC000662,2025-10-27,A0111,RM006,Intro Call,Direct Lending Income Fund V,Private Credit,31,No,No,,28
AC000663,2026-02-25,A0013,RM011,Intro Call,Global Infrastructure Partners IV,Infrastructure,37,Yes,Yes,14.0,49
AC000664,2026-03-12,A0249,RM001,Webinar,Senior Direct Lending Fund VI,Private Credit,65,No,No,,53
AC000665,2025-09-14,A0334,RM007,Product Education,Direct Lending Income Fund V,Private Credit,49,No,No,,34
AC000666,2026-02-01,A0181,RM003,Product Education,Direct Lending Income Fund V,Private Credit,57,No,No,,17
AC000667,2026-04-09,A0060,RM006,Due Diligence Meeting,Private Equity Buyout Fund VII,Private Equity,72,Yes,Yes,21.0,96
AC000668,2025-05-29,A0108,RM008,Portfolio Review,Senior Direct Lending Fund VI,Private Credit,48,Yes,No,6.0,94
AC000669,2026-01-18,A0202,RM002,Intro Call,Core Infrastructure Income Fund III,Infrastructure,66,Yes,Yes,13.0,24
AC000670,2025-07-16,A0339,RM004,Intro Call,Direct Lending Income Fund V,Private Credit,47,Yes,No,7.0,24
AC000671,2025-12-10,A0062,RM016,In-person Meeting,Core Infrastructure Income Fund III,Infrastructure,96,No,No,,89
AC000672,2025-07-14,A0247,RM013,Webinar,Direct Lending Income Fund V,Private Credit,55,No,No,,62
AC000673,2025-08-12,A0307,RM014,Follow-up Call,Direct Lending Income Fund V,Private Credit,47,Yes,Yes,24.0,27
AC000674,2025-08-17,A0374,RM009,Webinar,Core Infrastructure Income Fund III,Infrastructure,55,Yes,Yes,4.0,35
AC000675,2025-08-30,A0041,RM008,Due Diligence Meeting,Global Infrastructure Partners IV,Infrastructure,76,Yes,Yes,4.0,82
AC000676,2025-06-01,A0371,RM009,Follow-up Call,Opportunistic Credit Fund II,Private Credit,52,No,No,,29
AC000677,2025-05-24,A0240,RM005,In-person Meeting,Real Estate Income Fund II,Real Estate,69,No,No,,65
AC000678,2025-12-05,A0311,RM004,In-person Meeting,Opportunistic Credit Fund II,Private Credit,98,No,No,,98
AC000679,2026-01-29,A0024,RM008,In-person Meeting,Direct Lending Income Fund V,Private Credit,58,Yes,Yes,28.0,112
AC000680,2026-02-23,A0200,RM007,Portfolio Review,Private Equity Buyout Fund VII,Private Equity,89,Yes,Yes,24.0,51
AC000681,2025-10-08,A0250,RM010,Webinar,Senior Direct Lending Fund VI,Private Credit,48,Yes,Yes,21.0,57
AC000682,2025-09-08,A0117,RM010,Webinar,Private Equity Buyout Fund VII,Private Equity,31,No,No,,68
AC000683,2025-12-31,A0173,RM016,Webinar,Real Estate Income Fund II,Real Estate,33,No,No,,70
AC000684,2025-05-25,A0222,RM010,Webinar,Real Estate Income Fund II,Real Estate,58,No,No,,36
AC000685,2025-06-09,A0221,RM001,Follow-up Call,Senior Direct Lending Fund VI,Private Credit,66,Yes,Yes,9.0,32
AC000686,2025-05-28,A0020,RM014,Portfolio Review,Private Equity Buyout Fund VII,Private Equity,61,Yes,Yes,7.0,77
AC000687,2025-07-27,A0175,RM007,In-person Meeting,Value-Add Real Estate Fund IV,Real Estate,74,No,No,,91
AC000688,2025-12-24,A0078,RM016,In-person Meeting,Opportunistic Credit Fund II,Private Credit,100,Yes,No,29.0,85
AC000689,2026-01-26,A0367,RM002,Product Education,Senior Direct Lending Fund VI,Private Credit,78,Yes,Yes,22.0,47
AC000690,2025-05-13,A0394,RM005,Follow-up Call,Core Infrastructure Income Fund III,Infrastructure,58,No,No,,29
AC000691,2025-11-21,A0113,RM003,Intro Call,Real Estate Income Fund II,Real Estate,53,Yes,Yes,3.0,27
AC000692,2025-10-25,A0062,RM016,Intro Call,Real Estate Income Fund II,Real Estate,82,Yes,Yes,27.0,37
AC000693,2025-05-15,A0080,RM006,Webinar,Direct Lending Income Fund V,Private Credit,55,Yes,Yes,26.0,50
AC000694,2025-12-23,A0191,RM014,Follow-up Call,Growth Equity Partners III,Private Equity,40,No,No,,31
AC000695,2025-05-12,A0347,RM003,Portfolio Review,Real Estate Income Fund II,Real Estate,63,Yes,Yes,16.0,96
AC000696,2025-12-02,A0199,RM014,Webinar,Senior Direct Lending Fund VI,Private Credit,61,Yes,Yes,15.0,50
AC000697,2025-06-25,A0024,RM008,Webinar,Value-Add Real Estate Fund IV,Real Estate,55,No,No,,59
AC000698,2025-11-10,A0019,RM006,Product Education,Growth Equity Partners III,Private Equity,52,Yes,Yes,2.0,18
AC000699,2025-07-06,A0087,RM013,Portfolio Review,Direct Lending Income Fund V,Private Credit,79,No,No,,78
AC000700,2025-07-06,A0341,RM002,Follow-up Call,Opportunistic Real Estate Fund VI,Real Estate,74,No,No,,30
AC000701,2026-01-17,A0249,RM001,Follow-up Call,Global Infrastructure Partners IV,Infrastructure,67,No,No,,32
AC000702,2025-12-18,A0226,RM006,Follow-up Call,Senior Direct Lending Fund VI,Private Credit,72,No,No,,54
AC000703,2025-08-22,A0121,RM010,Intro Call,Senior Direct Lending Fund VI,Private Credit,59,Yes,Yes,28.0,20
AC000704,2026-01-18,A0373,RM005,Follow-up Call,Opportunistic Real Estate Fund VI,Real Estate,53,Yes,Yes,19.0,40
AC000705,2026-04-20,A0127,RM014,Intro Call,Growth Equity Partners III,Private Equity,81,Yes,No,12.0,35
AC000706,2026-03-20,A0338,RM007,Due Diligence Meeting,Private Equity Buyout Fund VII,Private Equity,58,Yes,Yes,14.0,68
AC000707,2025-10-23,A0357,RM010,Intro Call,Global Infrastructure Partners IV,Infrastructure,39,No,No,,33
AC000708,2026-04-19,A0193,RM004,Portfolio Review,Private Equity Buyout Fund VII,Private Equity,86,Yes,Yes,24.0,94
AC000709,2026-01-27,A0356,RM002,Webinar,Real Estate Income Fund II,Real Estate,69,Yes,No,17.0,35
AC000710,2026-03-15,A0105,RM004,In-person Meeting,Real Estate Income Fund II,Real Estate,61,Yes,Yes,3.0,58
AC000711,2026-04-12,A0267,RM007,Intro Call,Value-Add Real Estate Fund IV,Real Estate,57,Yes,No,6.0,50
AC000712,2025-08-27,A0033,RM009,In-person Meeting,Value-Add Real Estate Fund IV,Real Estate,75,Yes,Yes,17.0,57
AC000713,2025-11-20,A0189,RM015,Follow-up Call,Core Infrastructure Income Fund III,Infrastructure,55,Yes,Yes,17.0,22
AC000714,2025-10-03,A0079,RM015,Webinar,Real Estate Income Fund II,Real Estate,40,No,No,,37
AC000715,2025-10-30,A0026,RM011,Intro Call,Private Equity Buyout Fund VII,Private Equity,45,No,No,,29
AC000716,2025-11-25,A0003,RM001,Webinar,Value-Add Real Estate Fund IV,Real Estate,44,Yes,Yes,17.0,36
AC000717,2025-10-06,A0123,RM004,In-person Meeting,Core Infrastructure Income Fund III,Infrastructure,78,No,No,,101
AC000718,2026-03-29,A0237,RM008,Intro Call,Opportunistic Credit Fund II,Private Credit,37,Yes,Yes,5.0,56
AC000719,2025-10-09,A0183,RM014,Due Diligence Meeting,Real Estate Income Fund II,Real Estate,49,No,No,,86
AC000720,2025-11-21,A0115,RM012,Due Diligence Meeting,Senior Direct Lending Fund VI,Private Credit,88,Yes,Yes,26.0,79
AC000721,2025-05-27,A0398,RM007,Follow-up Call,Real Estate Income Fund II,Real Estate,89,Yes,Yes,21.0,47
AC000722,2025-11-09,A0376,RM012,Intro Call,Senior Direct Lending Fund VI,Private Credit,76,Yes,No,5.0,30
AC000723,2025-05-30,A0046,RM009,Due Diligence Meeting,Direct Lending Income Fund V,Private Credit,75,Yes,No,29.0,63
AC000724,2026-04-22,A0165,RM011,Intro Call,Direct Lending Income Fund V,Private Credit,86,No,No,,63
AC000725,2025-10-11,A0261,RM005,Intro Call,Opportunistic Real Estate Fund VI,Real Estate,43,Yes,Yes,20.0,24
AC000726,2026-01-05,A0297,RM006,Intro Call,Global Infrastructure Partners IV,Infrastructure,50,No,No,,31
AC000727,2025-10-19,A0143,RM009,Product Education,Opportunistic Real Estate Fund VI,Real Estate,64,Yes,Yes,11.0,35
AC000728,2026-01-20,A0305,RM007,Follow-up Call,Private Equity Buyout Fund VII,Private Equity,61,No,No,,27
AC000729,2026-02-18,A0045,RM016,In-person Meeting,Direct Lending Income Fund V,Private Credit,72,Yes,Yes,6.0,94
AC000730,2026-01-12,A0127,RM014,In-person Meeting,Senior Direct Lending Fund VI,Private Credit,89,No,No,,73
AC000731,2025-11-06,A0291,RM003,In-person Meeting,Growth Equity Partners III,Private Equity,77,No,No,,89
AC000732,2026-02-02,A0252,RM008,Due Diligence Meeting,Opportunistic Credit Fund II,Private Credit,70,Yes,No,20.0,103
AC000733,2025-06-01,A0339,RM004,Follow-up Call,Value-Add Real Estate Fund IV,Real Estate,56,No,No,,20
AC000734,2025-07-12,A0022,RM003,Webinar,Opportunistic Credit Fund II,Private Credit,46,No,No,,48
AC000735,2025-06-06,A0062,RM016,Intro Call,Growth Equity Partners III,Private Equity,71,Yes,No,4.0,39
AC000736,2026-01-28,A0023,RM001,Follow-up Call,Opportunistic Real Estate Fund VI,Real Estate,86,No,No,,34
AC000737,2025-06-06,A0071,RM003,In-person Meeting,Opportunistic Credit Fund II,Private Credit,74,Yes,Yes,12.0,68
AC000738,2025-09-07,A0003,RM001,In-person Meeting,Global Infrastructure Partners IV,Infrastructure,49,Yes,Yes,25.0,85
AC000739,2025-08-09,A0200,RM007,Due Diligence Meeting,Global Infrastructure Partners IV,Infrastructure,71,Yes,No,8.0,73
AC000740,2025-11-15,A0210,RM012,Portfolio Review,Opportunistic Credit Fund II,Private Credit,53,No,No,,55
AC000741,2025-12-14,A0266,RM010,Follow-up Call,Direct Lending Income Fund V,Private Credit,70,Yes,Yes,3.0,30
AC000742,2025-09-12,A0150,RM006,Webinar,Opportunistic Credit Fund II,Private Credit,65,No,No,,52
AC000743,2026-02-23,A0002,RM006,Intro Call,Growth Equity Partners III,Private Equity,59,Yes,Yes,10.0,18
AC000744,2025-05-21,A0274,RM001,Due Diligence Meeting,Real Estate Income Fund II,Real Estate,73,Yes,Yes,4.0,35
AC000745,2025-12-24,A0024,RM008,In-person Meeting,Growth Equity Partners III,Private Equity,67,No,No,,40
AC000746,2026-04-24,A0343,RM004,Intro Call,Real Estate Income Fund II,Real Estate,60,Yes,Yes,25.0,21
AC000747,2026-04-11,A0013,RM011,Due Diligence Meeting,Core Infrastructure Income Fund III,Infrastructure,70,Yes,Yes,9.0,67
AC000748,2025-08-19,A0211,RM006,Follow-up Call,Core Infrastructure Income Fund III,Infrastructure,80,Yes,Yes,5.0,30
AC000749,2025-10-29,A0357,RM010,Portfolio Review,Value-Add Real Estate Fund IV,Real Estate,75,Yes,Yes,16.0,61
AC000750,2025-06-20,A0229,RM002,Portfolio Review,Value-Add Real Estate Fund IV,Real Estate,64,Yes,Yes,25.0,75
AC000751,2025-09-09,A0245,RM010,Follow-up Call,Value-Add Real Estate Fund IV,Real Estate,71,Yes,No,5.0,25
AC000752,2026-02-28,A0276,RM005,Due Diligence Meeting,Senior Direct Lending Fund VI,Private Credit,98,Yes,Yes,11.0,88
AC000753,2026-02-08,A0045,RM016,Follow-up Call,Real Estate Income Fund II,Real Estate,60,Yes,No,10.0,24
AC000754,2025-12-21,A0275,RM005,In-person Meeting,Opportunistic Credit Fund II,Private Credit,65,Yes,Yes,10.0,37
AC000755,2026-04-12,A0349,RM014,Follow-up Call,Value-Add Real Estate Fund IV,Real Estate,74,No,No,,43
AC000756,2025-07-16,A0392,RM009,Due Diligence Meeting,Senior Direct Lending Fund VI,Private Credit,79,Yes,No,26.0,70
AC000757,2025-05-22,A0177,RM014,Follow-up Call,Growth Equity Partners III,Private Equity,46,No,No,,47
AC000758,2025-09-09,A0132,RM007,Follow-up Call,Value-Add Real Estate Fund IV,Real Estate,68,No,No,,16
AC000759,2026-04-11,A0307,RM014,In-person Meeting,Growth Equity Partners III,Private Equity,61,No,No,,98
AC000760,2026-01-26,A0217,RM006,Follow-up Call,Private Equity Buyout Fund VII,Private Equity,56,No,No,,43
AC000761,2025-07-19,A0097,RM009,Portfolio Review,Opportunistic Real Estate Fund VI,Real Estate,71,Yes,No,17.0,74
AC000762,2026-02-03,A0062,RM016,In-person Meeting,Core Infrastructure Income Fund III,Infrastructure,100,Yes,Yes,3.0,75
AC000763,2026-01-19,A0062,RM016,Product Education,Direct Lending Income Fund V,Private Credit,77,Yes,No,21.0,33
AC000764,2025-11-10,A0183,RM014,Product Education,Growth Equity Partners III,Private Equity,65,Yes,Yes,14.0,42
AC000765,2025-06-12,A0062,RM016,Follow-up Call,Core Infrastructure Income Fund III,Infrastructure,78,Yes,No,17.0,16
AC000766,2025-07-31,A0010,RM007,Webinar,Growth Equity Partners III,Private Equity,35,No,No,,58
AC000767,2025-07-25,A0024,RM008,Intro Call,Core Infrastructure Income Fund III,Infrastructure,50,Yes,Yes,24.0,30
AC000768,2025-06-02,A0373,RM005,Intro Call,Opportunistic Real Estate Fund VI,Real Estate,35,No,No,,37
AC000769,2026-02-20,A0029,RM002,Due Diligence Meeting,Real Estate Income Fund II,Real Estate,91,Yes,Yes,20.0,67
AC000770,2026-02-27,A0029,RM002,Intro Call,Opportunistic Real Estate Fund VI,Real Estate,44,No,No,,32
AC000771,2025-10-26,A0182,RM013,In-person Meeting,Real Estate Income Fund II,Real Estate,45,Yes,Yes,10.0,104
AC000772,2025-12-14,A0094,RM005,Product Education,Opportunistic Credit Fund II,Private Credit,42,No,No,,20
AC000773,2025-07-17,A0387,RM006,In-person Meeting,Value-Add Real Estate Fund IV,Real Estate,72,Yes,No,2.0,84
AC000774,2025-09-01,A0364,RM003,In-person Meeting,Opportunistic Credit Fund II,Private Credit,66,Yes,Yes,29.0,72
AC000775,2025-05-20,A0158,RM007,Webinar,Core Infrastructure Income Fund III,Infrastructure,37,No,No,,53
AC000776,2026-03-28,A0181,RM003,Follow-up Call,Private Equity Buyout Fund VII,Private Equity,41,Yes,Yes,12.0,32
AC000777,2025-09-09,A0146,RM016,Due Diligence Meeting,Private Equity Buyout Fund VII,Private Equity,93,No,No,,68
AC000778,2025-05-24,A0019,RM006,Product Education,Private Equity Buyout Fund VII,Private Equity,54,Yes,No,29.0,19
AC000779,2025-08-15,A0110,RM003,Follow-up Call,Opportunistic Credit Fund II,Private Credit,46,Yes,Yes,29.0,40
AC000780,2025-12-23,A0045,RM016,Webinar,Growth Equity Partners III,Private Equity,69,Yes,Yes,11.0,50
AC000781,2025-06-09,A0036,RM008,Portfolio Review,Private Equity Buyout Fund VII,Private Equity,64,Yes,No,18.0,65
AC000782,2025-12-08,A0225,RM016,Intro Call,Opportunistic Credit Fund II,Private Credit,39,No,No,,34
AC000783,2025-08-25,A0035,RM002,Due Diligence Meeting,Global Infrastructure Partners IV,Infrastructure,71,No,No,,51
AC000784,2025-10-23,A0036,RM008,Webinar,Global Infrastructure Partners IV,Infrastructure,55,No,No,,47
AC000785,2025-07-16,A0192,RM004,In-person Meeting,Global Infrastructure Partners IV,Infrastructure,91,Yes,Yes,5.0,70
AC000786,2025-06-18,A0176,RM003,In-person Meeting,Global Infrastructure Partners IV,Infrastructure,83,No,No,,93
AC000787,2025-06-23,A0049,RM011,Follow-up Call,Opportunistic Credit Fund II,Private Credit,68,Yes,Yes,5.0,31
AC000788,2025-12-09,A0003,RM001,Follow-up Call,Global Infrastructure Partners IV,Infrastructure,53,No,No,,29
AC000789,2026-01-09,A0071,RM003,Follow-up Call,Value-Add Real Estate Fund IV,Real Estate,62,Yes,Yes,23.0,32
AC000790,2025-09-26,A0090,RM014,Follow-up Call,Private Equity Buyout Fund VII,Private Equity,56,Yes,Yes,22.0,47
AC000791,2025-06-20,A0326,RM014,In-person Meeting,Real Estate Income Fund II,Real Estate,67,No,No,,66
AC000792,2026-01-16,A0367,RM002,In-person Meeting,Global Infrastructure Partners IV,Infrastructure,70,No,No,,93
AC000793,2026-04-15,A0158,RM007,Follow-up Call,Core Infrastructure Income Fund III,Infrastructure,47,No,No,,35
AC000794,2026-04-19,A0158,RM007,Due Diligence Meeting,Core Infrastructure Income Fund III,Infrastructure,65,Yes,Yes,12.0,62
AC000795,2026-04-14,A0289,RM008,Follow-up Call,Opportunistic Real Estate Fund VI,Real Estate,75,No,No,,31
AC000796,2026-02-15,A0253,RM004,Webinar,Global Infrastructure Partners IV,Infrastructure,45,No,No,,43
AC000797,2025-07-04,A0067,RM016,Follow-up Call,Core Infrastructure Income Fund III,Infrastructure,46,No,No,,34
AC000798,2025-05-29,A0037,RM013,Intro Call,Senior Direct Lending Fund VI,Private Credit,53,Yes,Yes,11.0,47
AC000799,2025-11-19,A0174,RM016,Webinar,Opportunistic Credit Fund II,Private Credit,48,Yes,Yes,17.0,52
AC000800,2025-06-10,A0227,RM015,Intro Call,Real Estate Income Fund II,Real Estate,35,Yes,No,6.0,47
AC000801,2026-02-01,A0049,RM011,Webinar,Opportunistic Credit Fund II,Private Credit,57,No,No,,45
AC000802,2026-04-27,A0110,RM003,Due Diligence Meeting,Opportunistic Credit Fund II,Private Credit,64,No,No,,104
AC000803,2025-08-12,A0117,RM010,In-person Meeting,Growth Equity Partners III,Private Equity,83,Yes,No,20.0,69
AC000804,2026-04-18,A0098,RM009,Due Diligence Meeting,Opportunistic Credit Fund II,Private Credit,83,No,No,,70
AC000805,2026-03-20,A0183,RM014,Webinar,Opportunistic Credit Fund II,Private Credit,43,No,No,,36
AC000806,2026-04-12,A0263,RM014,Webinar,Direct Lending Income Fund V,Private Credit,39,Yes,Yes,10.0,41
AC000807,2025-07-28,A0202,RM002,Webinar,Opportunistic Credit Fund II,Private Credit,67,Yes,Yes,15.0,71
AC000808,2026-03-23,A0073,RM002,Product Education,Value-Add Real Estate Fund IV,Real Estate,65,Yes,No,4.0,34
AC000809,2026-04-07,A0036,RM008,Webinar,Real Estate Income Fund II,Real Estate,57,No,No,,44
AC000810,2025-11-12,A0333,RM006,Portfolio Review,Senior Direct Lending Fund VI,Private Credit,56,No,No,,68
AC000811,2025-12-09,A0192,RM004,In-person Meeting,Growth Equity Partners III,Private Equity,88,Yes,No,16.0,73
AC000812,2025-06-28,A0026,RM011,In-person Meeting,Private Equity Buyout Fund VII,Private Equity,67,Yes,Yes,21.0,32
AC000813,2025-12-03,A0097,RM009,Webinar,Value-Add Real Estate Fund IV,Real Estate,54,No,No,,46
AC000814,2025-11-24,A0326,RM014,In-person Meeting,Core Infrastructure Income Fund III,Infrastructure,66,Yes,Yes,17.0,61
AC000815,2025-10-08,A0305,RM007,Follow-up Call,Value-Add Real Estate Fund IV,Real Estate,53,Yes,No,10.0,40
AC000816,2025-07-14,A0347,RM003,Webinar,Global Infrastructure Partners IV,Infrastructure,37,No,No,,72
AC000817,2025-09-12,A0241,RM014,In-person Meeting,Opportunistic Credit Fund II,Private Credit,56,No,No,,87
AC000818,2025-10-29,A0170,RM012,Due Diligence Meeting,Real Estate Income Fund II,Real Estate,80,No,No,,60
AC000819,2026-04-04,A0172,RM009,Due Diligence Meeting,Global Infrastructure Partners IV,Infrastructure,65,No,No,,80
AC000820,2026-01-09,A0071,RM003,Product Education,Private Equity Buyout Fund VII,Private Equity,59,No,No,,35
AC000821,2025-12-05,A0262,RM009,Due Diligence Meeting,Global Infrastructure Partners IV,Infrastructure,100,Yes,Yes,26.0,61
AC000822,2026-03-15,A0234,RM008,Follow-up Call,Senior Direct Lending Fund VI,Private Credit,60,Yes,Yes,27.0,36
AC000823,2025-09-21,A0054,RM003,Follow-up Call,Opportunistic Real Estate Fund VI,Real Estate,61,Yes,No,4.0,41
AC000824,2025-05-20,A0351,RM007,Webinar,Growth Equity Partners III,Private Equity,48,Yes,Yes,24.0,46
AC000825,2025-07-22,A0143,RM009,Product Education,Value-Add Real Estate Fund IV,Real Estate,73,Yes,Yes,24.0,50
AC000826,2025-10-21,A0024,RM008,Follow-up Call,Real Estate Income Fund II,Real Estate,40,Yes,No,20.0,40
AC000827,2025-10-06,A0125,RM013,In-person Meeting,Real Estate Income Fund II,Real Estate,80,Yes,Yes,28.0,83
AC000828,2025-08-21,A0345,RM016,Webinar,Real Estate Income Fund II,Real Estate,57,Yes,Yes,10.0,47
AC000829,2025-12-02,A0367,RM002,Follow-up Call,Direct Lending Income Fund V,Private Credit,68,Yes,No,21.0,33
AC000830,2025-08-29,A0196,RM009,Follow-up Call,Real Estate Income Fund II,Real Estate,68,Yes,No,12.0,18
AC000831,2026-03-22,A0384,RM006,Portfolio Review,Value-Add Real Estate Fund IV,Real Estate,69,Yes,Yes,14.0,49
AC000832,2025-08-06,A0347,RM003,Follow-up Call,Real Estate Income Fund II,Real Estate,58,No,No,,50
AC000833,2026-01-19,A0334,RM007,In-person Meeting,Global Infrastructure Partners IV,Infrastructure,72,Yes,No,27.0,60
AC000834,2026-03-08,A0343,RM004,Follow-up Call,Value-Add Real Estate Fund IV,Real Estate,71,Yes,Yes,5.0,29
AC000835,2026-02-23,A0149,RM014,Product Education,Direct Lending Income Fund V,Private Credit,93,No,No,,41
AC000836,2025-08-07,A0307,RM014,Intro Call,Value-Add Real Estate Fund IV,Real Estate,45,No,No,,48
AC000837,2025-09-02,A0232,RM012,In-person Meeting,Direct Lending Income Fund V,Private Credit,64,Yes,No,9.0,102
AC000838,2025-10-06,A0293,RM001,Intro Call,Core Infrastructure Income Fund III,Infrastructure,52,Yes,No,26.0,25
AC000839,2026-03-05,A0063,RM016,Due Diligence Meeting,Senior Direct Lending Fund VI,Private Credit,82,Yes,Yes,10.0,59
AC000840,2025-11-02,A0297,RM006,Portfolio Review,Opportunistic Real Estate Fund VI,Real Estate,79,Yes,Yes,25.0,108
AC000841,2026-02-05,A0385,RM001,Intro Call,Direct Lending Income Fund V,Private Credit,48,No,No,,25
AC000842,2026-03-20,A0115,RM012,Webinar,Senior Direct Lending Fund VI,Private Credit,45,Yes,Yes,18.0,47
AC000843,2025-09-30,A0398,RM007,Product Education,Private Equity Buyout Fund VII,Private Equity,86,Yes,No,29.0,32
AC000844,2025-05-16,A0147,RM016,Product Education,Real Estate Income Fund II,Real Estate,62,No,No,,44
AC000845,2025-07-14,A0072,RM009,Intro Call,Direct Lending Income Fund V,Private Credit,66,Yes,Yes,8.0,41
AC000846,2025-09-12,A0040,RM001,In-person Meeting,Growth Equity Partners III,Private Equity,82,Yes,Yes,22.0,65
AC000847,2025-08-07,A0321,RM014,Intro Call,Opportunistic Real Estate Fund VI,Real Estate,24,No,No,,23
AC000848,2025-11-23,A0222,RM010,Webinar,Senior Direct Lending Fund VI,Private Credit,62,Yes,No,24.0,40
AC000849,2026-01-30,A0117,RM010,Product Education,Core Infrastructure Income Fund III,Infrastructure,49,Yes,Yes,15.0,32
AC000850,2026-04-21,A0245,RM010,Webinar,Opportunistic Real Estate Fund VI,Real Estate,74,Yes,No,27.0,53
AC000851,2025-08-15,A0127,RM014,Follow-up Call,Senior Direct Lending Fund VI,Private Credit,70,Yes,No,19.0,50
AC000852,2026-03-30,A0181,RM003,Follow-up Call,Private Equity Buyout Fund VII,Private Equity,57,No,No,,40
AC000853,2025-11-21,A0343,RM004,In-person Meeting,Real Estate Income Fund II,Real Estate,71,No,No,,56
AC000854,2025-06-23,A0272,RM012,Intro Call,Private Equity Buyout Fund VII,Private Equity,26,No,No,,29
AC000855,2025-06-21,A0310,RM010,Intro Call,Global Infrastructure Partners IV,Infrastructure,39,No,No,,20
AC000856,2026-03-12,A0233,RM004,Follow-up Call,Opportunistic Real Estate Fund VI,Real Estate,47,Yes,Yes,23.0,28
AC000857,2025-07-26,A0399,RM006,In-person Meeting,Global Infrastructure Partners IV,Infrastructure,61,No,No,,79
AC000858,2026-02-01,A0093,RM012,In-person Meeting,Direct Lending Income Fund V,Private Credit,68,No,No,,53
AC000859,2025-10-11,A0099,RM001,Due Diligence Meeting,Real Estate Income Fund II,Real Estate,96,Yes,Yes,10.0,58
AC000860,2026-04-29,A0034,RM014,Follow-up Call,Global Infrastructure Partners IV,Infrastructure,61,Yes,Yes,21.0,25
AC000861,2026-01-16,A0222,RM010,Product Education,Core Infrastructure Income Fund III,Infrastructure,70,No,No,,10
AC000862,2025-12-19,A0248,RM013,In-person Meeting,Opportunistic Real Estate Fund VI,Real Estate,60,Yes,Yes,28.0,80
AC000863,2025-11-05,A0295,RM009,Webinar,Opportunistic Real Estate Fund VI,Real Estate,55,No,No,,52
AC000864,2025-06-05,A0127,RM014,Due Diligence Meeting,Real Estate Income Fund II,Real Estate,100,Yes,Yes,16.0,96
AC000865,2025-07-27,A0007,RM004,Follow-up Call,Opportunistic Real Estate Fund VI,Real Estate,72,No,No,,20
AC000866,2026-01-24,A0256,RM015,In-person Meeting,Global Infrastructure Partners IV,Infrastructure,61,Yes,Yes,26.0,67
AC000867,2026-01-23,A0400,RM006,Intro Call,Direct Lending Income Fund V,Private Credit,72,Yes,No,18.0,42
AC000868,2025-12-06,A0111,RM006,Portfolio Review,Senior Direct Lending Fund VI,Private Credit,46,Yes,Yes,23.0,44
AC000869,2025-08-14,A0067,RM016,Portfolio Review,Direct Lending Income Fund V,Private Credit,69,No,No,,76
AC000870,2025-06-01,A0107,RM004,Portfolio Review,Core Infrastructure Income Fund III,Infrastructure,72,No,No,,101
AC000871,2025-08-06,A0171,RM016,Portfolio Review,Opportunistic Real Estate Fund VI,Real Estate,70,Yes,Yes,29.0,18
AC000872,2025-06-12,A0096,RM010,In-person Meeting,Growth Equity Partners III,Private Equity,96,No,No,,95
AC000873,2025-08-17,A0134,RM006,Follow-up Call,Private Equity Buyout Fund VII,Private Equity,54,No,No,,49
AC000874,2025-09-14,A0258,RM009,Webinar,Direct Lending Income Fund V,Private Credit,74,Yes,Yes,12.0,44
AC000875,2026-04-19,A0132,RM007,Webinar,Senior Direct Lending Fund VI,Private Credit,59,No,No,,54
AC000876,2025-05-21,A0155,RM011,Webinar,Private Equity Buyout Fund VII,Private Equity,54,Yes,Yes,4.0,45
AC000877,2025-10-30,A0019,RM006,Webinar,Value-Add Real Estate Fund IV,Real Estate,55,Yes,Yes,22.0,40
AC000878,2025-12-08,A0367,RM002,Product Education,Core Infrastructure Income Fund III,Infrastructure,58,Yes,No,13.0,19
AC000879,2025-11-29,A0159,RM014,Intro Call,Opportunistic Credit Fund II,Private Credit,34,Yes,No,17.0,48
AC000880,2025-06-19,A0125,RM013,Webinar,Direct Lending Income Fund V,Private Credit,52,Yes,Yes,19.0,56
AC000881,2025-11-03,A0032,RM001,In-person Meeting,Growth Equity Partners III,Private Equity,77,No,No,,73
AC000882,2025-07-20,A0256,RM015,Intro Call,Direct Lending Income Fund V,Private Credit,44,Yes,No,20.0,32
AC000883,2025-05-31,A0343,RM004,Due Diligence Meeting,Senior Direct Lending Fund VI,Private Credit,76,No,No,,59
AC000884,2025-11-02,A0020,RM014,Portfolio Review,Core Infrastructure Income Fund III,Infrastructure,62,Yes,Yes,3.0,95
AC000885,2026-02-02,A0052,RM006,In-person Meeting,Opportunistic Real Estate Fund VI,Real Estate,73,Yes,Yes,23.0,32
AC000886,2025-08-13,A0052,RM006,Follow-up Call,Value-Add Real Estate Fund IV,Real Estate,69,No,No,,32
AC000887,2025-07-07,A0241,RM014,Due Diligence Meeting,Opportunistic Credit Fund II,Private Credit,51,No,No,,71
AC000888,2025-05-26,A0369,RM011,Webinar,Global Infrastructure Partners IV,Infrastructure,58,Yes,Yes,7.0,26
AC000889,2025-05-31,A0174,RM016,Intro Call,Direct Lending Income Fund V,Private Credit,58,Yes,Yes,20.0,31
AC000890,2025-09-08,A0132,RM007,Product Education,Growth Equity Partners III,Private Equity,73,No,No,,20
AC000891,2025-07-13,A0311,RM004,Webinar,Value-Add Real Estate Fund IV,Real Estate,64,Yes,Yes,27.0,58
AC000892,2025-10-31,A0302,RM001,Webinar,Opportunistic Credit Fund II,Private Credit,63,Yes,No,10.0,56
AC000893,2025-05-02,A0094,RM005,Follow-up Call,Growth Equity Partners III,Private Equity,53,No,No,,33
AC000894,2025-10-19,A0059,RM002,In-person Meeting,Growth Equity Partners III,Private Equity,63,Yes,Yes,18.0,98
AC000895,2025-11-25,A0140,RM007,Follow-up Call,Real Estate Income Fund II,Real Estate,51,No,No,,44
AC000896,2025-05-06,A0316,RM001,Intro Call,Private Equity Buyout Fund VII,Private Equity,54,Yes,No,27.0,15
AC000897,2025-11-10,A0281,RM009,Webinar,Growth Equity Partners III,Private Equity,50,No,No,,40
AC000898,2025-05-04,A0271,RM014,Portfolio Review,Value-Add Real Estate Fund IV,Real Estate,67,Yes,Yes,23.0,69
AC000899,2025-05-13,A0335,RM006,Follow-up Call,Private Equity Buyout Fund VII,Private Equity,62,No,No,,38
AC000900,2025-10-01,A0105,RM004,Follow-up Call,Core Infrastructure Income Fund III,Infrastructure,41,No,No,,51
AC000901,2026-01-24,A0130,RM009,Follow-up Call,Real Estate Income Fund II,Real Estate,74,Yes,No,7.0,42
AC000902,2025-07-17,A0020,RM014,Follow-up Call,Growth Equity Partners III,Private Equity,80,Yes,Yes,27.0,18
AC000903,2026-02-20,A0345,RM016,Follow-up Call,Real Estate Income Fund II,Real Estate,59,Yes,Yes,17.0,35
AC000904,2025-09-15,A0233,RM004,Follow-up Call,Direct Lending Income Fund V,Private Credit,61,No,No,,38
AC000905,2026-02-27,A0113,RM003,Portfolio Review,Opportunistic Credit Fund II,Private Credit,71,Yes,Yes,11.0,75
AC000906,2025-07-09,A0029,RM002,Follow-up Call,Core Infrastructure Income Fund III,Infrastructure,67,Yes,Yes,18.0,29
AC000907,2025-06-23,A0294,RM012,Intro Call,Senior Direct Lending Fund VI,Private Credit,54,Yes,Yes,8.0,50
AC000908,2025-07-26,A0305,RM007,In-person Meeting,Growth Equity Partners III,Private Equity,72,No,No,,61
AC000909,2026-04-15,A0271,RM014,Follow-up Call,Global Infrastructure Partners IV,Infrastructure,58,Yes,No,5.0,32
AC000910,2025-12-06,A0074,RM008,Follow-up Call,Real Estate Income Fund II,Real Estate,69,Yes,No,26.0,26
AC000911,2026-02-26,A0366,RM014,Product Education,Senior Direct Lending Fund VI,Private Credit,81,No,No,,26
AC000912,2025-07-24,A0306,RM009,Due Diligence Meeting,Real Estate Income Fund II,Real Estate,92,No,No,,69
AC000913,2025-06-23,A0266,RM010,Intro Call,Senior Direct Lending Fund VI,Private Credit,68,Yes,No,22.0,40
AC000914,2025-09-04,A0262,RM009,In-person Meeting,Senior Direct Lending Fund VI,Private Credit,77,Yes,No,20.0,96
AC000915,2025-10-22,A0362,RM014,Product Education,Private Equity Buyout Fund VII,Private Equity,75,No,No,,52
AC000916,2025-05-12,A0372,RM002,Follow-up Call,Growth Equity Partners III,Private Equity,44,Yes,Yes,10.0,20
AC000917,2026-01-22,A0239,RM003,Product Education,Real Estate Income Fund II,Real Estate,69,Yes,Yes,16.0,39
AC000918,2025-07-17,A0166,RM013,Intro Call,Global Infrastructure Partners IV,Infrastructure,52,Yes,Yes,23.0,36
AC000919,2025-08-24,A0142,RM013,Intro Call,Real Estate Income Fund II,Real Estate,60,No,No,,37
AC000920,2025-11-29,A0333,RM006,Follow-up Call,Opportunistic Credit Fund II,Private Credit,38,Yes,Yes,20.0,42
AC000921,2025-10-18,A0259,RM007,Due Diligence Meeting,Opportunistic Credit Fund II,Private Credit,95,Yes,No,15.0,87
AC000922,2025-07-27,A0031,RM010,Webinar,Value-Add Real Estate Fund IV,Real Estate,62,No,No,,42
AC000923,2025-09-04,A0050,RM015,Follow-up Call,Opportunistic Credit Fund II,Private Credit,54,Yes,Yes,4.0,29
AC000924,2025-11-22,A0359,RM013,Intro Call,Private Equity Buyout Fund VII,Private Equity,25,No,No,,21
AC000925,2025-11-28,A0351,RM007,Webinar,Direct Lending Income Fund V,Private Credit,47,Yes,No,4.0,40
AC000926,2025-12-15,A0382,RM010,In-person Meeting,Value-Add Real Estate Fund IV,Real Estate,90,Yes,Yes,11.0,66
AC000927,2025-06-29,A0172,RM009,Follow-up Call,Direct Lending Income Fund V,Private Credit,74,Yes,Yes,19.0,26
AC000928,2025-12-12,A0320,RM009,In-person Meeting,Private Equity Buyout Fund VII,Private Equity,98,Yes,Yes,24.0,32
AC000929,2025-08-16,A0335,RM006,Portfolio Review,Growth Equity Partners III,Private Equity,63,Yes,Yes,2.0,91
AC000930,2026-02-09,A0120,RM009,Intro Call,Direct Lending Income Fund V,Private Credit,53,Yes,No,10.0,53
AC000931,2026-03-04,A0052,RM006,Follow-up Call,Value-Add Real Estate Fund IV,Real Estate,57,Yes,Yes,14.0,44
AC000932,2025-12-22,A0400,RM006,Webinar,Opportunistic Real Estate Fund VI,Real Estate,66,No,No,,61
AC000933,2026-02-23,A0017,RM002,Follow-up Call,Real Estate Income Fund II,Real Estate,59,Yes,Yes,21.0,31
AC000934,2025-08-21,A0239,RM003,Intro Call,Direct Lending Income Fund V,Private Credit,52,Yes,Yes,12.0,17
AC000935,2025-10-06,A0261,RM005,Due Diligence Meeting,Global Infrastructure Partners IV,Infrastructure,74,No,No,,74
AC000936,2025-10-01,A0276,RM005,Follow-up Call,Direct Lending Income Fund V,Private Credit,80,No,No,,25
AC000937,2025-07-27,A0096,RM010,Intro Call,Core Infrastructure Income Fund III,Infrastructure,70,No,No,,29
AC000938,2025-11-12,A0294,RM012,Product Education,Core Infrastructure Income Fund III,Infrastructure,54,Yes,Yes,19.0,27
AC000939,2025-11-09,A0078,RM016,Product Education,Opportunistic Credit Fund II,Private Credit,86,Yes,Yes,17.0,58
AC000940,2025-09-24,A0335,RM006,Intro Call,Opportunistic Real Estate Fund VI,Real Estate,51,No,No,,37
AC000941,2025-05-01,A0080,RM006,Webinar,Global Infrastructure Partners IV,Infrastructure,50,No,No,,50
AC000942,2025-12-12,A0281,RM009,Webinar,Core Infrastructure Income Fund III,Infrastructure,72,Yes,Yes,22.0,56
AC000943,2025-06-14,A0320,RM009,In-person Meeting,Growth Equity Partners III,Private Equity,86,No,No,,116
AC000944,2026-02-24,A0069,RM016,In-person Meeting,Growth Equity Partners III,Private Equity,81,Yes,Yes,25.0,95
AC000945,2026-04-23,A0091,RM009,Follow-up Call,Private Equity Buyout Fund VII,Private Equity,69,Yes,No,25.0,30
AC000946,2025-06-06,A0317,RM011,In-person Meeting,Opportunistic Real Estate Fund VI,Real Estate,89,Yes,Yes,6.0,86
AC000947,2026-03-29,A0031,RM010,Follow-up Call,Value-Add Real Estate Fund IV,Real Estate,64,No,No,,32
AC000948,2025-10-21,A0071,RM003,In-person Meeting,Global Infrastructure Partners IV,Infrastructure,51,Yes,Yes,26.0,77
AC000949,2025-10-30,A0183,RM014,Due Diligence Meeting,Private Equity Buyout Fund VII,Private Equity,68,Yes,Yes,5.0,60
AC000950,2025-07-31,A0373,RM005,Webinar,Opportunistic Credit Fund II,Private Credit,50,No,No,,53
AC000951,2025-07-29,A0226,RM006,Portfolio Review,Core Infrastructure Income Fund III,Infrastructure,74,Yes,Yes,12.0,84
AC000952,2025-05-31,A0150,RM006,Portfolio Review,Opportunistic Real Estate Fund VI,Real Estate,81,No,No,,57
AC000953,2026-02-24,A0396,RM016,Product Education,Value-Add Real Estate Fund IV,Real Estate,50,Yes,No,17.0,51
AC000954,2025-07-11,A0186,RM006,Intro Call,Global Infrastructure Partners IV,Infrastructure,68,No,No,,56
AC000955,2026-04-12,A0173,RM016,In-person Meeting,Direct Lending Income Fund V,Private Credit,61,Yes,Yes,14.0,61
AC000956,2026-04-04,A0163,RM014,In-person Meeting,Core Infrastructure Income Fund III,Infrastructure,98,Yes,Yes,24.0,97
AC000957,2025-07-13,A0118,RM013,Product Education,Growth Equity Partners III,Private Equity,65,Yes,Yes,8.0,51
AC000958,2025-12-02,A0124,RM007,Follow-up Call,Private Equity Buyout Fund VII,Private Equity,68,Yes,Yes,5.0,48
AC000959,2025-10-16,A0279,RM008,In-person Meeting,Real Estate Income Fund II,Real Estate,48,No,No,,94
AC000960,2025-09-21,A0020,RM014,Follow-up Call,Senior Direct Lending Fund VI,Private Credit,85,Yes,No,7.0,33
AC000961,2025-07-06,A0276,RM005,In-person Meeting,Core Infrastructure Income Fund III,Infrastructure,81,Yes,No,27.0,55
AC000962,2025-10-11,A0073,RM002,Follow-up Call,Private Equity Buyout Fund VII,Private Equity,57,Yes,Yes,5.0,45
AC000963,2025-12-06,A0150,RM006,In-person Meeting,Real Estate Income Fund II,Real Estate,94,No,No,,99
AC000964,2025-05-09,A0052,RM006,In-person Meeting,Real Estate Income Fund II,Real Estate,85,Yes,Yes,23.0,56
AC000965,2025-09-25,A0221,RM001,In-person Meeting,Real Estate Income Fund II,Real Estate,75,No,No,,61
AC000966,2026-04-13,A0296,RM001,In-person Meeting,Growth Equity Partners III,Private Equity,67,Yes,Yes,12.0,116
AC000967,2026-03-10,A0138,RM016,In-person Meeting,Global Infrastructure Partners IV,Infrastructure,100,Yes,Yes,8.0,81
AC000968,2025-08-19,A0060,RM006,Follow-up Call,Global Infrastructure Partners IV,Infrastructure,44,Yes,No,19.0,53
AC000969,2025-09-20,A0086,RM003,Follow-up Call,Real Estate Income Fund II,Real Estate,56,Yes,No,4.0,10
AC000970,2025-06-14,A0333,RM006,Webinar,Growth Equity Partners III,Private Equity,45,No,No,,42
AC000971,2026-01-20,A0101,RM005,Intro Call,Private Equity Buyout Fund VII,Private Equity,38,Yes,No,16.0,42
AC000972,2025-08-24,A0316,RM001,In-person Meeting,Real Estate Income Fund II,Real Estate,78,Yes,No,13.0,75
AC000973,2025-09-27,A0127,RM014,Product Education,Senior Direct Lending Fund VI,Private Credit,87,No,No,,16
AC000974,2025-05-12,A0069,RM016,Webinar,Private Equity Buyout Fund VII,Private Equity,66,No,No,,54
AC000975,2025-06-19,A0296,RM001,Follow-up Call,Core Infrastructure Income Fund III,Infrastructure,56,No,No,,32
AC000976,2025-11-17,A0186,RM006,Due Diligence Meeting,Global Infrastructure Partners IV,Infrastructure,92,Yes,Yes,26.0,77
AC000977,2025-07-16,A0017,RM002,In-person Meeting,Opportunistic Real Estate Fund VI,Real Estate,45,Yes,Yes,10.0,76
AC000978,2025-08-06,A0386,RM003,Portfolio Review,Opportunistic Real Estate Fund VI,Real Estate,72,Yes,Yes,22.0,62
AC000979,2026-02-24,A0052,RM006,Intro Call,Growth Equity Partners III,Private Equity,48,Yes,Yes,26.0,28
AC000980,2025-11-03,A0137,RM008,Portfolio Review,Global Infrastructure Partners IV,Infrastructure,43,Yes,No,12.0,80
AC000981,2025-11-17,A0150,RM006,In-person Meeting,Core Infrastructure Income Fund III,Infrastructure,76,No,No,,66
AC000982,2025-06-12,A0196,RM009,Due Diligence Meeting,Value-Add Real Estate Fund IV,Real Estate,96,No,No,,75
AC000983,2025-12-19,A0322,RM006,In-person Meeting,Direct Lending Income Fund V,Private Credit,52,No,No,,107
AC000984,2026-03-18,A0005,RM006,Follow-up Call,Senior Direct Lending Fund VI,Private Credit,53,No,No,,50
AC000985,2025-10-17,A0373,RM005,Follow-up Call,Senior Direct Lending Fund VI,Private Credit,43,No,No,,10
AC000986,2025-05-04,A0260,RM001,In-person Meeting,Opportunistic Real Estate Fund VI,Real Estate,80,Yes,Yes,16.0,80
AC000987,2025-06-20,A0382,RM010,Webinar,Opportunistic Real Estate Fund VI,Real Estate,80,Yes,Yes,14.0,69
AC000988,2025-05-19,A0333,RM006,Intro Call,Senior Direct Lending Fund VI,Private Credit,30,No,No,,40
AC000989,2025-10-24,A0372,RM002,Intro Call,Senior Direct Lending Fund VI,Private Credit,50,Yes,Yes,4.0,49
AC000990,2025-07-22,A0240,RM005,Product Education,Value-Add Real Estate Fund IV,Real Estate,70,No,No,,38
AC000991,2025-05-31,A0140,RM007,Webinar,Senior Direct Lending Fund VI,Private Credit,41,No,No,,51
AC000992,2025-11-13,A0177,RM014,Due Diligence Meeting,Private Equity Buyout Fund VII,Private Equity,78,Yes,Yes,3.0,72
AC000993,2026-01-18,A0266,RM010,Due Diligence Meeting,Global Infrastructure Partners IV,Infrastructure,95,Yes,Yes,27.0,61
AC000994,2025-05-27,A0172,RM009,Portfolio Review,Growth Equity Partners III,Private Equity,58,Yes,Yes,16.0,63
AC000995,2026-01-03,A0297,RM006,Intro Call,Opportunistic Credit Fund II,Private Credit,54,No,No,,41
AC000996,2025-05-03,A0033,RM009,Due Diligence Meeting,Opportunistic Credit Fund II,Private Credit,82,Yes,No,12.0,58
AC000997,2025-07-03,A0336,RM005,Portfolio Review,Value-Add Real Estate Fund IV,Real Estate,79,Yes,No,7.0,97
AC000998,2025-09-16,A0074,RM008,In-person Meeting,Senior Direct Lending Fund VI,Private Credit,61,No,No,,73
AC000999,2026-01-26,A0379,RM010,Webinar,Real Estate Income Fund II,Real Estate,50,No,No,,49
AC001000,2026-01-23,A0055,RM006,Product Education,Global Infrastructure Partners IV,Infrastructure,46,Yes,Yes,9.0,35
AC001001,2025-09-21,A0046,RM009,Webinar,Direct Lending Income Fund V,Private Credit,46,Yes,No,23.0,33
AC001002,2026-03-31,A0328,RM013,Portfolio Review,Real Estate Income Fund II,Real Estate,57,No,No,,74
AC001003,2025-09-02,A0333,RM006,Follow-up Call,Senior Direct Lending Fund VI,Private Credit,31,No,No,,50
AC001004,2025-09-11,A0299,RM006,In-person Meeting,Senior Direct Lending Fund VI,Private Credit,81,Yes,Yes,5.0,83
AC001005,2025-06-17,A0386,RM003,Intro Call,Direct Lending Income Fund V,Private Credit,91,Yes,No,5.0,40
AC001006,2026-01-24,A0102,RM002,Follow-up Call,Opportunistic Credit Fund II,Private Credit,52,No,No,,24
AC001007,2025-12-12,A0335,RM006,In-person Meeting,Opportunistic Real Estate Fund VI,Real Estate,75,Yes,No,29.0,81
AC001008,2025-12-09,A0137,RM008,In-person Meeting,Senior Direct Lending Fund VI,Private Credit,61,Yes,No,28.0,73
AC001009,2025-08-30,A0213,RM016,Due Diligence Meeting,Senior Direct Lending Fund VI,Private Credit,91,Yes,Yes,17.0,58
AC001010,2025-08-05,A0180,RM008,Due Diligence Meeting,Value-Add Real Estate Fund IV,Real Estate,80,No,No,,91
AC001011,2026-04-22,A0005,RM006,Due Diligence Meeting,Global Infrastructure Partners IV,Infrastructure,92,No,No,,54
AC001012,2026-04-01,A0231,RM003,Product Education,Real Estate Income Fund II,Real Estate,58,Yes,Yes,25.0,21
AC001013,2026-03-13,A0305,RM007,Due Diligence Meeting,Direct Lending Income Fund V,Private Credit,86,Yes,Yes,2.0,76
AC001014,2025-05-30,A0062,RM016,Webinar,Direct Lending Income Fund V,Private Credit,87,No,No,,59
AC001015,2025-06-19,A0373,RM005,Product Education,Core Infrastructure Income Fund III,Infrastructure,70,Yes,No,19.0,42
AC001016,2025-08-01,A0211,RM006,In-person Meeting,Value-Add Real Estate Fund IV,Real Estate,100,Yes,No,4.0,91
AC001017,2025-05-22,A0064,RM011,Intro Call,Private Equity Buyout Fund VII,Private Equity,61,No,No,,30
AC001018,2025-12-24,A0260,RM001,In-person Meeting,Senior Direct Lending Fund VI,Private Credit,81,No,No,,95
AC001019,2026-01-03,A0071,RM003,Due Diligence Meeting,Real Estate Income Fund II,Real Estate,74,Yes,Yes,22.0,85
AC001020,2026-01-07,A0026,RM011,Follow-up Call,Core Infrastructure Income Fund III,Infrastructure,69,No,No,,42
AC001021,2025-08-22,A0278,RM011,Intro Call,Real Estate Income Fund II,Real Estate,52,No,No,,32
AC001022,2026-01-15,A0039,RM001,Intro Call,Core Infrastructure Income Fund III,Infrastructure,79,Yes,No,27.0,44
AC001023,2025-06-05,A0036,RM008,In-person Meeting,Senior Direct Lending Fund VI,Private Credit,80,Yes,No,20.0,42
AC001024,2025-08-01,A0300,RM008,Follow-up Call,Private Equity Buyout Fund VII,Private Equity,74,No,No,,44
AC001025,2026-04-29,A0024,RM008,Product Education,Private Equity Buyout Fund VII,Private Equity,43,Yes,No,2.0,45
AC001026,2025-07-04,A0327,RM004,In-person Meeting,Direct Lending Income Fund V,Private Credit,75,Yes,Yes,20.0,46
AC001027,2025-10-10,A0324,RM008,Follow-up Call,Real Estate Income Fund II,Real Estate,74,Yes,Yes,14.0,43
AC001028,2026-04-26,A0050,RM015,Due Diligence Meeting,Opportunistic Real Estate Fund VI,Real Estate,81,No,No,,63
AC001029,2026-04-16,A0204,RM004,Intro Call,Private Equity Buyout Fund VII,Private Equity,48,No,No,,38
AC001030,2025-09-13,A0034,RM014,Product Education,Value-Add Real Estate Fund IV,Real Estate,61,Yes,Yes,5.0,34
AC001031,2025-06-03,A0256,RM015,Follow-up Call,Senior Direct Lending Fund VI,Private Credit,46,Yes,Yes,17.0,30
AC001032,2025-06-27,A0026,RM011,Follow-up Call,Core Infrastructure Income Fund III,Infrastructure,57,No,No,,49
AC001033,2025-10-11,A0379,RM010,Webinar,Core Infrastructure Income Fund III,Infrastructure,60,No,No,,38
AC001034,2026-01-04,A0076,RM007,Follow-up Call,Senior Direct Lending Fund VI,Private Credit,71,Yes,Yes,4.0,53
AC001035,2026-01-16,A0276,RM005,Webinar,Growth Equity Partners III,Private Equity,52,Yes,Yes,21.0,49
AC001036,2025-11-03,A0046,RM009,Follow-up Call,Global Infrastructure Partners IV,Infrastructure,66,No,No,,38
AC001037,2025-11-22,A0077,RM005,Intro Call,Senior Direct Lending Fund VI,Private Credit,47,Yes,No,20.0,38
AC001038,2025-12-26,A0182,RM013,Portfolio Review,Growth Equity Partners III,Private Equity,43,No,No,,52
AC001039,2025-08-23,A0230,RM001,Portfolio Review,Senior Direct Lending Fund VI,Private Credit,52,Yes,No,4.0,56
AC001040,2026-03-06,A0400,RM006,Due Diligence Meeting,Direct Lending Income Fund V,Private Credit,90,Yes,Yes,20.0,111
AC001041,2025-05-28,A0014,RM013,Follow-up Call,Opportunistic Credit Fund II,Private Credit,67,No,No,,43
AC001042,2025-06-15,A0001,RM006,Product Education,Value-Add Real Estate Fund IV,Real Estate,65,No,No,,29
AC001043,2025-11-28,A0136,RM010,Intro Call,Value-Add Real Estate Fund IV,Real Estate,37,No,No,,28
AC001044,2025-09-05,A0142,RM013,Product Education,Real Estate Income Fund II,Real Estate,79,No,No,,35
AC001045,2025-05-09,A0350,RM007,Intro Call,Value-Add Real Estate Fund IV,Real Estate,38,No,No,,26
AC001046,2026-04-17,A0366,RM014,Follow-up Call,Private Equity Buyout Fund VII,Private Equity,71,No,No,,36
AC001047,2025-11-04,A0349,RM014,Intro Call,Opportunistic Credit Fund II,Private Credit,77,Yes,No,12.0,27
AC001048,2025-06-06,A0051,RM010,Follow-up Call,Real Estate Income Fund II,Real Estate,68,Yes,Yes,6.0,27
AC001049,2026-04-03,A0163,RM014,Due Diligence Meeting,Private Equity Buyout Fund VII,Private Equity,100,Yes,Yes,4.0,84
AC001050,2025-05-05,A0305,RM007,Follow-up Call,Value-Add Real Estate Fund IV,Real Estate,51,No,No,,41
AC001051,2025-05-12,A0118,RM013,Intro Call,Direct Lending Income Fund V,Private Credit,40,Yes,Yes,14.0,40
AC001052,2025-11-02,A0271,RM014,Follow-up Call,Opportunistic Real Estate Fund VI,Real Estate,46,No,No,,36
AC001053,2025-06-05,A0091,RM009,Due Diligence Meeting,Direct Lending Income Fund V,Private Credit,90,Yes,Yes,14.0,72
AC001054,2026-01-18,A0123,RM004,Intro Call,Growth Equity Partners III,Private Equity,41,No,No,,52
AC001055,2025-12-20,A0343,RM004,Webinar,Senior Direct Lending Fund VI,Private Credit,68,No,No,,38
AC001056,2025-05-11,A0095,RM003,In-person Meeting,Opportunistic Real Estate Fund VI,Real Estate,86,Yes,Yes,19.0,72
AC001057,2025-06-17,A0388,RM012,Webinar,Growth Equity Partners III,Private Equity,54,Yes,Yes,17.0,58
AC001058,2025-11-15,A0117,RM010,Follow-up Call,Growth Equity Partners III,Private Equity,41,Yes,Yes,9.0,46
AC001059,2025-11-25,A0013,RM011,Product Education,Core Infrastructure Income Fund III,Infrastructure,56,No,No,,24
AC001060,2025-12-07,A0096,RM010,In-person Meeting,Global Infrastructure Partners IV,Infrastructure,92,Yes,Yes,22.0,67
AC001061,2025-05-29,A0062,RM016,Portfolio Review,Direct Lending Income Fund V,Private Credit,90,Yes,Yes,13.0,69
AC001062,2026-02-13,A0201,RM008,Webinar,Direct Lending Income Fund V,Private Credit,79,Yes,Yes,6.0,39
AC001063,2025-09-16,A0040,RM001,Product Education,Core Infrastructure Income Fund III,Infrastructure,93,Yes,No,29.0,40
AC001064,2025-06-07,A0252,RM008,In-person Meeting,Private Equity Buyout Fund VII,Private Equity,73,Yes,No,11.0,67
AC001065,2025-08-06,A0347,RM003,Follow-up Call,Opportunistic Credit Fund II,Private Credit,55,Yes,No,19.0,26
AC001066,2025-09-09,A0142,RM013,In-person Meeting,Growth Equity Partners III,Private Equity,75,Yes,Yes,22.0,69
AC001067,2025-07-29,A0061,RM006,Follow-up Call,Value-Add Real Estate Fund IV,Real Estate,68,Yes,Yes,21.0,44
AC001068,2025-06-27,A0157,RM016,Intro Call,Private Equity Buyout Fund VII,Private Equity,59,Yes,No,29.0,29
AC001069,2026-02-23,A0322,RM006,In-person Meeting,Opportunistic Credit Fund II,Private Credit,51,No,No,,83
AC001070,2025-11-20,A0237,RM008,Follow-up Call,Direct Lending Income Fund V,Private Credit,66,Yes,No,2.0,15
AC001071,2025-12-18,A0035,RM002,Follow-up Call,Opportunistic Credit Fund II,Private Credit,66,No,No,,41
AC001072,2025-05-23,A0213,RM016,In-person Meeting,Senior Direct Lending Fund VI,Private Credit,73,Yes,Yes,12.0,66
AC001073,2025-08-07,A0186,RM006,Webinar,Global Infrastructure Partners IV,Infrastructure,77,Yes,Yes,3.0,43
AC001074,2025-12-29,A0124,RM007,In-person Meeting,Senior Direct Lending Fund VI,Private Credit,99,Yes,Yes,14.0,42
AC001075,2025-06-12,A0039,RM001,Intro Call,Opportunistic Real Estate Fund VI,Real Estate,85,Yes,Yes,13.0,32
AC001076,2025-12-24,A0396,RM016,Follow-up Call,Core Infrastructure Income Fund III,Infrastructure,54,Yes,Yes,29.0,28
AC001077,2025-07-21,A0063,RM016,Portfolio Review,Direct Lending Income Fund V,Private Credit,79,Yes,Yes,15.0,60
AC001078,2025-10-21,A0071,RM003,Portfolio Review,Global Infrastructure Partners IV,Infrastructure,60,Yes,Yes,27.0,55
AC001079,2025-12-06,A0052,RM006,Follow-up Call,Senior Direct Lending Fund VI,Private Credit,57,Yes,No,16.0,55
AC001080,2025-05-09,A0229,RM002,Follow-up Call,Opportunistic Real Estate Fund VI,Real Estate,57,Yes,No,8.0,51
AC001081,2025-10-14,A0178,RM004,Due Diligence Meeting,Real Estate Income Fund II,Real Estate,91,Yes,Yes,3.0,71
AC001082,2025-11-14,A0095,RM003,Follow-up Call,Growth Equity Partners III,Private Equity,100,Yes,Yes,22.0,38
AC001083,2025-12-15,A0173,RM016,Portfolio Review,Opportunistic Credit Fund II,Private Credit,59,Yes,Yes,9.0,88
AC001084,2025-06-28,A0274,RM001,Product Education,Direct Lending Income Fund V,Private Credit,53,Yes,No,4.0,33
AC001085,2025-12-30,A0107,RM004,Intro Call,Private Equity Buyout Fund VII,Private Equity,58,No,No,,37
AC001086,2025-11-02,A0367,RM002,Webinar,Opportunistic Credit Fund II,Private Credit,52,Yes,Yes,26.0,36
AC001087,2026-03-07,A0117,RM010,Follow-up Call,Opportunistic Real Estate Fund VI,Real Estate,57,Yes,No,27.0,20
AC001088,2025-06-06,A0072,RM009,In-person Meeting,Real Estate Income Fund II,Real Estate,100,Yes,Yes,28.0,86
AC001089,2025-07-13,A0382,RM010,Follow-up Call,Private Equity Buyout Fund VII,Private Equity,82,Yes,No,5.0,36
AC001090,2026-04-05,A0327,RM004,Product Education,Opportunistic Real Estate Fund VI,Real Estate,70,No,No,,32
AC001091,2025-08-08,A0131,RM006,Follow-up Call,Private Equity Buyout Fund VII,Private Equity,50,Yes,No,5.0,33
AC001092,2025-11-26,A0340,RM016,Intro Call,Senior Direct Lending Fund VI,Private Credit,43,Yes,No,25.0,45
AC001093,2025-11-03,A0204,RM004,Webinar,Direct Lending Income Fund V,Private Credit,51,No,No,,58
AC001094,2026-01-18,A0134,RM006,Intro Call,Value-Add Real Estate Fund IV,Real Estate,32,Yes,Yes,15.0,31
AC001095,2025-05-04,A0340,RM016,Follow-up Call,Global Infrastructure Partners IV,Infrastructure,45,No,No,,31
AC001096,2025-11-08,A0305,RM007,Follow-up Call,Opportunistic Real Estate Fund VI,Real Estate,58,No,No,,36
AC001097,2025-05-15,A0113,RM003,Webinar,Opportunistic Real Estate Fund VI,Real Estate,57,No,No,,44
AC001098,2025-06-24,A0244,RM007,Follow-up Call,Private Equity Buyout Fund VII,Private Equity,25,Yes,No,24.0,37
AC001099,2026-01-30,A0143,RM009,Follow-up Call,Real Estate Income Fund II,Real Estate,65,No,No,,42
AC001100,2025-11-02,A0001,RM006,Portfolio Review,Senior Direct Lending Fund VI,Private Credit,48,Yes,No,12.0,44
AC001101,2025-12-22,A0387,RM006,Webinar,Value-Add Real Estate Fund IV,Real Estate,58,Yes,No,10.0,49
AC001102,2025-11-16,A0220,RM015,Follow-up Call,Direct Lending Income Fund V,Private Credit,73,Yes,Yes,9.0,44
AC001103,2025-06-30,A0239,RM003,Due Diligence Meeting,Private Equity Buyout Fund VII,Private Equity,93,Yes,Yes,4.0,84
AC001104,2026-02-20,A0239,RM003,Webinar,Opportunistic Real Estate Fund VI,Real Estate,63,No,No,,65
AC001105,2026-01-27,A0220,RM015,In-person Meeting,Value-Add Real Estate Fund IV,Real Estate,88,Yes,Yes,24.0,86
AC001106,2025-06-27,A0109,RM008,Webinar,Opportunistic Real Estate Fund VI,Real Estate,57,Yes,No,20.0,58
AC001107,2026-03-02,A0391,RM012,Webinar,Value-Add Real Estate Fund IV,Real Estate,52,Yes,No,16.0,63
AC001108,2025-07-28,A0250,RM010,Follow-up Call,Senior Direct Lending Fund VI,Private Credit,73,Yes,Yes,2.0,36
AC001109,2026-02-21,A0273,RM012,In-person Meeting,Opportunistic Credit Fund II,Private Credit,80,Yes,Yes,24.0,84
AC001110,2025-08-18,A0183,RM014,In-person Meeting,Global Infrastructure Partners IV,Infrastructure,80,No,No,,87
AC001111,2025-09-20,A0108,RM008,Follow-up Call,Global Infrastructure Partners IV,Infrastructure,37,No,No,,36
AC001112,2025-06-25,A0026,RM011,Follow-up Call,Value-Add Real Estate Fund IV,Real Estate,53,Yes,Yes,3.0,28
AC001113,2025-08-22,A0136,RM010,In-person Meeting,Opportunistic Credit Fund II,Private Credit,47,Yes,Yes,2.0,55
AC001114,2025-12-09,A0063,RM016,Intro Call,Growth Equity Partners III,Private Equity,61,Yes,Yes,12.0,34
AC001115,2025-10-27,A0270,RM012,Intro Call,Direct Lending Income Fund V,Private Credit,48,No,No,,25
AC001116,2026-04-08,A0349,RM014,Webinar,Global Infrastructure Partners IV,Infrastructure,81,Yes,No,6.0,41
AC001117,2025-08-26,A0115,RM012,Intro Call,Core Infrastructure Income Fund III,Infrastructure,65,No,No,,42
AC001118,2025-07-17,A0127,RM014,Product Education,Core Infrastructure Income Fund III,Infrastructure,66,Yes,Yes,2.0,31
AC001119,2025-07-21,A0273,RM012,Follow-up Call,Opportunistic Real Estate Fund VI,Real Estate,55,Yes,No,3.0,38
AC001120,2026-01-04,A0053,RM008,Due Diligence Meeting,Value-Add Real Estate Fund IV,Real Estate,83,No,No,,90
AC001121,2025-09-09,A0373,RM005,Portfolio Review,Value-Add Real Estate Fund IV,Real Estate,53,No,No,,84
AC001122,2025-09-10,A0142,RM013,Webinar,Growth Equity Partners III,Private Equity,48,No,No,,48
AC001123,2025-05-04,A0035,RM002,Follow-up Call,Opportunistic Credit Fund II,Private Credit,62,No,No,,26
AC001124,2025-12-05,A0062,RM016,Due Diligence Meeting,Global Infrastructure Partners IV,Infrastructure,94,Yes,Yes,19.0,68
AC001125,2025-11-27,A0373,RM005,Intro Call,Growth Equity Partners III,Private Equity,37,No,No,,24
AC001126,2025-10-30,A0095,RM003,Follow-up Call,Private Equity Buyout Fund VII,Private Equity,72,Yes,Yes,26.0,31
AC001127,2026-03-01,A0270,RM012,Follow-up Call,Real Estate Income Fund II,Real Estate,66,Yes,Yes,19.0,30
AC001128,2026-02-23,A0055,RM006,Webinar,Core Infrastructure Income Fund III,Infrastructure,56,No,No,,51
AC001129,2025-11-03,A0071,RM003,Due Diligence Meeting,Private Equity Buyout Fund VII,Private Equity,58,Yes,No,28.0,58
AC001130,2025-12-20,A0349,RM014,Follow-up Call,Core Infrastructure Income Fund III,Infrastructure,76,Yes,Yes,11.0,39
AC001131,2025-08-10,A0052,RM006,Webinar,Value-Add Real Estate Fund IV,Real Estate,42,Yes,Yes,7.0,56
AC001132,2025-10-22,A0009,RM010,Follow-up Call,Global Infrastructure Partners IV,Infrastructure,63,Yes,Yes,4.0,36
AC001133,2026-02-16,A0200,RM007,In-person Meeting,Value-Add Real Estate Fund IV,Real Estate,87,Yes,Yes,16.0,78
AC001134,2025-11-10,A0343,RM004,In-person Meeting,Core Infrastructure Income Fund III,Infrastructure,90,Yes,No,6.0,83
AC001135,2026-02-26,A0124,RM007,Due Diligence Meeting,Opportunistic Credit Fund II,Private Credit,100,Yes,Yes,29.0,73
AC001136,2025-07-03,A0046,RM009,Intro Call,Direct Lending Income Fund V,Private Credit,61,No,No,,34
AC001137,2025-07-29,A0397,RM013,Follow-up Call,Opportunistic Real Estate Fund VI,Real Estate,47,Yes,No,21.0,36
AC001138,2025-10-10,A0276,RM005,Portfolio Review,Value-Add Real Estate Fund IV,Real Estate,75,No,No,,68
AC001139,2025-09-04,A0342,RM003,Intro Call,Core Infrastructure Income Fund III,Infrastructure,32,Yes,No,11.0,31
AC001140,2025-05-04,A0305,RM007,Intro Call,Real Estate Income Fund II,Real Estate,58,Yes,Yes,20.0,19
AC001141,2025-11-08,A0283,RM010,Intro Call,Growth Equity Partners III,Private Equity,52,Yes,Yes,2.0,42
AC001142,2026-02-21,A0150,RM006,Due Diligence Meeting,Core Infrastructure Income Fund III,Infrastructure,100,Yes,Yes,21.0,98
AC001143,2025-11-15,A0123,RM004,Webinar,Real Estate Income Fund II,Real Estate,50,Yes,Yes,10.0,58
AC001144,2025-12-18,A0292,RM016,Webinar,Private Equity Buyout Fund VII,Private Equity,68,Yes,Yes,28.0,55
AC001145,2026-01-09,A0291,RM003,Intro Call,Senior Direct Lending Fund VI,Private Credit,43,No,No,,52
AC001146,2026-04-02,A0382,RM010,Webinar,Core Infrastructure Income Fund III,Infrastructure,83,Yes,No,25.0,40
AC001147,2026-04-12,A0229,RM002,Portfolio Review,Growth Equity Partners III,Private Equity,67,Yes,Yes,12.0,85
AC001148,2025-10-01,A0111,RM006,In-person Meeting,Opportunistic Credit Fund II,Private Credit,61,Yes,No,27.0,73
AC001149,2025-08-12,A0196,RM009,Product Education,Core Infrastructure Income Fund III,Infrastructure,89,Yes,No,27.0,13
AC001150,2025-06-05,A0249,RM001,Webinar,Growth Equity Partners III,Private Equity,61,Yes,Yes,3.0,54
AC001151,2026-01-06,A0172,RM009,Follow-up Call,Opportunistic Real Estate Fund VI,Real Estate,62,Yes,Yes,17.0,30
AC001152,2026-03-17,A0323,RM016,Product Education,Opportunistic Real Estate Fund VI,Real Estate,64,Yes,Yes,18.0,23
AC001153,2025-08-31,A0234,RM008,In-person Meeting,Value-Add Real Estate Fund IV,Real Estate,74,No,No,,85
AC001154,2025-05-29,A0006,RM012,Follow-up Call,Private Equity Buyout Fund VII,Private Equity,75,Yes,No,5.0,38
AC001155,2026-04-14,A0229,RM002,Intro Call,Direct Lending Income Fund V,Private Credit,38,Yes,No,16.0,42
AC001156,2025-12-17,A0256,RM015,In-person Meeting,Value-Add Real Estate Fund IV,Real Estate,52,Yes,No,17.0,112
AC001157,2025-06-21,A0367,RM002,Portfolio Review,Direct Lending Income Fund V,Private Credit,87,No,No,,74
AC001158,2025-06-20,A0165,RM011,Webinar,Direct Lending Income Fund V,Private Credit,81,Yes,Yes,13.0,34
AC001159,2025-08-07,A0231,RM003,In-person Meeting,Private Equity Buyout Fund VII,Private Equity,71,Yes,Yes,4.0,64
AC001160,2025-10-30,A0190,RM009,Follow-up Call,Value-Add Real Estate Fund IV,Real Estate,83,Yes,Yes,23.0,27
AC001161,2025-12-14,A0211,RM006,In-person Meeting,Opportunistic Credit Fund II,Private Credit,84,No,No,,60
AC001162,2025-09-11,A0027,RM006,Webinar,Growth Equity Partners III,Private Equity,54,No,No,,47
AC001163,2025-12-08,A0358,RM012,Product Education,Value-Add Real Estate Fund IV,Real Estate,83,Yes,Yes,27.0,34
AC001164,2025-08-14,A0364,RM003,Due Diligence Meeting,Opportunistic Real Estate Fund VI,Real Estate,66,No,No,,60
AC001165,2025-07-19,A0220,RM015,Intro Call,Opportunistic Real Estate Fund VI,Real Estate,62,Yes,Yes,20.0,26
AC001166,2025-08-20,A0224,RM009,Product Education,Real Estate Income Fund II,Real Estate,59,No,No,,36
AC001167,2025-06-10,A0025,RM011,In-person Meeting,Growth Equity Partners III,Private Equity,56,No,No,,91
AC001168,2025-09-06,A0239,RM003,Follow-up Call,Real Estate Income Fund II,Real Estate,61,Yes,No,7.0,25
AC001169,2026-03-15,A0173,RM016,Webinar,Direct Lending Income Fund V,Private Credit,37,No,No,,52
AC001170,2026-01-04,A0287,RM006,Intro Call,Direct Lending Income Fund V,Private Credit,42,Yes,No,10.0,40
AC001171,2025-09-24,A0022,RM003,Follow-up Call,Opportunistic Credit Fund II,Private Credit,61,No,No,,23
AC001172,2025-06-27,A0289,RM008,Follow-up Call,Core Infrastructure Income Fund III,Infrastructure,71,No,No,,33
AC001173,2026-01-18,A0108,RM008,Portfolio Review,Core Infrastructure Income Fund III,Infrastructure,55,No,No,,58
AC001174,2025-11-21,A0263,RM014,Intro Call,Private Equity Buyout Fund VII,Private Equity,48,Yes,Yes,21.0,37
AC001175,2025-07-08,A0253,RM004,In-person Meeting,Global Infrastructure Partners IV,Infrastructure,61,No,No,,84
AC001176,2025-11-09,A0087,RM013,Intro Call,Opportunistic Real Estate Fund VI,Real Estate,55,Yes,Yes,8.0,30
AC001177,2026-01-08,A0175,RM007,Follow-up Call,Growth Equity Partners III,Private Equity,56,Yes,No,6.0,37
AC001178,2025-11-28,A0339,RM004,Intro Call,Senior Direct Lending Fund VI,Private Credit,45,No,No,,59
AC001179,2025-05-27,A0243,RM013,Follow-up Call,Private Equity Buyout Fund VII,Private Equity,71,Yes,Yes,14.0,12
AC001180,2026-04-23,A0028,RM011,Product Education,Core Infrastructure Income Fund III,Infrastructure,59,Yes,Yes,13.0,37
AC001181,2025-12-12,A0177,RM014,Intro Call,Senior Direct Lending Fund VI,Private Credit,25,No,No,,32
AC001182,2025-11-20,A0118,RM013,Product Education,Growth Equity Partners III,Private Equity,51,No,No,,36
AC001183,2026-01-04,A0259,RM007,Intro Call,Value-Add Real Estate Fund IV,Real Estate,63,Yes,Yes,20.0,20
AC001184,2026-01-27,A0249,RM001,Webinar,Growth Equity Partners III,Private Equity,61,Yes,No,10.0,36
AC001185,2025-12-28,A0006,RM012,In-person Meeting,Opportunistic Credit Fund II,Private Credit,83,Yes,Yes,25.0,80
AC001186,2025-09-17,A0245,RM010,Due Diligence Meeting,Growth Equity Partners III,Private Equity,89,Yes,No,20.0,53
AC001187,2025-12-25,A0299,RM006,Follow-up Call,Opportunistic Real Estate Fund VI,Real Estate,81,Yes,Yes,25.0,30
AC001188,2025-06-16,A0312,RM009,Webinar,Core Infrastructure Income Fund III,Infrastructure,55,No,No,,42
AC001189,2025-07-21,A0026,RM011,Follow-up Call,Senior Direct Lending Fund VI,Private Credit,41,Yes,Yes,11.0,44
AC001190,2026-01-07,A0115,RM012,Intro Call,Private Equity Buyout Fund VII,Private Equity,64,Yes,Yes,21.0,28
AC001191,2025-05-07,A0168,RM013,In-person Meeting,Opportunistic Credit Fund II,Private Credit,90,No,No,,75
AC001192,2025-07-31,A0064,RM011,Webinar,Opportunistic Real Estate Fund VI,Real Estate,56,No,No,,50
AC001193,2026-01-14,A0168,RM013,In-person Meeting,Core Infrastructure Income Fund III,Infrastructure,73,No,No,,77
AC001194,2025-12-08,A0029,RM002,Intro Call,Real Estate Income Fund II,Real Estate,69,Yes,Yes,14.0,27
AC001195,2025-07-17,A0040,RM001,Product Education,Senior Direct Lending Fund VI,Private Credit,92,No,No,,39
AC001196,2025-12-05,A0272,RM012,In-person Meeting,Opportunistic Credit Fund II,Private Credit,66,Yes,No,21.0,64
AC001197,2025-06-09,A0099,RM001,Webinar,Core Infrastructure Income Fund III,Infrastructure,64,Yes,Yes,7.0,55
AC001198,2025-08-08,A0289,RM008,Intro Call,Value-Add Real Estate Fund IV,Real Estate,60,No,No,,29
AC001199,2025-05-24,A0022,RM003,Intro Call,Value-Add Real Estate Fund IV,Real Estate,45,No,No,,22
AC001200,2025-07-14,A0226,RM006,Intro Call,Direct Lending Income Fund V,Private Credit,68,Yes,Yes,15.0,26
AC001201,2026-04-26,A0152,RM015,Webinar,Private Equity Buyout Fund VII,Private Equity,56,Yes,Yes,10.0,58
AC001202,2026-04-25,A0324,RM008,Intro Call,Direct Lending Income Fund V,Private Credit,59,No,No,,35
AC001203,2025-08-11,A0320,RM009,Follow-up Call,Real Estate Income Fund II,Real Estate,70,Yes,No,25.0,32
AC001204,2026-01-08,A0146,RM016,Follow-up Call,Value-Add Real Estate Fund IV,Real Estate,86,No,No,,37
AC001205,2025-07-21,A0251,RM007,Webinar,Value-Add Real Estate Fund IV,Real Estate,45,Yes,No,21.0,58
AC001206,2026-03-17,A0087,RM013,Webinar,Opportunistic Credit Fund II,Private Credit,58,Yes,Yes,22.0,59
AC001207,2026-01-16,A0233,RM004,Intro Call,Opportunistic Credit Fund II,Private Credit,56,No,No,,42
AC001208,2026-04-18,A0031,RM010,Product Education,Global Infrastructure Partners IV,Infrastructure,55,Yes,No,5.0,39
AC001209,2025-06-08,A0174,RM016,Webinar,Value-Add Real Estate Fund IV,Real Estate,61,No,No,,42
AC001210,2026-03-05,A0065,RM005,In-person Meeting,Growth Equity Partners III,Private Equity,87,Yes,Yes,21.0,71
AC001211,2025-05-31,A0350,RM007,Follow-up Call,Opportunistic Credit Fund II,Private Credit,61,No,No,,20
AC001212,2026-02-21,A0180,RM008,Webinar,Global Infrastructure Partners IV,Infrastructure,68,Yes,No,17.0,48
AC001213,2026-04-28,A0237,RM008,Product Education,Opportunistic Credit Fund II,Private Credit,58,Yes,No,29.0,36
AC001214,2025-11-02,A0141,RM003,Due Diligence Meeting,Core Infrastructure Income Fund III,Infrastructure,93,Yes,Yes,28.0,43
AC001215,2025-09-14,A0108,RM008,Product Education,Opportunistic Real Estate Fund VI,Real Estate,54,Yes,Yes,23.0,28
AC001216,2025-08-26,A0074,RM008,Intro Call,Opportunistic Credit Fund II,Private Credit,52,No,No,,36
AC001217,2025-06-07,A0365,RM011,Follow-up Call,Opportunistic Real Estate Fund VI,Real Estate,58,No,No,,37
AC001218,2026-01-12,A0325,RM006,Webinar,Real Estate Income Fund II,Real Estate,57,Yes,Yes,29.0,61
AC001219,2025-12-06,A0047,RM011,Follow-up Call,Private Equity Buyout Fund VII,Private Equity,62,Yes,Yes,18.0,29
AC001220,2025-05-18,A0305,RM007,Webinar,Value-Add Real Estate Fund IV,Real Estate,46,No,No,,37
AC001221,2025-12-24,A0167,RM008,Intro Call,Value-Add Real Estate Fund IV,Real Estate,39,Yes,No,21.0,56
AC001222,2026-03-03,A0008,RM010,Webinar,Global Infrastructure Partners IV,Infrastructure,59,No,No,,28
AC001223,2025-05-08,A0210,RM012,In-person Meeting,Core Infrastructure Income Fund III,Infrastructure,50,Yes,Yes,3.0,93
AC001224,2025-11-25,A0046,RM009,Follow-up Call,Direct Lending Income Fund V,Private Credit,67,Yes,Yes,7.0,41
AC001225,2025-07-23,A0077,RM005,In-person Meeting,Core Infrastructure Income Fund III,Infrastructure,54,No,No,,83
AC001226,2025-06-06,A0281,RM009,Portfolio Review,Direct Lending Income Fund V,Private Credit,62,Yes,Yes,25.0,97
AC001227,2025-08-24,A0097,RM009,Intro Call,Private Equity Buyout Fund VII,Private Equity,42,Yes,Yes,22.0,37
AC001228,2025-09-25,A0355,RM010,In-person Meeting,Global Infrastructure Partners IV,Infrastructure,55,Yes,Yes,28.0,62
AC001229,2026-02-09,A0266,RM010,Follow-up Call,Value-Add Real Estate Fund IV,Real Estate,67,Yes,Yes,25.0,36
AC001230,2025-05-14,A0337,RM002,Due Diligence Meeting,Direct Lending Income Fund V,Private Credit,68,Yes,Yes,25.0,77
AC001231,2025-07-06,A0249,RM001,In-person Meeting,Direct Lending Income Fund V,Private Credit,83,No,No,,81
AC001232,2026-03-24,A0345,RM016,Due Diligence Meeting,Opportunistic Credit Fund II,Private Credit,86,Yes,Yes,27.0,89
AC001233,2025-12-16,A0142,RM013,Webinar,Direct Lending Income Fund V,Private Credit,74,No,No,,44
AC001234,2025-12-16,A0220,RM015,In-person Meeting,Core Infrastructure Income Fund III,Infrastructure,90,Yes,Yes,22.0,55
AC001235,2026-02-03,A0204,RM004,Follow-up Call,Global Infrastructure Partners IV,Infrastructure,38,Yes,No,14.0,34
AC001236,2026-03-30,A0362,RM014,Intro Call,Private Equity Buyout Fund VII,Private Equity,42,No,No,,48
AC001237,2025-12-22,A0060,RM006,Product Education,Opportunistic Real Estate Fund VI,Real Estate,58,No,No,,35
AC001238,2026-02-14,A0232,RM012,Portfolio Review,Senior Direct Lending Fund VI,Private Credit,42,No,No,,79
AC001239,2025-11-07,A0307,RM014,Follow-up Call,Direct Lending Income Fund V,Private Credit,37,No,No,,31
AC001240,2026-02-11,A0143,RM009,Intro Call,Senior Direct Lending Fund VI,Private Credit,65,No,No,,53
AC001241,2025-05-14,A0344,RM001,Webinar,Global Infrastructure Partners IV,Infrastructure,70,No,No,,48
AC001242,2025-07-23,A0145,RM006,Intro Call,Opportunistic Credit Fund II,Private Credit,40,No,No,,44
AC001243,2026-04-17,A0062,RM016,Webinar,Value-Add Real Estate Fund IV,Real Estate,61,Yes,No,5.0,52
AC001244,2026-02-27,A0234,RM008,Due Diligence Meeting,Direct Lending Income Fund V,Private Credit,66,No,No,,72
AC001245,2025-10-13,A0168,RM013,Webinar,Global Infrastructure Partners IV,Infrastructure,82,Yes,No,14.0,52
AC001246,2026-02-09,A0008,RM010,Intro Call,Direct Lending Income Fund V,Private Credit,61,Yes,No,6.0,33
AC001247,2026-01-06,A0029,RM002,Webinar,Private Equity Buyout Fund VII,Private Equity,67,Yes,Yes,14.0,50
AC001248,2025-10-17,A0071,RM003,In-person Meeting,Senior Direct Lending Fund VI,Private Credit,69,No,No,,80
AC001249,2025-06-02,A0313,RM013,Due Diligence Meeting,Private Equity Buyout Fund VII,Private Equity,98,Yes,No,9.0,82
AC001250,2025-07-29,A0355,RM010,In-person Meeting,Value-Add Real Estate Fund IV,Real Estate,45,Yes,Yes,25.0,92
AC001251,2026-02-18,A0219,RM011,Intro Call,Global Infrastructure Partners IV,Infrastructure,52,Yes,Yes,18.0,24
AC001252,2026-02-10,A0036,RM008,Follow-up Call,Global Infrastructure Partners IV,Infrastructure,54,No,No,,43
AC001253,2025-11-19,A0212,RM007,Due Diligence Meeting,Opportunistic Credit Fund II,Private Credit,100,Yes,Yes,28.0,76
AC001254,2025-09-16,A0343,RM004,Portfolio Review,Global Infrastructure Partners IV,Infrastructure,95,No,No,,90
AC001255,2025-05-14,A0305,RM007,Due Diligence Meeting,Direct Lending Income Fund V,Private Credit,79,Yes,Yes,6.0,62
AC001256,2026-03-26,A0110,RM003,Intro Call,Direct Lending Income Fund V,Private Credit,31,No,No,,34
AC001257,2026-04-24,A0045,RM016,In-person Meeting,Growth Equity Partners III,Private Equity,75,No,No,,50
AC001258,2025-09-29,A0360,RM013,Product Education,Direct Lending Income Fund V,Private Credit,79,Yes,Yes,3.0,33
AC001259,2025-09-16,A0342,RM003,Portfolio Review,Senior Direct Lending Fund VI,Private Credit,49,Yes,Yes,25.0,47
AC001260,2025-09-17,A0024,RM008,Intro Call,Opportunistic Real Estate Fund VI,Real Estate,24,Yes,No,4.0,26
AC001261,2025-08-18,A0333,RM006,Follow-up Call,Private Equity Buyout Fund VII,Private Equity,43,Yes,Yes,20.0,52
AC001262,2025-08-05,A0034,RM014,Webinar,Direct Lending Income Fund V,Private Credit,76,Yes,No,16.0,40
AC001263,2026-04-29,A0026,RM011,Due Diligence Meeting,Core Infrastructure Income Fund III,Infrastructure,60,No,No,,83
AC001264,2025-12-30,A0308,RM003,Intro Call,Real Estate Income Fund II,Real Estate,39,Yes,No,29.0,38
AC001265,2025-12-29,A0212,RM007,Portfolio Review,Direct Lending Income Fund V,Private Credit,77,No,No,,90
AC001266,2025-12-23,A0165,RM011,Due Diligence Meeting,Senior Direct Lending Fund VI,Private Credit,88,Yes,No,27.0,52
AC001267,2025-11-08,A0362,RM014,Webinar,Private Equity Buyout Fund VII,Private Equity,76,Yes,Yes,4.0,40
AC001268,2025-09-03,A0340,RM016,Follow-up Call,Opportunistic Credit Fund II,Private Credit,43,Yes,Yes,25.0,38
AC001269,2026-04-23,A0025,RM011,In-person Meeting,Global Infrastructure Partners IV,Infrastructure,60,No,No,,78
AC001270,2025-10-24,A0249,RM001,Product Education,Senior Direct Lending Fund VI,Private Credit,73,Yes,Yes,24.0,33
AC001271,2025-09-01,A0314,RM016,Follow-up Call,Global Infrastructure Partners IV,Infrastructure,34,No,No,,43
AC001272,2025-09-05,A0220,RM015,Due Diligence Meeting,Opportunistic Real Estate Fund VI,Real Estate,93,Yes,Yes,23.0,68
AC001273,2026-01-16,A0397,RM013,Product Education,Senior Direct Lending Fund VI,Private Credit,53,Yes,No,14.0,32
AC001274,2025-06-15,A0278,RM011,In-person Meeting,Core Infrastructure Income Fund III,Infrastructure,84,Yes,Yes,4.0,93
AC001275,2025-07-15,A0036,RM008,Follow-up Call,Growth Equity Partners III,Private Equity,58,No,No,,27
AC001276,2025-05-12,A0072,RM009,Intro Call,Core Infrastructure Income Fund III,Infrastructure,70,Yes,Yes,6.0,44
AC001277,2025-10-15,A0335,RM006,Portfolio Review,Growth Equity Partners III,Private Equity,56,No,No,,110
AC001278,2026-03-07,A0399,RM006,Product Education,Growth Equity Partners III,Private Equity,58,No,No,,10
AC001279,2025-09-21,A0035,RM002,Product Education,Opportunistic Real Estate Fund VI,Real Estate,65,Yes,Yes,19.0,30
AC001280,2025-07-12,A0035,RM002,Follow-up Call,Opportunistic Real Estate Fund VI,Real Estate,54,No,No,,35
AC001281,2025-07-28,A0310,RM010,Follow-up Call,Growth Equity Partners III,Private Equity,44,Yes,No,28.0,30
AC001282,2026-04-01,A0026,RM011,In-person Meeting,Opportunistic Credit Fund II,Private Credit,72,Yes,Yes,25.0,14
AC001283,2025-10-02,A0028,RM011,Portfolio Review,Opportunistic Real Estate Fund VI,Real Estate,71,Yes,Yes,21.0,101
AC001284,2025-11-24,A0353,RM004,Portfolio Review,Core Infrastructure Income Fund III,Infrastructure,93,Yes,Yes,8.0,100
AC001285,2025-09-01,A0326,RM014,Follow-up Call,Core Infrastructure Income Fund III,Infrastructure,47,No,No,,40
AC001286,2025-07-29,A0349,RM014,Webinar,Direct Lending Income Fund V,Private Credit,76,No,No,,58
AC001287,2025-06-06,A0262,RM009,Intro Call,Opportunistic Credit Fund II,Private Credit,59,No,No,,38
AC001288,2025-08-29,A0122,RM006,Product Education,Direct Lending Income Fund V,Private Credit,91,No,No,,43
AC001289,2025-06-30,A0362,RM014,Product Education,Direct Lending Income Fund V,Private Credit,68,No,No,,47
AC001290,2025-09-13,A0113,RM003,Webinar,Direct Lending Income Fund V,Private Credit,58,Yes,Yes,6.0,45
AC001291,2025-07-20,A0104,RM011,Webinar,Growth Equity Partners III,Private Equity,66,Yes,Yes,26.0,53
AC001292,2025-08-11,A0351,RM007,In-person Meeting,Real Estate Income Fund II,Real Estate,62,No,No,,54
AC001293,2025-06-25,A0276,RM005,Follow-up Call,Global Infrastructure Partners IV,Infrastructure,65,Yes,No,28.0,38
AC001294,2025-12-16,A0357,RM010,Follow-up Call,Senior Direct Lending Fund VI,Private Credit,78,Yes,Yes,10.0,40
AC001295,2025-06-16,A0055,RM006,Follow-up Call,Direct Lending Income Fund V,Private Credit,57,Yes,No,19.0,47
AC001296,2025-07-16,A0382,RM010,Webinar,Growth Equity Partners III,Private Equity,77,Yes,No,19.0,38
AC001297,2025-07-17,A0248,RM013,Follow-up Call,Direct Lending Income Fund V,Private Credit,61,Yes,Yes,25.0,30
AC001298,2026-02-09,A0272,RM012,Webinar,Growth Equity Partners III,Private Equity,56,Yes,No,27.0,52
AC001299,2025-12-31,A0367,RM002,Intro Call,Senior Direct Lending Fund VI,Private Credit,68,Yes,Yes,24.0,35
AC001300,2026-02-21,A0148,RM011,Intro Call,Global Infrastructure Partners IV,Infrastructure,65,Yes,No,12.0,13
AC001301,2025-05-03,A0293,RM001,Webinar,Senior Direct Lending Fund VI,Private Credit,73,Yes,Yes,20.0,53
AC001302,2025-08-26,A0258,RM009,Portfolio Review,Opportunistic Real Estate Fund VI,Real Estate,77,No,No,,59
AC001303,2025-09-29,A0323,RM016,Follow-up Call,Opportunistic Credit Fund II,Private Credit,86,Yes,Yes,8.0,30
AC001304,2026-01-24,A0358,RM012,Webinar,Direct Lending Income Fund V,Private Credit,58,Yes,No,19.0,42
AC001305,2026-02-11,A0276,RM005,Webinar,Global Infrastructure Partners IV,Infrastructure,73,Yes,Yes,28.0,44
AC001306,2025-06-14,A0027,RM006,Follow-up Call,Global Infrastructure Partners IV,Infrastructure,67,No,No,,32
AC001307,2025-09-13,A0065,RM005,Follow-up Call,Senior Direct Lending Fund VI,Private Credit,80,Yes,Yes,2.0,37
AC001308,2025-07-04,A0382,RM010,Follow-up Call,Direct Lending Income Fund V,Private Credit,59,Yes,No,19.0,41
AC001309,2026-02-06,A0389,RM004,In-person Meeting,Core Infrastructure Income Fund III,Infrastructure,75,No,No,,83
AC001310,2026-03-23,A0389,RM004,Follow-up Call,Opportunistic Credit Fund II,Private Credit,62,No,No,,36
AC001311,2025-07-02,A0018,RM007,Intro Call,Opportunistic Credit Fund II,Private Credit,60,No,No,,34
AC001312,2025-06-28,A0149,RM014,Follow-up Call,Senior Direct Lending Fund VI,Private Credit,75,Yes,Yes,13.0,25
AC001313,2026-02-02,A0309,RM008,Follow-up Call,Opportunistic Real Estate Fund VI,Real Estate,50,Yes,Yes,9.0,38
AC001314,2026-01-27,A0306,RM009,In-person Meeting,Opportunistic Real Estate Fund VI,Real Estate,93,Yes,No,29.0,46
AC001315,2025-07-08,A0031,RM010,Follow-up Call,Private Equity Buyout Fund VII,Private Equity,64,Yes,Yes,21.0,31
AC001316,2025-12-06,A0247,RM013,Webinar,Senior Direct Lending Fund VI,Private Credit,33,Yes,No,19.0,54
AC001317,2025-05-15,A0050,RM015,Intro Call,Growth Equity Partners III,Private Equity,39,No,No,,36
AC001318,2025-06-01,A0197,RM010,Intro Call,Senior Direct Lending Fund VI,Private Credit,46,Yes,Yes,21.0,38
AC001319,2026-04-10,A0092,RM009,Portfolio Review,Opportunistic Real Estate Fund VI,Real Estate,61,Yes,No,29.0,57
AC001320,2025-08-28,A0024,RM008,Portfolio Review,Direct Lending Income Fund V,Private Credit,59,No,No,,76
AC001321,2025-10-11,A0031,RM010,Follow-up Call,Growth Equity Partners III,Private Equity,59,No,No,,48
AC001322,2026-01-27,A0364,RM003,In-person Meeting,Opportunistic Real Estate Fund VI,Real Estate,60,No,No,,51
AC001323,2025-06-18,A0303,RM014,In-person Meeting,Opportunistic Credit Fund II,Private Credit,99,No,No,,73
AC001324,2025-11-24,A0373,RM005,Webinar,Real Estate Income Fund II,Real Estate,43,No,No,,48
AC001325,2025-12-16,A0186,RM006,Due Diligence Meeting,Value-Add Real Estate Fund IV,Real Estate,96,Yes,Yes,7.0,66
AC001326,2025-08-09,A0165,RM011,Intro Call,Real Estate Income Fund II,Real Estate,71,No,No,,51
AC001327,2026-03-10,A0140,RM007,In-person Meeting,Core Infrastructure Income Fund III,Infrastructure,40,Yes,No,14.0,73
AC001328,2025-07-03,A0249,RM001,Webinar,Core Infrastructure Income Fund III,Infrastructure,57,Yes,No,23.0,46
AC001329,2025-12-19,A0137,RM008,Intro Call,Direct Lending Income Fund V,Private Credit,35,Yes,Yes,9.0,49
AC001330,2025-11-10,A0305,RM007,Follow-up Call,Private Equity Buyout Fund VII,Private Equity,67,No,No,,28
AC001331,2025-07-23,A0326,RM014,Intro Call,Private Equity Buyout Fund VII,Private Equity,38,No,No,,26
AC001332,2025-09-30,A0347,RM003,Webinar,Core Infrastructure Income Fund III,Infrastructure,49,Yes,Yes,25.0,42
AC001333,2025-08-25,A0093,RM012,Follow-up Call,Real Estate Income Fund II,Real Estate,44,Yes,Yes,14.0,53
AC001334,2026-03-26,A0209,RM010,Follow-up Call,Real Estate Income Fund II,Real Estate,81,Yes,Yes,28.0,10
AC001335,2026-02-23,A0084,RM012,Follow-up Call,Opportunistic Credit Fund II,Private Credit,34,Yes,No,20.0,47
AC001336,2025-05-06,A0019,RM006,Intro Call,Private Equity Buyout Fund VII,Private Equity,58,No,No,,32
AC001337,2025-09-24,A0286,RM008,Webinar,Opportunistic Real Estate Fund VI,Real Estate,57,No,No,,56
AC001338,2025-07-30,A0220,RM015,Portfolio Review,Global Infrastructure Partners IV,Infrastructure,85,Yes,Yes,16.0,96
AC001339,2025-10-07,A0294,RM012,Intro Call,Growth Equity Partners III,Private Equity,44,Yes,No,12.0,42
AC001340,2025-06-13,A0033,RM009,Follow-up Call,Global Infrastructure Partners IV,Infrastructure,69,No,No,,26
AC001341,2025-11-24,A0399,RM006,Follow-up Call,Private Equity Buyout Fund VII,Private Equity,34,No,No,,30
AC001342,2025-10-12,A0399,RM006,Portfolio Review,Real Estate Income Fund II,Real Estate,61,Yes,Yes,22.0,86
AC001343,2026-03-13,A0186,RM006,Webinar,Value-Add Real Estate Fund IV,Real Estate,70,No,No,,63
AC001344,2025-07-21,A0343,RM004,Webinar,Real Estate Income Fund II,Real Estate,62,Yes,Yes,25.0,42
AC001345,2025-10-08,A0094,RM005,Due Diligence Meeting,Direct Lending Income Fund V,Private Credit,68,Yes,Yes,27.0,56
AC001346,2025-08-27,A0299,RM006,Webinar,Value-Add Real Estate Fund IV,Real Estate,74,Yes,Yes,20.0,48
AC001347,2026-01-25,A0349,RM014,Webinar,Global Infrastructure Partners IV,Infrastructure,77,Yes,Yes,14.0,53
AC001348,2025-11-12,A0331,RM013,Intro Call,Growth Equity Partners III,Private Equity,40,Yes,No,15.0,32
AC001349,2025-07-27,A0328,RM013,Due Diligence Meeting,Opportunistic Real Estate Fund VI,Real Estate,69,No,No,,67
AC001350,2026-02-14,A0186,RM006,Follow-up Call,Global Infrastructure Partners IV,Infrastructure,69,Yes,Yes,18.0,41
AC001351,2025-05-26,A0333,RM006,In-person Meeting,Growth Equity Partners III,Private Equity,63,Yes,Yes,8.0,19
AC001352,2025-10-12,A0279,RM008,In-person Meeting,Private Equity Buyout Fund VII,Private Equity,62,No,No,,73
AC001353,2025-07-26,A0046,RM009,Due Diligence Meeting,Opportunistic Credit Fund II,Private Credit,81,No,No,,55
AC001354,2025-06-13,A0041,RM008,Follow-up Call,Direct Lending Income Fund V,Private Credit,61,Yes,Yes,6.0,34
AC001355,2026-01-29,A0314,RM016,Follow-up Call,Opportunistic Credit Fund II,Private Credit,22,No,No,,31
AC001356,2025-09-09,A0252,RM008,Intro Call,Opportunistic Real Estate Fund VI,Real Estate,67,No,No,,21
AC001357,2026-04-15,A0204,RM004,Intro Call,Global Infrastructure Partners IV,Infrastructure,50,No,No,,19
AC001358,2025-06-22,A0362,RM014,Intro Call,Opportunistic Real Estate Fund VI,Real Estate,52,Yes,Yes,8.0,23
AC001359,2025-09-06,A0267,RM007,Due Diligence Meeting,Opportunistic Real Estate Fund VI,Real Estate,87,No,No,,82
AC001360,2025-11-07,A0155,RM011,Portfolio Review,Private Equity Buyout Fund VII,Private Equity,68,Yes,Yes,25.0,99
AC001361,2025-12-14,A0165,RM011,In-person Meeting,Global Infrastructure Partners IV,Infrastructure,85,Yes,Yes,23.0,58
AC001362,2026-04-13,A0243,RM013,Intro Call,Direct Lending Income Fund V,Private Credit,49,No,No,,39
AC001363,2025-09-02,A0309,RM008,Intro Call,Real Estate Income Fund II,Real Estate,56,No,No,,21
AC001364,2025-09-12,A0227,RM015,Portfolio Review,Value-Add Real Estate Fund IV,Real Estate,60,Yes,Yes,17.0,97
AC001365,2026-01-31,A0202,RM002,Product Education,Direct Lending Income Fund V,Private Credit,71,Yes,Yes,11.0,24
AC001366,2026-04-11,A0296,RM001,Follow-up Call,Private Equity Buyout Fund VII,Private Equity,64,Yes,No,5.0,43
AC001367,2026-04-06,A0286,RM008,Webinar,Value-Add Real Estate Fund IV,Real Estate,54,Yes,No,19.0,50
AC001368,2026-03-26,A0336,RM005,Due Diligence Meeting,Global Infrastructure Partners IV,Infrastructure,72,Yes,Yes,12.0,75
AC001369,2025-09-14,A0026,RM011,Intro Call,Direct Lending Income Fund V,Private Credit,34,Yes,No,15.0,41
AC001370,2026-03-26,A0307,RM014,Webinar,Opportunistic Credit Fund II,Private Credit,58,Yes,Yes,23.0,53
AC001371,2025-06-06,A0203,RM006,Follow-up Call,Core Infrastructure Income Fund III,Infrastructure,65,No,No,,33
AC001372,2026-01-29,A0030,RM009,Follow-up Call,Value-Add Real Estate Fund IV,Real Estate,81,Yes,Yes,23.0,32
AC001373,2026-03-01,A0276,RM005,Intro Call,Senior Direct Lending Fund VI,Private Credit,55,Yes,No,17.0,33
AC001374,2025-10-22,A0291,RM003,Intro Call,Value-Add Real Estate Fund IV,Real Estate,60,Yes,Yes,9.0,55
AC001375,2025-06-30,A0207,RM008,Product Education,Opportunistic Real Estate Fund VI,Real Estate,69,No,No,,44
AC001376,2025-09-10,A0323,RM016,Due Diligence Meeting,Opportunistic Real Estate Fund VI,Real Estate,90,Yes,Yes,12.0,75
AC001377,2026-02-03,A0114,RM016,Intro Call,Opportunistic Credit Fund II,Private Credit,57,Yes,Yes,18.0,30
AC001378,2025-05-31,A0073,RM002,Webinar,Global Infrastructure Partners IV,Infrastructure,56,No,No,,61
AC001379,2025-07-25,A0136,RM010,Product Education,Senior Direct Lending Fund VI,Private Credit,68,Yes,No,10.0,33
AC001380,2026-03-25,A0162,RM015,Intro Call,Value-Add Real Estate Fund IV,Real Estate,47,Yes,Yes,24.0,52
AC001381,2026-02-01,A0281,RM009,Follow-up Call,Global Infrastructure Partners IV,Infrastructure,58,Yes,Yes,21.0,15
AC001382,2025-09-25,A0341,RM002,Intro Call,Global Infrastructure Partners IV,Infrastructure,54,No,No,,43
AC001383,2025-06-21,A0293,RM001,Due Diligence Meeting,Growth Equity Partners III,Private Equity,96,Yes,Yes,6.0,52
AC001384,2025-12-17,A0062,RM016,Follow-up Call,Real Estate Income Fund II,Real Estate,86,Yes,Yes,19.0,30
AC001385,2026-01-31,A0142,RM013,Follow-up Call,Growth Equity Partners III,Private Equity,59,No,No,,49
AC001386,2026-04-10,A0057,RM015,Intro Call,Global Infrastructure Partners IV,Infrastructure,40,Yes,No,25.0,31
AC001387,2025-10-26,A0278,RM011,Product Education,Opportunistic Real Estate Fund VI,Real Estate,59,Yes,Yes,24.0,42
AC001388,2025-12-22,A0095,RM003,Webinar,Global Infrastructure Partners IV,Infrastructure,62,No,No,,62
AC001389,2026-04-29,A0208,RM014,Due Diligence Meeting,Opportunistic Credit Fund II,Private Credit,89,No,No,,63
AC001390,2025-06-07,A0323,RM016,Webinar,Core Infrastructure Income Fund III,Infrastructure,73,Yes,Yes,3.0,57
AC001391,2026-03-02,A0273,RM012,In-person Meeting,Core Infrastructure Income Fund III,Infrastructure,90,Yes,Yes,15.0,73
AC001392,2025-06-14,A0113,RM003,Product Education,Opportunistic Credit Fund II,Private Credit,76,Yes,No,3.0,22
AC001393,2025-08-24,A0127,RM014,Follow-up Call,Value-Add Real Estate Fund IV,Real Estate,75,No,No,,39
AC001394,2025-06-02,A0263,RM014,Product Education,Opportunistic Real Estate Fund VI,Real Estate,64,No,No,,19
AC001395,2025-07-31,A0220,RM015,Intro Call,Private Equity Buyout Fund VII,Private Equity,60,Yes,Yes,7.0,30
AC001396,2025-06-10,A0034,RM014,Due Diligence Meeting,Core Infrastructure Income Fund III,Infrastructure,66,Yes,Yes,21.0,78
AC001397,2026-03-06,A0347,RM003,Follow-up Call,Private Equity Buyout Fund VII,Private Equity,55,No,No,,42
AC001398,2025-08-17,A0203,RM006,Due Diligence Meeting,Opportunistic Real Estate Fund VI,Real Estate,81,Yes,Yes,19.0,74
AC001399,2025-08-18,A0188,RM004,Portfolio Review,Core Infrastructure Income Fund III,Infrastructure,74,No,No,,28
AC001400,2026-04-14,A0072,RM009,Webinar,Real Estate Income Fund II,Real Estate,81,Yes,Yes,20.0,28
AC001401,2026-01-19,A0146,RM016,Intro Call,Real Estate Income Fund II,Real Estate,46,Yes,No,9.0,41
AC001402,2026-03-21,A0127,RM014,Webinar,Real Estate Income Fund II,Real Estate,64,Yes,Yes,19.0,47
AC001403,2026-04-02,A0102,RM002,In-person Meeting,Opportunistic Real Estate Fund VI,Real Estate,66,Yes,Yes,27.0,82
AC001404,2026-02-20,A0228,RM009,Intro Call,Opportunistic Credit Fund II,Private Credit,49,Yes,Yes,11.0,35
AC001405,2026-04-04,A0185,RM004,In-person Meeting,Growth Equity Partners III,Private Equity,79,Yes,Yes,6.0,58
AC001406,2026-03-21,A0353,RM004,Follow-up Call,Opportunistic Real Estate Fund VI,Real Estate,91,No,No,,50
AC001407,2026-04-24,A0377,RM013,Follow-up Call,Growth Equity Partners III,Private Equity,42,No,No,,54
AC001408,2025-09-04,A0080,RM006,Intro Call,Opportunistic Credit Fund II,Private Credit,49,Yes,Yes,17.0,40
AC001409,2026-03-28,A0035,RM002,Product Education,Real Estate Income Fund II,Real Estate,72,No,No,,31
AC001410,2025-12-11,A0322,RM006,Follow-up Call,Private Equity Buyout Fund VII,Private Equity,48,Yes,No,25.0,39
AC001411,2025-12-27,A0399,RM006,Intro Call,Global Infrastructure Partners IV,Infrastructure,31,No,No,,28
AC001412,2025-08-16,A0343,RM004,Due Diligence Meeting,Real Estate Income Fund II,Real Estate,93,Yes,Yes,17.0,92
AC001413,2025-09-29,A0013,RM011,Intro Call,Global Infrastructure Partners IV,Infrastructure,64,No,No,,43
AC001414,2026-03-11,A0096,RM010,Intro Call,Opportunistic Real Estate Fund VI,Real Estate,73,Yes,No,12.0,38
AC001415,2025-12-14,A0020,RM014,Portfolio Review,Core Infrastructure Income Fund III,Infrastructure,76,No,No,,108
AC001416,2025-12-08,A0333,RM006,Intro Call,Growth Equity Partners III,Private Equity,17,Yes,No,21.0,49
AC001417,2025-08-16,A0233,RM004,Webinar,Core Infrastructure Income Fund III,Infrastructure,45,Yes,Yes,12.0,52
AC001418,2025-07-30,A0203,RM006,Webinar,Core Infrastructure Income Fund III,Infrastructure,63,No,No,,57
AC001419,2026-04-05,A0222,RM010,Webinar,Private Equity Buyout Fund VII,Private Equity,62,No,No,,63
AC001420,2026-02-21,A0096,RM010,Webinar,Opportunistic Real Estate Fund VI,Real Estate,69,No,No,,73
AC001421,2025-05-14,A0240,RM005,Follow-up Call,Core Infrastructure Income Fund III,Infrastructure,64,No,No,,36
AC001422,2025-11-01,A0017,RM002,Due Diligence Meeting,Private Equity Buyout Fund VII,Private Equity,70,Yes,Yes,5.0,68
AC001423,2025-05-07,A0260,RM001,In-person Meeting,Opportunistic Real Estate Fund VI,Real Estate,94,Yes,Yes,17.0,86
AC001424,2026-03-05,A0298,RM008,Follow-up Call,Growth Equity Partners III,Private Equity,59,Yes,Yes,20.0,38
AC001425,2026-03-07,A0273,RM012,Webinar,Opportunistic Credit Fund II,Private Credit,64,No,No,,35
AC001426,2025-10-18,A0127,RM014,Product Education,Real Estate Income Fund II,Real Estate,65,Yes,Yes,17.0,54
AC001427,2026-01-19,A0335,RM006,Follow-up Call,Core Infrastructure Income Fund III,Infrastructure,59,Yes,No,3.0,30
AC001428,2026-03-08,A0290,RM015,Due Diligence Meeting,Real Estate Income Fund II,Real Estate,64,No,No,,85
AC001429,2025-07-01,A0046,RM009,In-person Meeting,Opportunistic Real Estate Fund VI,Real Estate,85,Yes,Yes,20.0,74
AC001430,2026-02-18,A0071,RM003,Portfolio Review,Core Infrastructure Income Fund III,Infrastructure,54,Yes,Yes,27.0,84
AC001431,2025-09-12,A0257,RM004,Webinar,Core Infrastructure Income Fund III,Infrastructure,66,Yes,No,12.0,47
AC001432,2026-01-24,A0109,RM008,Follow-up Call,Core Infrastructure Income Fund III,Infrastructure,53,No,No,,24
AC001433,2025-06-12,A0043,RM003,Portfolio Review,Direct Lending Income Fund V,Private Credit,61,No,No,,83
AC001434,2025-10-26,A0054,RM003,Due Diligence Meeting,Growth Equity Partners III,Private Equity,76,Yes,Yes,25.0,77
AC001435,2025-10-14,A0060,RM006,Due Diligence Meeting,Global Infrastructure Partners IV,Infrastructure,76,No,No,,95
AC001436,2026-01-20,A0191,RM014,Webinar,Direct Lending Income Fund V,Private Credit,34,Yes,Yes,27.0,36
AC001437,2026-02-13,A0245,RM010,Due Diligence Meeting,Real Estate Income Fund II,Real Estate,89,Yes,No,3.0,59
AC001438,2025-12-30,A0063,RM016,Follow-up Call,Core Infrastructure Income Fund III,Infrastructure,72,Yes,Yes,11.0,47
AC001439,2025-11-05,A0289,RM008,Intro Call,Real Estate Income Fund II,Real Estate,76,Yes,No,22.0,48
AC001440,2025-10-04,A0107,RM004,In-person Meeting,Value-Add Real Estate Fund IV,Real Estate,71,No,No,,47
AC001441,2025-05-31,A0118,RM013,Intro Call,Global Infrastructure Partners IV,Infrastructure,42,No,No,,37
AC001442,2025-09-21,A0084,RM012,Webinar,Core Infrastructure Income Fund III,Infrastructure,52,No,No,,61
AC001443,2025-07-14,A0321,RM014,Portfolio Review,Private Equity Buyout Fund VII,Private Equity,52,No,No,,56
AC001444,2026-04-11,A0386,RM003,Intro Call,Opportunistic Real Estate Fund VI,Real Estate,66,No,No,,30
AC001445,2026-03-03,A0197,RM010,In-person Meeting,Core Infrastructure Income Fund III,Infrastructure,64,No,No,,85
AC001446,2026-02-25,A0020,RM014,Intro Call,Private Equity Buyout Fund VII,Private Equity,64,Yes,Yes,10.0,33
AC001447,2025-10-21,A0098,RM009,Intro Call,Value-Add Real Estate Fund IV,Real Estate,76,No,No,,32
AC001448,2025-06-26,A0057,RM015,Webinar,Direct Lending Income Fund V,Private Credit,50,Yes,Yes,12.0,44
AC001449,2026-02-13,A0341,RM002,Portfolio Review,Opportunistic Credit Fund II,Private Credit,69,No,No,,117
AC001450,2026-01-26,A0031,RM010,Product Education,Senior Direct Lending Fund VI,Private Credit,63,No,No,,34
AC001451,2026-03-28,A0388,RM012,Due Diligence Meeting,Core Infrastructure Income Fund III,Infrastructure,63,Yes,Yes,15.0,66
AC001452,2026-04-10,A0236,RM006,Webinar,Opportunistic Real Estate Fund VI,Real Estate,47,Yes,Yes,16.0,32
AC001453,2025-07-18,A0204,RM004,In-person Meeting,Opportunistic Credit Fund II,Private Credit,58,Yes,Yes,28.0,106
AC001454,2025-12-10,A0341,RM002,Webinar,Private Equity Buyout Fund VII,Private Equity,66,Yes,Yes,29.0,57
AC001455,2025-11-09,A0015,RM005,Portfolio Review,Real Estate Income Fund II,Real Estate,76,Yes,No,11.0,69
AC001456,2026-01-09,A0317,RM011,Intro Call,Value-Add Real Estate Fund IV,Real Estate,58,Yes,No,6.0,54
AC001457,2026-03-03,A0041,RM008,In-person Meeting,Real Estate Income Fund II,Real Estate,65,No,No,,78
AC001458,2025-05-24,A0340,RM016,In-person Meeting,Value-Add Real Estate Fund IV,Real Estate,72,Yes,No,2.0,72
AC001459,2025-11-03,A0211,RM006,In-person Meeting,Opportunistic Real Estate Fund VI,Real Estate,89,Yes,Yes,28.0,62
AC001460,2025-05-07,A0026,RM011,Follow-up Call,Global Infrastructure Partners IV,Infrastructure,63,No,No,,47
AC001461,2026-04-01,A0337,RM002,Portfolio Review,Senior Direct Lending Fund VI,Private Credit,67,Yes,Yes,29.0,70
AC001462,2026-04-28,A0015,RM005,Intro Call,Global Infrastructure Partners IV,Infrastructure,66,No,No,,36
AC001463,2025-12-22,A0049,RM011,Webinar,Real Estate Income Fund II,Real Estate,51,No,No,,45
AC001464,2025-05-26,A0324,RM008,Follow-up Call,Global Infrastructure Partners IV,Infrastructure,76,Yes,Yes,26.0,21
AC001465,2025-07-15,A0186,RM006,Intro Call,Core Infrastructure Income Fund III,Infrastructure,67,No,No,,47
AC001466,2025-06-29,A0349,RM014,Follow-up Call,Direct Lending Income Fund V,Private Credit,86,Yes,No,13.0,38
AC001467,2025-11-16,A0257,RM004,Webinar,Opportunistic Real Estate Fund VI,Real Estate,62,No,No,,53
AC001468,2025-06-11,A0251,RM007,Portfolio Review,Opportunistic Real Estate Fund VI,Real Estate,50,No,No,,65
AC001469,2025-10-21,A0110,RM003,Webinar,Private Equity Buyout Fund VII,Private Equity,39,Yes,Yes,29.0,74
AC001470,2025-11-26,A0048,RM007,Intro Call,Value-Add Real Estate Fund IV,Real Estate,49,Yes,Yes,9.0,31
AC001471,2025-12-24,A0386,RM003,Follow-up Call,Opportunistic Real Estate Fund VI,Real Estate,69,No,No,,22
AC001472,2026-02-16,A0036,RM008,Follow-up Call,Global Infrastructure Partners IV,Infrastructure,72,No,No,,36
AC001473,2025-12-26,A0210,RM012,Webinar,Opportunistic Credit Fund II,Private Credit,58,No,No,,60
AC001474,2025-10-24,A0102,RM002,Portfolio Review,Opportunistic Credit Fund II,Private Credit,69,Yes,Yes,12.0,69
AC001475,2025-05-09,A0099,RM001,Follow-up Call,Real Estate Income Fund II,Real Estate,75,Yes,No,21.0,33
AC001476,2025-12-13,A0238,RM015,Webinar,Direct Lending Income Fund V,Private Credit,56,No,No,,46
AC001477,2025-07-29,A0324,RM008,Intro Call,Senior Direct Lending Fund VI,Private Credit,40,No,No,,34
AC001478,2026-03-28,A0317,RM011,Intro Call,Value-Add Real Estate Fund IV,Real Estate,74,No,No,,25
AC001479,2025-06-01,A0345,RM016,Product Education,Direct Lending Income Fund V,Private Credit,51,Yes,No,17.0,36
AC001480,2026-03-28,A0110,RM003,Due Diligence Meeting,Real Estate Income Fund II,Real Estate,61,Yes,No,17.0,58
AC001481,2025-11-26,A0186,RM006,Portfolio Review,Growth Equity Partners III,Private Equity,66,Yes,Yes,22.0,81
AC001482,2025-12-03,A0006,RM012,Portfolio Review,Direct Lending Income Fund V,Private Credit,81,Yes,No,12.0,73
AC001483,2025-05-30,A0305,RM007,Follow-up Call,Growth Equity Partners III,Private Equity,49,Yes,Yes,9.0,27
AC001484,2026-04-13,A0115,RM012,Portfolio Review,Opportunistic Credit Fund II,Private Credit,71,Yes,No,28.0,74
AC001485,2026-04-18,A0226,RM006,Intro Call,Growth Equity Partners III,Private Equity,44,No,No,,28
AC001486,2025-07-04,A0062,RM016,Follow-up Call,Growth Equity Partners III,Private Equity,69,No,No,,23
AC001487,2026-04-03,A0333,RM006,Webinar,Core Infrastructure Income Fund III,Infrastructure,35,No,No,,27
AC001488,2026-01-14,A0333,RM006,Webinar,Direct Lending Income Fund V,Private Credit,44,Yes,No,29.0,71
AC001489,2025-08-11,A0349,RM014,Portfolio Review,Opportunistic Real Estate Fund VI,Real Estate,100,Yes,Yes,12.0,66
AC001490,2026-01-18,A0021,RM010,Product Education,Core Infrastructure Income Fund III,Infrastructure,71,No,No,,22
AC001491,2025-10-11,A0399,RM006,Intro Call,Private Equity Buyout Fund VII,Private Equity,22,No,No,,31
AC001492,2026-01-06,A0095,RM003,Webinar,Opportunistic Credit Fund II,Private Credit,86,Yes,Yes,13.0,46
AC001493,2025-11-18,A0117,RM010,Webinar,Opportunistic Credit Fund II,Private Credit,35,No,No,,54
AC001494,2026-01-19,A0095,RM003,Follow-up Call,Global Infrastructure Partners IV,Infrastructure,67,Yes,No,5.0,51
AC001495,2025-06-10,A0101,RM005,Intro Call,Real Estate Income Fund II,Real Estate,35,Yes,Yes,5.0,24
AC001496,2025-08-22,A0221,RM001,Follow-up Call,Direct Lending Income Fund V,Private Credit,39,Yes,Yes,7.0,36
AC001497,2026-03-24,A0092,RM009,Portfolio Review,Value-Add Real Estate Fund IV,Real Estate,71,Yes,Yes,26.0,66
AC001498,2025-05-31,A0154,RM002,Intro Call,Opportunistic Credit Fund II,Private Credit,62,Yes,Yes,20.0,14
AC001499,2026-01-02,A0265,RM001,Webinar,Direct Lending Income Fund V,Private Credit,65,Yes,No,6.0,64
AC001500,2026-04-15,A0339,RM004,In-person Meeting,Senior Direct Lending Fund VI,Private Credit,65,Yes,Yes,19.0,74
AC001501,2025-06-04,A0280,RM004,Product Education,Opportunistic Real Estate Fund VI,Real Estate,91,Yes,Yes,19.0,17
AC001502,2025-07-09,A0238,RM015,Webinar,Opportunistic Real Estate Fund VI,Real Estate,45,Yes,No,2.0,48
AC001503,2025-09-06,A0052,RM006,Due Diligence Meeting,Growth Equity Partners III,Private Equity,80,Yes,Yes,16.0,73
AC001504,2025-11-02,A0331,RM013,In-person Meeting,Core Infrastructure Income Fund III,Infrastructure,66,No,No,,58
AC001505,2026-03-05,A0019,RM006,In-person Meeting,Opportunistic Credit Fund II,Private Credit,76,No,No,,76
AC001506,2025-12-21,A0099,RM001,Product Education,Senior Direct Lending Fund VI,Private Credit,75,Yes,Yes,28.0,60
AC001507,2025-11-28,A0025,RM011,Follow-up Call,Value-Add Real Estate Fund IV,Real Estate,65,Yes,No,20.0,34
AC001508,2026-02-18,A0272,RM012,In-person Meeting,Value-Add Real Estate Fund IV,Real Estate,61,Yes,Yes,16.0,49
AC001509,2026-03-31,A0143,RM009,Portfolio Review,Direct Lending Income Fund V,Private Credit,66,Yes,No,11.0,95
AC001510,2025-11-10,A0263,RM014,Follow-up Call,Private Equity Buyout Fund VII,Private Equity,52,Yes,Yes,26.0,23
AC001511,2026-01-22,A0134,RM006,Webinar,Private Equity Buyout Fund VII,Private Equity,26,No,No,,54
AC001512,2025-05-24,A0183,RM014,Portfolio Review,Direct Lending Income Fund V,Private Credit,59,Yes,Yes,18.0,85
AC001513,2025-06-28,A0183,RM014,Intro Call,Real Estate Income Fund II,Real Estate,54,No,No,,41
AC001514,2026-01-20,A0021,RM010,Product Education,Global Infrastructure Partners IV,Infrastructure,75,Yes,Yes,26.0,52
AC001515,2025-07-23,A0173,RM016,In-person Meeting,Opportunistic Real Estate Fund VI,Real Estate,71,Yes,No,4.0,77
AC001516,2025-06-27,A0259,RM007,Follow-up Call,Growth Equity Partners III,Private Equity,72,No,No,,38
AC001517,2025-09-13,A0219,RM011,Follow-up Call,Global Infrastructure Partners IV,Infrastructure,63,No,No,,28
AC001518,2025-08-18,A0030,RM009,Product Education,Opportunistic Credit Fund II,Private Credit,87,No,No,,23
AC001519,2025-12-10,A0272,RM012,Product Education,Direct Lending Income Fund V,Private Credit,49,No,No,,35
AC001520,2025-10-21,A0117,RM010,Due Diligence Meeting,Core Infrastructure Income Fund III,Infrastructure,52,No,No,,91
AC001521,2025-09-24,A0008,RM010,Follow-up Call,Opportunistic Credit Fund II,Private Credit,42,No,No,,38
AC001522,2025-12-11,A0055,RM006,Follow-up Call,Global Infrastructure Partners IV,Infrastructure,64,No,No,,14
AC001523,2026-03-18,A0198,RM014,Portfolio Review,Value-Add Real Estate Fund IV,Real Estate,73,No,No,,79
AC001524,2025-11-23,A0118,RM013,Intro Call,Opportunistic Real Estate Fund VI,Real Estate,41,Yes,Yes,18.0,33
AC001525,2025-09-28,A0281,RM009,Due Diligence Meeting,Global Infrastructure Partners IV,Infrastructure,83,No,No,,69
AC001526,2025-10-11,A0092,RM009,In-person Meeting,Global Infrastructure Partners IV,Infrastructure,72,Yes,Yes,22.0,63
AC001527,2025-09-23,A0315,RM016,Webinar,Direct Lending Income Fund V,Private Credit,27,No,No,,45
AC001528,2025-05-20,A0108,RM008,Webinar,Private Equity Buyout Fund VII,Private Equity,37,Yes,Yes,4.0,37
AC001529,2025-09-10,A0249,RM001,Product Education,Opportunistic Real Estate Fund VI,Real Estate,76,Yes,Yes,25.0,34
AC001530,2025-05-28,A0325,RM006,Intro Call,Global Infrastructure Partners IV,Infrastructure,54,Yes,Yes,25.0,17
AC001531,2025-06-11,A0150,RM006,Product Education,Core Infrastructure Income Fund III,Infrastructure,75,Yes,Yes,14.0,47
AC001532,2025-06-15,A0022,RM003,Webinar,Direct Lending Income Fund V,Private Credit,52,Yes,No,11.0,48
AC001533,2026-03-24,A0212,RM007,Portfolio Review,Global Infrastructure Partners IV,Infrastructure,80,No,No,,93
AC001534,2025-06-03,A0399,RM006,Portfolio Review,Growth Equity Partners III,Private Equity,44,No,No,,88
AC001535,2025-06-08,A0389,RM004,Follow-up Call,Opportunistic Real Estate Fund VI,Real Estate,66,Yes,No,23.0,29
AC001536,2025-06-10,A0082,RM003,In-person Meeting,Private Equity Buyout Fund VII,Private Equity,60,Yes,Yes,15.0,65
AC001537,2025-12-14,A0307,RM014,In-person Meeting,Direct Lending Income Fund V,Private Credit,69,Yes,Yes,28.0,71
AC001538,2025-07-31,A0132,RM007,Intro Call,Direct Lending Income Fund V,Private Credit,57,Yes,No,9.0,48
AC001539,2026-01-30,A0058,RM007,In-person Meeting,Opportunistic Credit Fund II,Private Credit,78,Yes,No,11.0,61
AC001540,2026-03-07,A0271,RM014,Webinar,Senior Direct Lending Fund VI,Private Credit,47,Yes,No,23.0,22
AC001541,2026-04-19,A0200,RM007,In-person Meeting,Senior Direct Lending Fund VI,Private Credit,77,No,No,,84
AC001542,2026-02-17,A0214,RM015,Intro Call,Value-Add Real Estate Fund IV,Real Estate,47,Yes,Yes,3.0,36
AC001543,2025-07-27,A0335,RM006,Portfolio Review,Private Equity Buyout Fund VII,Private Equity,45,No,No,,66
AC001544,2025-10-08,A0128,RM002,Follow-up Call,Opportunistic Real Estate Fund VI,Real Estate,40,Yes,Yes,27.0,36
AC001545,2025-10-10,A0272,RM012,Intro Call,Value-Add Real Estate Fund IV,Real Estate,39,Yes,Yes,6.0,34
AC001546,2026-01-07,A0142,RM013,In-person Meeting,Opportunistic Real Estate Fund VI,Real Estate,69,Yes,No,14.0,67
AC001547,2026-04-03,A0020,RM014,Intro Call,Global Infrastructure Partners IV,Infrastructure,48,Yes,No,7.0,37
AC001548,2025-12-31,A0147,RM016,Product Education,Core Infrastructure Income Fund III,Infrastructure,62,Yes,No,4.0,21
AC001549,2025-10-17,A0382,RM010,Product Education,Growth Equity Partners III,Private Equity,80,Yes,Yes,16.0,16
AC001550,2026-04-12,A0193,RM004,In-person Meeting,Senior Direct Lending Fund VI,Private Credit,65,Yes,Yes,8.0,65
AC001551,2025-05-01,A0037,RM013,Product Education,Growth Equity Partners III,Private Equity,72,No,No,,36
AC001552,2025-07-18,A0279,RM008,Webinar,Private Equity Buyout Fund VII,Private Equity,22,Yes,No,8.0,49
AC001553,2025-07-23,A0387,RM006,Intro Call,Direct Lending Income Fund V,Private Credit,34,Yes,No,19.0,37
AC001554,2025-09-27,A0363,RM012,Intro Call,Private Equity Buyout Fund VII,Private Equity,70,Yes,No,6.0,29
AC001555,2025-08-10,A0229,RM002,In-person Meeting,Opportunistic Real Estate Fund VI,Real Estate,65,Yes,Yes,9.0,96
AC001556,2025-08-28,A0146,RM016,Follow-up Call,Opportunistic Real Estate Fund VI,Real Estate,53,Yes,Yes,6.0,36
AC001557,2025-05-30,A0233,RM004,Portfolio Review,Senior Direct Lending Fund VI,Private Credit,48,Yes,Yes,3.0,85
AC001558,2026-02-02,A0331,RM013,Portfolio Review,Opportunistic Real Estate Fund VI,Real Estate,70,Yes,No,24.0,72
AC001559,2025-06-28,A0343,RM004,Due Diligence Meeting,Direct Lending Income Fund V,Private Credit,100,Yes,Yes,13.0,32
AC001560,2025-07-05,A0333,RM006,Follow-up Call,Real Estate Income Fund II,Real Estate,41,Yes,Yes,9.0,57
AC001561,2026-03-19,A0183,RM014,In-person Meeting,Growth Equity Partners III,Private Equity,72,No,No,,86
AC001562,2026-02-11,A0043,RM003,Follow-up Call,Value-Add Real Estate Fund IV,Real Estate,45,Yes,Yes,28.0,26
AC001563,2025-06-01,A0229,RM002,Follow-up Call,Senior Direct Lending Fund VI,Private Credit,48,No,No,,45
AC001564,2025-10-26,A0055,RM006,Portfolio Review,Direct Lending Income Fund V,Private Credit,71,No,No,,75
AC001565,2026-01-23,A0026,RM011,In-person Meeting,Growth Equity Partners III,Private Equity,60,Yes,No,7.0,73
AC001566,2025-09-13,A0199,RM014,Intro Call,Senior Direct Lending Fund VI,Private Credit,56,Yes,Yes,19.0,23
AC001567,2025-08-20,A0265,RM001,Intro Call,Opportunistic Credit Fund II,Private Credit,49,Yes,No,18.0,26
AC001568,2025-07-04,A0342,RM003,Due Diligence Meeting,Core Infrastructure Income Fund III,Infrastructure,60,Yes,No,10.0,73
AC001569,2026-03-12,A0320,RM009,Intro Call,Value-Add Real Estate Fund IV,Real Estate,76,No,No,,49
AC001570,2025-10-26,A0343,RM004,Webinar,Opportunistic Real Estate Fund VI,Real Estate,60,No,No,,60
AC001571,2025-12-22,A0309,RM008,Follow-up Call,Direct Lending Income Fund V,Private Credit,58,No,No,,42
AC001572,2026-02-10,A0285,RM011,In-person Meeting,Opportunistic Real Estate Fund VI,Real Estate,76,No,No,,106
AC001573,2026-04-23,A0006,RM012,Portfolio Review,Global Infrastructure Partners IV,Infrastructure,88,No,No,,73
AC001574,2025-10-29,A0252,RM008,Due Diligence Meeting,Core Infrastructure Income Fund III,Infrastructure,86,No,No,,89
AC001575,2026-03-17,A0044,RM005,In-person Meeting,Real Estate Income Fund II,Real Estate,63,Yes,Yes,15.0,88
AC001576,2025-08-10,A0026,RM011,Follow-up Call,Real Estate Income Fund II,Real Estate,68,Yes,Yes,4.0,40
AC001577,2025-05-11,A0055,RM006,Due Diligence Meeting,Global Infrastructure Partners IV,Infrastructure,80,Yes,Yes,6.0,86
AC001578,2025-07-14,A0333,RM006,Product Education,Growth Equity Partners III,Private Equity,45,No,No,,10
AC001579,2025-08-11,A0302,RM001,Follow-up Call,Global Infrastructure Partners IV,Infrastructure,60,Yes,Yes,13.0,28
AC001580,2025-07-04,A0382,RM010,Follow-up Call,Core Infrastructure Income Fund III,Infrastructure,78,No,No,,38
AC001581,2025-10-12,A0396,RM016,Due Diligence Meeting,Real Estate Income Fund II,Real Estate,76,Yes,Yes,24.0,58
AC001582,2025-10-25,A0356,RM002,Product Education,Growth Equity Partners III,Private Equity,68,Yes,Yes,22.0,38
AC001583,2025-06-29,A0047,RM011,Intro Call,Senior Direct Lending Fund VI,Private Credit,45,Yes,Yes,29.0,34
AC001584,2025-12-07,A0349,RM014,Intro Call,Opportunistic Credit Fund II,Private Credit,81,Yes,Yes,17.0,32
AC001585,2025-05-18,A0340,RM016,In-person Meeting,Opportunistic Credit Fund II,Private Credit,59,Yes,Yes,29.0,79
AC001586,2025-07-01,A0346,RM016,Product Education,Real Estate Income Fund II,Real Estate,70,Yes,Yes,16.0,41
AC001587,2025-09-26,A0054,RM003,Portfolio Review,Private Equity Buyout Fund VII,Private Equity,84,Yes,Yes,2.0,97
AC001588,2026-02-23,A0041,RM008,In-person Meeting,Value-Add Real Estate Fund IV,Real Estate,75,No,No,,94
AC001589,2025-06-19,A0370,RM009,Product Education,Private Equity Buyout Fund VII,Private Equity,51,Yes,Yes,26.0,24
AC001590,2025-10-28,A0062,RM016,Intro Call,Growth Equity Partners III,Private Equity,72,Yes,Yes,4.0,31
AC001591,2026-01-20,A0143,RM009,Product Education,Global Infrastructure Partners IV,Infrastructure,89,Yes,Yes,22.0,32
AC001592,2025-11-05,A0183,RM014,Intro Call,Core Infrastructure Income Fund III,Infrastructure,50,No,No,,17
AC001593,2026-04-05,A0045,RM016,Due Diligence Meeting,Real Estate Income Fund II,Real Estate,77,No,No,,86
AC001594,2025-06-03,A0011,RM014,Intro Call,Global Infrastructure Partners IV,Infrastructure,62,Yes,No,12.0,20
AC001595,2025-09-30,A0399,RM006,Product Education,Growth Equity Partners III,Private Equity,40,Yes,Yes,25.0,31
AC001596,2026-04-01,A0348,RM003,Follow-up Call,Opportunistic Credit Fund II,Private Credit,51,Yes,No,25.0,40
AC001597,2025-12-23,A0365,RM011,Product Education,Growth Equity Partners III,Private Equity,73,Yes,Yes,9.0,42
AC001598,2025-11-28,A0108,RM008,Intro Call,Growth Equity Partners III,Private Equity,32,Yes,Yes,3.0,30
AC001599,2026-03-26,A0081,RM001,Intro Call,Real Estate Income Fund II,Real Estate,37,Yes,No,8.0,36
AC001600,2025-08-06,A0171,RM016,Follow-up Call,Private Equity Buyout Fund VII,Private Equity,54,No,No,,20
AC001601,2025-06-08,A0183,RM014,Follow-up Call,Growth Equity Partners III,Private Equity,54,No,No,,34
AC001602,2026-04-17,A0004,RM016,In-person Meeting,Real Estate Income Fund II,Real Estate,66,Yes,Yes,17.0,78
AC001603,2025-06-21,A0318,RM005,Product Education,Core Infrastructure Income Fund III,Infrastructure,70,No,No,,49
AC001604,2026-02-21,A0399,RM006,In-person Meeting,Direct Lending Income Fund V,Private Credit,62,No,No,,55
AC001605,2025-08-04,A0210,RM012,Due Diligence Meeting,Real Estate Income Fund II,Real Estate,61,No,No,,46
AC001606,2026-03-26,A0151,RM003,Webinar,Value-Add Real Estate Fund IV,Real Estate,69,Yes,Yes,10.0,49
AC001607,2025-05-21,A0153,RM010,Intro Call,Direct Lending Income Fund V,Private Credit,59,Yes,Yes,22.0,24
AC001608,2025-06-06,A0034,RM014,Intro Call,Private Equity Buyout Fund VII,Private Equity,54,Yes,Yes,28.0,14
AC001609,2026-01-12,A0100,RM006,Portfolio Review,Real Estate Income Fund II,Real Estate,73,Yes,Yes,9.0,74
AC001610,2026-03-04,A0200,RM007,Webinar,Growth Equity Partners III,Private Equity,75,No,No,,67
AC001611,2025-07-16,A0173,RM016,Follow-up Call,Global Infrastructure Partners IV,Infrastructure,44,No,No,,33
AC001612,2025-07-30,A0219,RM011,Webinar,Value-Add Real Estate Fund IV,Real Estate,35,Yes,No,26.0,51
AC001613,2026-02-02,A0342,RM003,Follow-up Call,Opportunistic Real Estate Fund VI,Real Estate,58,No,No,,35
AC001614,2025-06-01,A0086,RM003,In-person Meeting,Growth Equity Partners III,Private Equity,57,No,No,,99
AC001615,2025-06-01,A0015,RM005,Follow-up Call,Direct Lending Income Fund V,Private Credit,55,Yes,No,28.0,28
AC001616,2026-04-10,A0019,RM006,Follow-up Call,Core Infrastructure Income Fund III,Infrastructure,53,Yes,Yes,2.0,40
AC001617,2025-09-28,A0048,RM007,In-person Meeting,Core Infrastructure Income Fund III,Infrastructure,83,Yes,Yes,3.0,41
AC001618,2025-08-06,A0229,RM002,In-person Meeting,Opportunistic Real Estate Fund VI,Real Estate,55,No,No,,91
AC001619,2025-08-17,A0327,RM004,In-person Meeting,Opportunistic Real Estate Fund VI,Real Estate,87,Yes,Yes,3.0,46
AC001620,2025-08-12,A0352,RM002,Intro Call,Private Equity Buyout Fund VII,Private Equity,78,Yes,Yes,8.0,32
AC001621,2026-03-15,A0256,RM015,Intro Call,Value-Add Real Estate Fund IV,Real Estate,46,Yes,Yes,28.0,27
AC001622,2025-11-10,A0157,RM016,Intro Call,Opportunistic Real Estate Fund VI,Real Estate,60,Yes,No,10.0,24
AC001623,2025-09-13,A0054,RM003,Intro Call,Global Infrastructure Partners IV,Infrastructure,53,No,No,,37
AC001624,2025-05-03,A0157,RM016,Product Education,Growth Equity Partners III,Private Equity,70,Yes,Yes,9.0,50
AC001625,2026-03-06,A0127,RM014,Intro Call,Global Infrastructure Partners IV,Infrastructure,49,No,No,,31
AC001626,2025-10-28,A0345,RM016,Intro Call,Opportunistic Real Estate Fund VI,Real Estate,51,Yes,Yes,29.0,39
AC001627,2025-12-08,A0195,RM005,Webinar,Growth Equity Partners III,Private Equity,41,No,No,,43
AC001628,2025-12-15,A0086,RM003,Webinar,Opportunistic Real Estate Fund VI,Real Estate,52,No,No,,61
AC001629,2025-09-15,A0108,RM008,Follow-up Call,Growth Equity Partners III,Private Equity,43,Yes,Yes,15.0,36
AC001630,2025-08-25,A0048,RM007,Due Diligence Meeting,Growth Equity Partners III,Private Equity,94,Yes,Yes,10.0,80
AC001631,2025-07-21,A0368,RM008,Due Diligence Meeting,Senior Direct Lending Fund VI,Private Credit,71,Yes,No,15.0,69
AC001632,2026-01-23,A0024,RM008,Portfolio Review,Private Equity Buyout Fund VII,Private Equity,66,Yes,Yes,7.0,88
AC001633,2025-10-07,A0008,RM010,In-person Meeting,Opportunistic Real Estate Fund VI,Real Estate,52,Yes,Yes,22.0,87
AC001634,2025-06-28,A0065,RM005,Product Education,Senior Direct Lending Fund VI,Private Credit,88,Yes,Yes,15.0,21
AC001635,2025-05-08,A0327,RM004,Due Diligence Meeting,Direct Lending Income Fund V,Private Credit,85,No,No,,58
AC001636,2025-12-18,A0207,RM008,Webinar,Growth Equity Partners III,Private Equity,52,Yes,Yes,11.0,54
AC001637,2025-10-15,A0252,RM008,In-person Meeting,Growth Equity Partners III,Private Equity,73,Yes,Yes,20.0,44
AC001638,2025-08-12,A0140,RM007,Intro Call,Real Estate Income Fund II,Real Estate,42,No,No,,32
AC001639,2025-05-30,A0028,RM011,In-person Meeting,Opportunistic Real Estate Fund VI,Real Estate,65,Yes,No,25.0,93
AC001640,2025-05-12,A0343,RM004,Intro Call,Value-Add Real Estate Fund IV,Real Estate,64,No,No,,28
AC001641,2026-01-17,A0071,RM003,Intro Call,Private Equity Buyout Fund VII,Private Equity,49,Yes,No,16.0,41
AC001642,2025-08-17,A0017,RM002,Webinar,Core Infrastructure Income Fund III,Infrastructure,35,No,No,,49
AC001643,2025-06-13,A0230,RM001,Intro Call,Core Infrastructure Income Fund III,Infrastructure,35,No,No,,50
AC001644,2026-01-02,A0031,RM010,In-person Meeting,Global Infrastructure Partners IV,Infrastructure,63,No,No,,75
AC001645,2025-10-20,A0034,RM014,Intro Call,Opportunistic Real Estate Fund VI,Real Estate,52,Yes,Yes,23.0,55
AC001646,2025-11-25,A0326,RM014,Portfolio Review,Opportunistic Real Estate Fund VI,Real Estate,40,Yes,Yes,3.0,101
AC001647,2025-11-20,A0197,RM010,Intro Call,Senior Direct Lending Fund VI,Private Credit,53,Yes,Yes,14.0,39
AC001648,2025-11-09,A0093,RM012,Product Education,Global Infrastructure Partners IV,Infrastructure,63,No,No,,31
AC001649,2025-10-15,A0134,RM006,Due Diligence Meeting,Global Infrastructure Partners IV,Infrastructure,62,Yes,Yes,23.0,55
AC001650,2025-12-05,A0296,RM001,In-person Meeting,Value-Add Real Estate Fund IV,Real Estate,54,No,No,,81
AC001651,2025-05-04,A0027,RM006,Follow-up Call,Growth Equity Partners III,Private Equity,88,No,No,,27
AC001652,2026-01-01,A0041,RM008,Follow-up Call,Core Infrastructure Income Fund III,Infrastructure,84,Yes,Yes,22.0,24
AC001653,2026-02-15,A0249,RM001,Intro Call,Direct Lending Income Fund V,Private Credit,67,No,No,,35
AC001654,2026-03-15,A0244,RM007,Follow-up Call,Core Infrastructure Income Fund III,Infrastructure,36,Yes,No,5.0,24
AC001655,2025-06-01,A0391,RM012,Intro Call,Private Equity Buyout Fund VII,Private Equity,36,Yes,Yes,13.0,33
AC001656,2026-01-18,A0146,RM016,In-person Meeting,Global Infrastructure Partners IV,Infrastructure,79,No,No,,89
AC001657,2025-08-05,A0026,RM011,In-person Meeting,Direct Lending Income Fund V,Private Credit,69,Yes,No,8.0,112
AC001658,2025-06-08,A0213,RM016,Product Education,Core Infrastructure Income Fund III,Infrastructure,82,Yes,Yes,29.0,35
AC001659,2025-05-09,A0258,RM009,Intro Call,Value-Add Real Estate Fund IV,Real Estate,36,Yes,No,24.0,36
AC001660,2025-08-12,A0049,RM011,In-person Meeting,Value-Add Real Estate Fund IV,Real Estate,85,No,No,,78
AC001661,2025-05-30,A0221,RM001,Follow-up Call,Direct Lending Income Fund V,Private Credit,54,No,No,,11
AC001662,2025-11-24,A0072,RM009,Follow-up Call,Real Estate Income Fund II,Real Estate,81,No,No,,34
AC001663,2025-08-29,A0341,RM002,Follow-up Call,Global Infrastructure Partners IV,Infrastructure,70,No,No,,14
AC001664,2025-10-11,A0338,RM007,Product Education,Senior Direct Lending Fund VI,Private Credit,57,No,No,,31
AC001665,2025-11-05,A0173,RM016,Product Education,Growth Equity Partners III,Private Equity,41,Yes,No,22.0,44
AC001666,2025-09-04,A0388,RM012,Follow-up Call,Real Estate Income Fund II,Real Estate,56,No,No,,31
AC001667,2026-03-18,A0396,RM016,Intro Call,Opportunistic Real Estate Fund VI,Real Estate,51,Yes,Yes,20.0,38
AC001668,2025-11-23,A0046,RM009,Follow-up Call,Real Estate Income Fund II,Real Estate,73,No,No,,35
AC001669,2025-11-07,A0143,RM009,Follow-up Call,Real Estate Income Fund II,Real Estate,66,Yes,Yes,23.0,31
AC001670,2025-10-22,A0239,RM003,Webinar,Growth Equity Partners III,Private Equity,54,No,No,,48
AC001671,2025-10-14,A0031,RM010,Due Diligence Meeting,Senior Direct Lending Fund VI,Private Credit,77,Yes,Yes,12.0,79
AC001672,2026-02-28,A0150,RM006,Portfolio Review,Core Infrastructure Income Fund III,Infrastructure,77,No,No,,60
AC001673,2026-02-14,A0098,RM009,In-person Meeting,Direct Lending Income Fund V,Private Credit,79,Yes,Yes,2.0,91
AC001674,2025-09-21,A0382,RM010,In-person Meeting,Core Infrastructure Income Fund III,Infrastructure,94,Yes,Yes,5.0,86
AC001675,2025-12-22,A0163,RM014,Intro Call,Opportunistic Real Estate Fund VI,Real Estate,71,Yes,Yes,2.0,38
AC001676,2025-11-10,A0310,RM010,Follow-up Call,Value-Add Real Estate Fund IV,Real Estate,44,No,No,,28
AC001677,2025-09-14,A0150,RM006,Product Education,Growth Equity Partners III,Private Equity,69,Yes,No,25.0,26
AC001678,2025-06-26,A0046,RM009,In-person Meeting,Growth Equity Partners III,Private Equity,62,Yes,No,18.0,65
AC001679,2026-04-12,A0343,RM004,Follow-up Call,Core Infrastructure Income Fund III,Infrastructure,69,Yes,Yes,29.0,28
AC001680,2025-11-16,A0001,RM006,In-person Meeting,Global Infrastructure Partners IV,Infrastructure,69,Yes,Yes,7.0,62
AC001681,2026-02-22,A0024,RM008,Product Education,Opportunistic Real Estate Fund VI,Real Estate,49,Yes,Yes,11.0,45
AC001682,2025-11-05,A0142,RM013,Follow-up Call,Direct Lending Income Fund V,Private Credit,64,Yes,Yes,29.0,31
AC001683,2025-06-20,A0278,RM011,In-person Meeting,Opportunistic Real Estate Fund VI,Real Estate,60,Yes,Yes,4.0,78
AC001684,2025-11-21,A0130,RM009,Portfolio Review,Global Infrastructure Partners IV,Infrastructure,91,Yes,Yes,12.0,64
AC001685,2025-10-25,A0027,RM006,Follow-up Call,Direct Lending Income Fund V,Private Credit,89,Yes,Yes,29.0,24
AC001686,2025-06-11,A0121,RM010,Portfolio Review,Global Infrastructure Partners IV,Infrastructure,78,Yes,Yes,15.0,72
AC001687,2025-07-18,A0094,RM005,Follow-up Call,Core Infrastructure Income Fund III,Infrastructure,51,Yes,Yes,26.0,62
AC001688,2025-09-16,A0004,RM016,Intro Call,Value-Add Real Estate Fund IV,Real Estate,42,No,No,,32
AC001689,2025-06-12,A0212,RM007,Follow-up Call,Private Equity Buyout Fund VII,Private Equity,79,No,No,,27
AC001690,2026-01-24,A0041,RM008,Product Education,Opportunistic Credit Fund II,Private Credit,80,Yes,Yes,12.0,51
AC001691,2025-12-03,A0108,RM008,Due Diligence Meeting,Value-Add Real Estate Fund IV,Real Estate,68,No,No,,70
AC001692,2025-08-27,A0259,RM007,Follow-up Call,Direct Lending Income Fund V,Private Credit,66,No,No,,40
AC001693,2025-08-31,A0294,RM012,Follow-up Call,Opportunistic Credit Fund II,Private Credit,38,No,No,,21
AC001694,2025-08-25,A0099,RM001,In-person Meeting,Private Equity Buyout Fund VII,Private Equity,68,No,No,,89
AC001695,2026-04-13,A0126,RM013,Product Education,Direct Lending Income Fund V,Private Credit,81,No,No,,44
AC001696,2025-08-16,A0095,RM003,Follow-up Call,Global Infrastructure Partners IV,Infrastructure,90,Yes,Yes,14.0,34
AC001697,2026-01-19,A0384,RM006,Intro Call,Opportunistic Real Estate Fund VI,Real Estate,54,Yes,No,8.0,48
AC001698,2026-01-19,A0071,RM003,In-person Meeting,Real Estate Income Fund II,Real Estate,60,No,No,,57
AC001699,2026-02-22,A0065,RM005,Product Education,Global Infrastructure Partners IV,Infrastructure,100,No,No,,33
AC001700,2025-09-30,A0180,RM008,In-person Meeting,Growth Equity Partners III,Private Equity,86,Yes,Yes,8.0,78
AC001701,2026-01-16,A0069,RM016,Portfolio Review,Opportunistic Real Estate Fund VI,Real Estate,83,No,No,,92
AC001702,2025-10-14,A0056,RM011,Follow-up Call,Opportunistic Real Estate Fund VI,Real Estate,75,Yes,No,29.0,27
AC001703,2026-04-05,A0034,RM014,Webinar,Growth Equity Partners III,Private Equity,47,No,No,,52
AC001704,2025-05-22,A0258,RM009,Product Education,Direct Lending Income Fund V,Private Credit,62,Yes,No,4.0,24
AC001705,2025-09-23,A0247,RM013,Webinar,Private Equity Buyout Fund VII,Private Equity,50,No,No,,33
AC001706,2025-06-18,A0261,RM005,In-person Meeting,Direct Lending Income Fund V,Private Credit,68,No,No,,51
AC001707,2025-09-28,A0316,RM001,In-person Meeting,Core Infrastructure Income Fund III,Infrastructure,75,Yes,Yes,7.0,83
AC001708,2026-03-30,A0124,RM007,In-person Meeting,Senior Direct Lending Fund VI,Private Credit,89,Yes,Yes,17.0,48
AC001709,2025-05-09,A0368,RM008,Intro Call,Growth Equity Partners III,Private Equity,53,Yes,No,23.0,43
AC001710,2025-07-27,A0297,RM006,Due Diligence Meeting,Private Equity Buyout Fund VII,Private Equity,89,No,No,,79
AC001711,2025-11-12,A0326,RM014,Product Education,Opportunistic Credit Fund II,Private Credit,61,No,No,,26
AC001712,2026-03-08,A0293,RM001,Follow-up Call,Opportunistic Credit Fund II,Private Credit,80,Yes,Yes,23.0,39
AC001713,2025-08-29,A0140,RM007,Intro Call,Growth Equity Partners III,Private Equity,38,No,No,,40
AC001714,2025-08-03,A0107,RM004,Follow-up Call,Core Infrastructure Income Fund III,Infrastructure,63,No,No,,43
AC001715,2026-04-29,A0170,RM012,Portfolio Review,Global Infrastructure Partners IV,Infrastructure,78,Yes,Yes,19.0,54
AC001716,2026-02-18,A0034,RM014,Intro Call,Senior Direct Lending Fund VI,Private Credit,46,No,No,,40
AC001717,2025-11-23,A0182,RM013,Product Education,Growth Equity Partners III,Private Equity,49,No,No,,48
AC001718,2025-08-12,A0020,RM014,In-person Meeting,Opportunistic Credit Fund II,Private Credit,67,No,No,,82
AC001719,2025-07-17,A0003,RM001,Intro Call,Opportunistic Credit Fund II,Private Credit,27,Yes,No,2.0,37
AC001720,2025-08-23,A0373,RM005,Intro Call,Global Infrastructure Partners IV,Infrastructure,40,No,No,,28
AC001721,2026-02-11,A0279,RM008,In-person Meeting,Opportunistic Real Estate Fund VI,Real Estate,55,Yes,No,5.0,65
AC001722,2026-02-08,A0226,RM006,Follow-up Call,Private Equity Buyout Fund VII,Private Equity,47,Yes,No,23.0,40
AC001723,2025-07-01,A0130,RM009,Product Education,Growth Equity Partners III,Private Equity,67,Yes,Yes,12.0,36
AC001724,2025-05-17,A0229,RM002,Intro Call,Growth Equity Partners III,Private Equity,46,Yes,Yes,26.0,31
AC001725,2026-02-20,A0355,RM010,Portfolio Review,Value-Add Real Estate Fund IV,Real Estate,56,No,No,,57
AC001726,2026-02-26,A0263,RM014,In-person Meeting,Value-Add Real Estate Fund IV,Real Estate,62,Yes,Yes,10.0,62
AC001727,2025-10-10,A0241,RM014,Webinar,Core Infrastructure Income Fund III,Infrastructure,38,Yes,No,28.0,44
AC001728,2026-02-17,A0183,RM014,Follow-up Call,Direct Lending Income Fund V,Private Credit,62,Yes,No,28.0,37
AC001729,2026-02-21,A0133,RM014,Webinar,Real Estate Income Fund II,Real Estate,63,No,No,,52
AC001730,2025-05-16,A0283,RM010,Intro Call,Opportunistic Real Estate Fund VI,Real Estate,59,No,No,,33
AC001731,2026-02-08,A0396,RM016,Webinar,Senior Direct Lending Fund VI,Private Credit,47,No,No,,51
AC001732,2025-10-30,A0171,RM016,Follow-up Call,Value-Add Real Estate Fund IV,Real Estate,65,Yes,Yes,10.0,30
AC001733,2026-04-17,A0152,RM015,Due Diligence Meeting,Growth Equity Partners III,Private Equity,74,Yes,No,11.0,71
AC001734,2026-03-27,A0172,RM009,In-person Meeting,Opportunistic Real Estate Fund VI,Real Estate,66,Yes,Yes,8.0,94
AC001735,2025-11-27,A0171,RM016,Intro Call,Value-Add Real Estate Fund IV,Real Estate,45,No,No,,24
AC001736,2025-07-29,A0398,RM007,Follow-up Call,Opportunistic Real Estate Fund VI,Real Estate,58,No,No,,35
AC001737,2025-10-06,A0286,RM008,Follow-up Call,Direct Lending Income Fund V,Private Credit,58,Yes,Yes,11.0,29
AC001738,2026-02-13,A0141,RM003,Follow-up Call,Global Infrastructure Partners IV,Infrastructure,73,No,No,,47
AC001739,2025-12-24,A0144,RM007,Webinar,Direct Lending Income Fund V,Private Credit,67,No,No,,39
AC001740,2025-10-17,A0173,RM016,Follow-up Call,Private Equity Buyout Fund VII,Private Equity,62,No,No,,30
AC001741,2025-12-14,A0018,RM007,Product Education,Global Infrastructure Partners IV,Infrastructure,81,No,No,,30
AC001742,2025-12-15,A0209,RM010,Portfolio Review,Opportunistic Credit Fund II,Private Credit,56,No,No,,55
AC001743,2025-10-16,A0327,RM004,Webinar,Opportunistic Credit Fund II,Private Credit,57,Yes,Yes,3.0,45
AC001744,2025-07-26,A0268,RM007,Follow-up Call,Core Infrastructure Income Fund III,Infrastructure,34,Yes,Yes,11.0,38
AC001745,2025-05-26,A0072,RM009,Due Diligence Meeting,Opportunistic Real Estate Fund VI,Real Estate,100,Yes,No,25.0,58
AC001746,2025-11-29,A0296,RM001,Intro Call,Opportunistic Real Estate Fund VI,Real Estate,48,No,No,,22
AC001747,2026-01-24,A0293,RM001,Follow-up Call,Core Infrastructure Income Fund III,Infrastructure,80,Yes,Yes,20.0,35
AC001748,2026-03-17,A0099,RM001,Follow-up Call,Private Equity Buyout Fund VII,Private Equity,69,No,No,,40
AC001749,2025-10-01,A0251,RM007,Intro Call,Direct Lending Income Fund V,Private Credit,47,No,No,,25
AC001750,2025-06-18,A0247,RM013,In-person Meeting,Opportunistic Real Estate Fund VI,Real Estate,63,Yes,Yes,7.0,61
AC001751,2026-01-03,A0340,RM016,In-person Meeting,Senior Direct Lending Fund VI,Private Credit,68,Yes,Yes,19.0,50
AC001752,2026-04-13,A0048,RM007,Intro Call,Core Infrastructure Income Fund III,Infrastructure,59,No,No,,28
AC001753,2026-02-27,A0071,RM003,Follow-up Call,Core Infrastructure Income Fund III,Infrastructure,55,No,No,,40
AC001754,2026-01-18,A0193,RM004,Product Education,Core Infrastructure Income Fund III,Infrastructure,61,Yes,Yes,22.0,30
AC001755,2025-06-19,A0021,RM010,Webinar,Core Infrastructure Income Fund III,Infrastructure,66,No,No,,39
AC001756,2025-08-19,A0165,RM011,Follow-up Call,Senior Direct Lending Fund VI,Private Credit,84,No,No,,46
AC001757,2025-12-15,A0323,RM016,Due Diligence Meeting,Senior Direct Lending Fund VI,Private Credit,72,No,No,,80
AC001758,2025-05-25,A0052,RM006,Intro Call,Direct Lending Income Fund V,Private Credit,63,Yes,Yes,4.0,31
AC001759,2026-02-11,A0183,RM014,Due Diligence Meeting,Private Equity Buyout Fund VII,Private Equity,71,No,No,,94
AC001760,2026-03-02,A0398,RM007,Follow-up Call,Opportunistic Credit Fund II,Private Credit,89,No,No,,40
AC001761,2025-10-05,A0200,RM007,Follow-up Call,Core Infrastructure Income Fund III,Infrastructure,85,Yes,Yes,26.0,29
AC001762,2025-08-10,A0199,RM014,Due Diligence Meeting,Senior Direct Lending Fund VI,Private Credit,68,Yes,Yes,20.0,65
AC001763,2026-03-08,A0225,RM016,Intro Call,Opportunistic Real Estate Fund VI,Real Estate,39,Yes,Yes,12.0,53
AC001764,2025-07-28,A0068,RM004,Intro Call,Private Equity Buyout Fund VII,Private Equity,54,Yes,Yes,26.0,13
AC001765,2025-12-21,A0052,RM006,Webinar,Real Estate Income Fund II,Real Estate,60,No,No,,52
AC001766,2026-02-14,A0276,RM005,Product Education,Private Equity Buyout Fund VII,Private Equity,81,Yes,Yes,21.0,31
AC001767,2025-08-09,A0155,RM011,Follow-up Call,Private Equity Buyout Fund VII,Private Equity,58,Yes,Yes,6.0,50
AC001768,2025-09-28,A0109,RM008,In-person Meeting,Core Infrastructure Income Fund III,Infrastructure,68,Yes,Yes,8.0,39
AC001769,2026-02-16,A0017,RM002,Follow-up Call,Opportunistic Real Estate Fund VI,Real Estate,53,No,No,,33
AC001770,2026-02-14,A0341,RM002,Webinar,Growth Equity Partners III,Private Equity,64,Yes,No,2.0,53
AC001771,2025-10-05,A0017,RM002,Webinar,Private Equity Buyout Fund VII,Private Equity,32,Yes,Yes,24.0,58
AC001772,2025-08-12,A0305,RM007,Product Education,Direct Lending Income Fund V,Private Credit,64,Yes,No,12.0,15
AC001773,2026-02-03,A0149,RM014,In-person Meeting,Opportunistic Real Estate Fund VI,Real Estate,91,Yes,Yes,21.0,98
AC001774,2025-08-25,A0239,RM003,Webinar,Senior Direct Lending Fund VI,Private Credit,51,Yes,Yes,15.0,34
AC001775,2025-12-21,A0095,RM003,Intro Call,Private Equity Buyout Fund VII,Private Equity,71,Yes,Yes,23.0,47
AC001776,2025-09-26,A0055,RM006,Follow-up Call,Core Infrastructure Income Fund III,Infrastructure,54,No,No,,36
AC001777,2025-09-02,A0211,RM006,Product Education,Value-Add Real Estate Fund IV,Real Estate,82,Yes,Yes,14.0,12
AC001778,2025-08-01,A0281,RM009,Product Education,Core Infrastructure Income Fund III,Infrastructure,50,Yes,Yes,29.0,29
AC001779,2026-03-10,A0071,RM003,Intro Call,Value-Add Real Estate Fund IV,Real Estate,40,No,No,,52
AC001780,2026-01-09,A0174,RM016,In-person Meeting,Opportunistic Real Estate Fund VI,Real Estate,65,Yes,Yes,23.0,42
AC001781,2025-09-21,A0179,RM015,Portfolio Review,Opportunistic Real Estate Fund VI,Real Estate,63,Yes,Yes,17.0,52
AC001782,2025-07-22,A0078,RM016,Intro Call,Growth Equity Partners III,Private Equity,81,No,No,,24
AC001783,2026-04-03,A0227,RM015,In-person Meeting,Senior Direct Lending Fund VI,Private Credit,58,Yes,No,12.0,105
AC001784,2025-10-07,A0052,RM006,Due Diligence Meeting,Opportunistic Credit Fund II,Private Credit,82,No,No,,62
AC001785,2026-03-14,A0202,RM002,Portfolio Review,Senior Direct Lending Fund VI,Private Credit,89,Yes,Yes,14.0,81
AC001786,2025-07-12,A0040,RM001,Follow-up Call,Opportunistic Real Estate Fund VI,Real Estate,83,Yes,Yes,15.0,32
AC001787,2025-09-20,A0193,RM004,Follow-up Call,Global Infrastructure Partners IV,Infrastructure,68,No,No,,27
AC001788,2025-12-23,A0118,RM013,Product Education,Opportunistic Credit Fund II,Private Credit,54,Yes,Yes,18.0,27
AC001789,2026-01-02,A0182,RM013,Follow-up Call,Direct Lending Income Fund V,Private Credit,42,Yes,No,27.0,24
AC001790,2025-10-06,A0173,RM016,Due Diligence Meeting,Value-Add Real Estate Fund IV,Real Estate,69,No,No,,90
AC001791,2025-10-11,A0363,RM012,Intro Call,Global Infrastructure Partners IV,Infrastructure,84,Yes,Yes,21.0,33
AC001792,2026-03-22,A0196,RM009,Follow-up Call,Growth Equity Partners III,Private Equity,79,Yes,Yes,2.0,46
AC001793,2025-11-08,A0333,RM006,Product Education,Value-Add Real Estate Fund IV,Real Estate,43,Yes,Yes,29.0,52
AC001794,2025-06-22,A0086,RM003,In-person Meeting,Direct Lending Income Fund V,Private Credit,57,No,No,,71
AC001795,2026-02-06,A0137,RM008,In-person Meeting,Opportunistic Credit Fund II,Private Credit,57,No,No,,77
AC001796,2025-08-08,A0030,RM009,Follow-up Call,Real Estate Income Fund II,Real Estate,75,No,No,,24
AC001797,2025-12-31,A0168,RM013,Webinar,Direct Lending Income Fund V,Private Credit,53,No,No,,58
AC001798,2025-08-31,A0272,RM012,Follow-up Call,Core Infrastructure Income Fund III,Infrastructure,59,No,No,,39
AC001799,2026-04-27,A0340,RM016,Product Education,Core Infrastructure Income Fund III,Infrastructure,62,No,No,,29
AC001800,2026-04-20,A0228,RM009,Product Education,Senior Direct Lending Fund VI,Private Credit,71,Yes,Yes,12.0,31
AC001801,2026-01-26,A0258,RM009,Follow-up Call,Senior Direct Lending Fund VI,Private Credit,56,Yes,Yes,9.0,48
AC001802,2026-03-07,A0063,RM016,Webinar,Core Infrastructure Income Fund III,Infrastructure,79,Yes,Yes,13.0,49
AC001803,2025-10-16,A0019,RM006,Portfolio Review,Senior Direct Lending Fund VI,Private Credit,58,No,No,,95
AC001804,2026-01-04,A0323,RM016,Webinar,Opportunistic Real Estate Fund VI,Real Estate,60,No,No,,48
AC001805,2025-07-08,A0061,RM006,Due Diligence Meeting,Direct Lending Income Fund V,Private Credit,77,Yes,Yes,5.0,108
AC001806,2025-11-02,A0033,RM009,Portfolio Review,Global Infrastructure Partners IV,Infrastructure,68,Yes,Yes,17.0,113
AC001807,2026-04-21,A0374,RM009,Intro Call,Growth Equity Partners III,Private Equity,60,No,No,,22
AC001808,2025-12-24,A0387,RM006,In-person Meeting,Value-Add Real Estate Fund IV,Real Estate,74,Yes,Yes,19.0,84
AC001809,2026-04-04,A0249,RM001,In-person Meeting,Value-Add Real Estate Fund IV,Real Estate,87,Yes,No,28.0,112
AC001810,2026-01-30,A0147,RM016,Intro Call,Private Equity Buyout Fund VII,Private Equity,39,Yes,Yes,15.0,23
AC001811,2025-07-05,A0337,RM002,Follow-up Call,Real Estate Income Fund II,Real Estate,66,Yes,Yes,2.0,36
AC001812,2026-04-03,A0074,RM008,In-person Meeting,Value-Add Real Estate Fund IV,Real Estate,78,Yes,Yes,27.0,58
AC001813,2026-02-11,A0173,RM016,Webinar,Direct Lending Income Fund V,Private Credit,39,Yes,Yes,11.0,56
AC001814,2026-03-16,A0139,RM008,In-person Meeting,Value-Add Real Estate Fund IV,Real Estate,76,No,No,,65
AC001815,2026-02-23,A0366,RM014,In-person Meeting,Senior Direct Lending Fund VI,Private Credit,67,No,No,,88
AC001816,2026-04-23,A0369,RM011,In-person Meeting,Direct Lending Income Fund V,Private Credit,69,Yes,Yes,29.0,70
AC001817,2026-04-20,A0262,RM009,In-person Meeting,Direct Lending Income Fund V,Private Credit,83,Yes,Yes,12.0,63
AC001818,2025-07-08,A0039,RM001,Intro Call,Growth Equity Partners III,Private Equity,55,Yes,Yes,22.0,54
AC001819,2025-07-03,A0192,RM004,Follow-up Call,Global Infrastructure Partners IV,Infrastructure,75,Yes,No,22.0,51
AC001820,2025-10-19,A0094,RM005,Follow-up Call,Growth Equity Partners III,Private Equity,48,No,No,,26
AC001821,2025-07-18,A0351,RM007,Follow-up Call,Private Equity Buyout Fund VII,Private Equity,38,No,No,,48
AC001822,2026-04-01,A0049,RM011,Follow-up Call,Real Estate Income Fund II,Real Estate,46,No,No,,33
AC001823,2025-08-16,A0024,RM008,In-person Meeting,Growth Equity Partners III,Private Equity,63,No,No,,68
AC001824,2025-12-28,A0285,RM011,Portfolio Review,Global Infrastructure Partners IV,Infrastructure,71,Yes,Yes,21.0,105
AC001825,2025-07-08,A0183,RM014,Follow-up Call,Value-Add Real Estate Fund IV,Real Estate,48,No,No,,45
AC001826,2025-12-17,A0340,RM016,Webinar,Global Infrastructure Partners IV,Infrastructure,54,Yes,Yes,17.0,53
AC001827,2026-01-24,A0030,RM009,Intro Call,Real Estate Income Fund II,Real Estate,75,No,No,,38
AC001828,2025-05-03,A0326,RM014,In-person Meeting,Private Equity Buyout Fund VII,Private Equity,48,No,No,,60
AC001829,2026-01-06,A0019,RM006,Webinar,Core Infrastructure Income Fund III,Infrastructure,55,No,No,,46
AC001830,2026-03-01,A0015,RM005,In-person Meeting,Senior Direct Lending Fund VI,Private Credit,71,Yes,Yes,28.0,55
AC001831,2026-04-16,A0184,RM015,Follow-up Call,Opportunistic Credit Fund II,Private Credit,67,No,No,,27
AC001832,2025-07-11,A0082,RM003,Portfolio Review,Growth Equity Partners III,Private Equity,51,Yes,Yes,28.0,61
AC001833,2026-01-18,A0238,RM015,Webinar,Opportunistic Credit Fund II,Private Credit,50,No,No,,58
AC001834,2025-11-18,A0014,RM013,Due Diligence Meeting,Opportunistic Real Estate Fund VI,Real Estate,78,Yes,No,15.0,70
AC001835,2025-10-06,A0017,RM002,Portfolio Review,Growth Equity Partners III,Private Equity,68,No,No,,95
AC001836,2025-07-17,A0296,RM001,Follow-up Call,Senior Direct Lending Fund VI,Private Credit,62,Yes,Yes,4.0,29
AC001837,2025-08-28,A0077,RM005,In-person Meeting,Direct Lending Income Fund V,Private Credit,58,Yes,Yes,20.0,57
AC001838,2025-10-08,A0265,RM001,Follow-up Call,Senior Direct Lending Fund VI,Private Credit,64,Yes,Yes,5.0,51
AC001839,2025-06-30,A0305,RM007,Product Education,Opportunistic Real Estate Fund VI,Real Estate,56,Yes,Yes,12.0,43
AC001840,2025-05-23,A0026,RM011,Follow-up Call,Opportunistic Credit Fund II,Private Credit,56,Yes,No,16.0,20
AC001841,2025-05-25,A0314,RM016,Due Diligence Meeting,Senior Direct Lending Fund VI,Private Credit,54,Yes,Yes,26.0,90
AC001842,2025-09-05,A0102,RM002,Product Education,Real Estate Income Fund II,Real Estate,60,Yes,Yes,20.0,42
AC001843,2025-09-22,A0151,RM003,In-person Meeting,Senior Direct Lending Fund VI,Private Credit,93,No,No,,85
AC001844,2025-11-10,A0032,RM001,In-person Meeting,Core Infrastructure Income Fund III,Infrastructure,86,Yes,Yes,27.0,60
AC001845,2025-10-23,A0340,RM016,Intro Call,Global Infrastructure Partners IV,Infrastructure,52,No,No,,42
AC001846,2025-08-26,A0225,RM016,In-person Meeting,Private Equity Buyout Fund VII,Private Equity,81,Yes,No,13.0,90
AC001847,2026-02-25,A0200,RM007,Due Diligence Meeting,Private Equity Buyout Fund VII,Private Equity,89,Yes,Yes,24.0,81
AC001848,2025-09-08,A0389,RM004,Follow-up Call,Value-Add Real Estate Fund IV,Real Estate,52,Yes,Yes,27.0,41
AC001849,2025-09-08,A0127,RM014,In-person Meeting,Value-Add Real Estate Fund IV,Real Estate,83,Yes,Yes,22.0,67
AC001850,2026-03-02,A0355,RM010,Follow-up Call,Senior Direct Lending Fund VI,Private Credit,46,No,No,,33
AC001851,2026-03-15,A0293,RM001,Follow-up Call,Global Infrastructure Partners IV,Infrastructure,60,Yes,No,13.0,37
AC001852,2026-02-09,A0372,RM002,Webinar,Opportunistic Credit Fund II,Private Credit,53,No,No,,43
AC001853,2025-07-09,A0363,RM012,Follow-up Call,Private Equity Buyout Fund VII,Private Equity,67,Yes,Yes,16.0,33
AC001854,2025-06-19,A0398,RM007,Product Education,Value-Add Real Estate Fund IV,Real Estate,84,No,No,,21
AC001855,2026-04-10,A0046,RM009,Product Education,Opportunistic Credit Fund II,Private Credit,76,Yes,Yes,26.0,24
AC001856,2026-04-11,A0324,RM008,Product Education,Private Equity Buyout Fund VII,Private Equity,61,No,No,,36
AC001857,2025-07-20,A0326,RM014,Intro Call,Value-Add Real Estate Fund IV,Real Estate,30,No,No,,40
AC001858,2025-10-26,A0259,RM007,Intro Call,Real Estate Income Fund II,Real Estate,49,No,No,,38
AC001859,2026-02-10,A0105,RM004,In-person Meeting,Global Infrastructure Partners IV,Infrastructure,65,No,No,,39
AC001860,2025-08-15,A0388,RM012,Follow-up Call,Core Infrastructure Income Fund III,Infrastructure,49,No,No,,37
AC001861,2026-04-18,A0074,RM008,Product Education,Growth Equity Partners III,Private Equity,62,Yes,Yes,4.0,47
AC001862,2025-12-06,A0199,RM014,Webinar,Growth Equity Partners III,Private Equity,44,Yes,Yes,3.0,75
AC001863,2026-02-28,A0205,RM014,Product Education,Global Infrastructure Partners IV,Infrastructure,56,Yes,Yes,14.0,10
AC001864,2025-10-19,A0059,RM002,Portfolio Review,Opportunistic Real Estate Fund VI,Real Estate,34,Yes,Yes,23.0,62
AC001865,2025-10-12,A0294,RM012,Intro Call,Opportunistic Credit Fund II,Private Credit,61,Yes,Yes,13.0,32
AC001866,2025-10-25,A0033,RM009,Follow-up Call,Opportunistic Real Estate Fund VI,Real Estate,53,Yes,Yes,19.0,35
AC001867,2026-02-09,A0280,RM004,Portfolio Review,Real Estate Income Fund II,Real Estate,92,Yes,Yes,11.0,48
AC001868,2025-09-29,A0342,RM003,Portfolio Review,Real Estate Income Fund II,Real Estate,48,No,No,,95
AC001869,2025-07-26,A0136,RM010,Follow-up Call,Senior Direct Lending Fund VI,Private Credit,51,Yes,No,4.0,48
AC001870,2026-02-02,A0288,RM015,Follow-up Call,Core Infrastructure Income Fund III,Infrastructure,37,Yes,Yes,16.0,36
AC001871,2026-04-10,A0056,RM011,Due Diligence Meeting,Opportunistic Credit Fund II,Private Credit,87,Yes,Yes,25.0,80
AC001872,2025-12-24,A0341,RM002,Product Education,Direct Lending Income Fund V,Private Credit,74,Yes,Yes,17.0,26
AC001873,2026-04-06,A0382,RM010,Intro Call,Private Equity Buyout Fund VII,Private Equity,68,Yes,Yes,3.0,25
AC001874,2025-06-21,A0054,RM003,Portfolio Review,Senior Direct Lending Fund VI,Private Credit,76,Yes,Yes,28.0,98
AC001875,2026-02-09,A0280,RM004,Follow-up Call,Growth Equity Partners III,Private Equity,97,Yes,Yes,4.0,42
AC001876,2025-09-29,A0200,RM007,Follow-up Call,Real Estate Income Fund II,Real Estate,66,No,No,,34
AC001877,2026-01-08,A0211,RM006,Webinar,Global Infrastructure Partners IV,Infrastructure,76,Yes,Yes,2.0,46
AC001878,2025-10-14,A0286,RM008,Intro Call,Growth Equity Partners III,Private Equity,60,Yes,Yes,22.0,43
AC001879,2025-06-14,A0196,RM009,Follow-up Call,Direct Lending Income Fund V,Private Credit,75,Yes,Yes,16.0,29
AC001880,2025-05-19,A0239,RM003,Follow-up Call,Direct Lending Income Fund V,Private Credit,61,No,No,,36
AC001881,2025-12-27,A0088,RM014,In-person Meeting,Opportunistic Real Estate Fund VI,Real Estate,53,Yes,Yes,9.0,85
AC001882,2025-12-18,A0147,RM016,Follow-up Call,Growth Equity Partners III,Private Equity,58,Yes,No,21.0,53
AC001883,2026-02-04,A0343,RM004,Follow-up Call,Private Equity Buyout Fund VII,Private Equity,72,Yes,Yes,18.0,33
AC001884,2025-05-11,A0039,RM001,Follow-up Call,Growth Equity Partners III,Private Equity,76,No,No,,10
AC001885,2025-07-23,A0239,RM003,Follow-up Call,Growth Equity Partners III,Private Equity,48,No,No,,39
AC001886,2025-06-18,A0067,RM016,Product Education,Direct Lending Income Fund V,Private Credit,52,Yes,Yes,25.0,47
AC001887,2026-02-10,A0341,RM002,Intro Call,Senior Direct Lending Fund VI,Private Credit,66,No,No,,13
AC001888,2026-01-17,A0233,RM004,In-person Meeting,Opportunistic Credit Fund II,Private Credit,60,Yes,No,20.0,59
AC001889,2025-10-24,A0157,RM016,Due Diligence Meeting,Senior Direct Lending Fund VI,Private Credit,98,No,No,,66
AC001890,2025-12-10,A0095,RM003,In-person Meeting,Private Equity Buyout Fund VII,Private Equity,97,Yes,Yes,8.0,71
AC001891,2025-12-30,A0174,RM016,Portfolio Review,Opportunistic Credit Fund II,Private Credit,41,No,No,,66
AC001892,2025-12-15,A0385,RM001,Product Education,Opportunistic Credit Fund II,Private Credit,53,Yes,Yes,3.0,38
AC001893,2025-07-03,A0202,RM002,Intro Call,Value-Add Real Estate Fund IV,Real Estate,56,No,No,,33
AC001894,2026-02-07,A0186,RM006,Intro Call,Value-Add Real Estate Fund IV,Real Estate,69,No,No,,35
AC001895,2025-12-19,A0305,RM007,Portfolio Review,Senior Direct Lending Fund VI,Private Credit,69,No,No,,94
AC001896,2025-08-07,A0147,RM016,Portfolio Review,Private Equity Buyout Fund VII,Private Equity,64,No,No,,33
AC001897,2026-03-04,A0172,RM009,Follow-up Call,Value-Add Real Estate Fund IV,Real Estate,64,Yes,Yes,17.0,48
AC001898,2025-09-03,A0128,RM002,Follow-up Call,Growth Equity Partners III,Private Equity,70,Yes,No,26.0,31
AC001899,2025-10-03,A0054,RM003,Follow-up Call,Growth Equity Partners III,Private Equity,62,Yes,Yes,9.0,47
AC001900,2026-04-03,A0289,RM008,Portfolio Review,Core Infrastructure Income Fund III,Infrastructure,91,No,No,,78
AC001901,2025-05-08,A0347,RM003,In-person Meeting,Private Equity Buyout Fund VII,Private Equity,70,No,No,,41
AC001902,2025-06-07,A0362,RM014,Follow-up Call,Growth Equity Partners III,Private Equity,64,No,No,,34
AC001903,2025-07-08,A0349,RM014,Intro Call,Core Infrastructure Income Fund III,Infrastructure,76,Yes,Yes,6.0,24
AC001904,2025-09-07,A0182,RM013,Webinar,Opportunistic Real Estate Fund VI,Real Estate,39,Yes,Yes,11.0,47
AC001905,2025-05-26,A0107,RM004,Follow-up Call,Value-Add Real Estate Fund IV,Real Estate,57,Yes,No,15.0,34
AC001906,2025-06-08,A0258,RM009,Intro Call,Core Infrastructure Income Fund III,Infrastructure,54,Yes,Yes,17.0,34
AC001907,2025-08-01,A0383,RM010,Intro Call,Real Estate Income Fund II,Real Estate,39,No,No,,25
AC001908,2026-04-28,A0296,RM001,In-person Meeting,Value-Add Real Estate Fund IV,Real Estate,78,Yes,Yes,10.0,75
AC001909,2025-08-01,A0197,RM010,Intro Call,Real Estate Income Fund II,Real Estate,47,Yes,Yes,19.0,21
AC001910,2026-02-27,A0279,RM008,Intro Call,Real Estate Income Fund II,Real Estate,33,No,No,,29
AC001911,2025-09-06,A0315,RM016,In-person Meeting,Opportunistic Real Estate Fund VI,Real Estate,67,No,No,,86
AC001912,2025-11-21,A0369,RM011,Product Education,Direct Lending Income Fund V,Private Credit,78,Yes,Yes,25.0,22
AC001913,2025-05-05,A0310,RM010,Due Diligence Meeting,Opportunistic Credit Fund II,Private Credit,68,No,No,,82
AC001914,2025-07-26,A0173,RM016,Webinar,Value-Add Real Estate Fund IV,Real Estate,46,Yes,Yes,12.0,45
AC001915,2026-04-17,A0103,RM005,Webinar,Opportunistic Real Estate Fund VI,Real Estate,37,Yes,Yes,18.0,43
AC001916,2026-02-11,A0199,RM014,Portfolio Review,Senior Direct Lending Fund VI,Private Credit,76,No,No,,108
AC001917,2025-10-13,A0125,RM013,Due Diligence Meeting,Global Infrastructure Partners IV,Infrastructure,83,Yes,Yes,9.0,89
AC001918,2025-08-18,A0378,RM003,In-person Meeting,Senior Direct Lending Fund VI,Private Credit,43,Yes,Yes,17.0,48
AC001919,2025-12-23,A0202,RM002,Due Diligence Meeting,Senior Direct Lending Fund VI,Private Credit,85,Yes,No,23.0,84
AC001920,2026-01-03,A0188,RM004,Follow-up Call,Private Equity Buyout Fund VII,Private Equity,61,Yes,Yes,13.0,34
AC001921,2025-05-08,A0134,RM006,Follow-up Call,Value-Add Real Estate Fund IV,Real Estate,43,Yes,Yes,19.0,33
AC001922,2026-02-07,A0258,RM009,Follow-up Call,Opportunistic Credit Fund II,Private Credit,62,No,No,,49
AC001923,2026-02-07,A0205,RM014,Follow-up Call,Opportunistic Real Estate Fund VI,Real Estate,52,No,No,,38
AC001924,2026-02-09,A0046,RM009,Due Diligence Meeting,Value-Add Real Estate Fund IV,Real Estate,95,Yes,Yes,16.0,87
AC001925,2025-05-17,A0345,RM016,In-person Meeting,Real Estate Income Fund II,Real Estate,58,No,No,,52
AC001926,2025-05-04,A0141,RM003,Webinar,Global Infrastructure Partners IV,Infrastructure,61,No,No,,40
AC001927,2025-06-14,A0173,RM016,Intro Call,Global Infrastructure Partners IV,Infrastructure,35,Yes,No,20.0,41
AC001928,2025-11-22,A0075,RM001,In-person Meeting,Private Equity Buyout Fund VII,Private Equity,79,Yes,Yes,21.0,70
AC001929,2025-11-27,A0222,RM010,Follow-up Call,Value-Add Real Estate Fund IV,Real Estate,65,No,No,,29
AC001930,2025-06-20,A0285,RM011,Follow-up Call,Opportunistic Credit Fund II,Private Credit,67,Yes,Yes,28.0,18
AC001931,2026-02-13,A0349,RM014,Intro Call,Global Infrastructure Partners IV,Infrastructure,76,Yes,Yes,3.0,22
AC001932,2026-01-17,A0024,RM008,Intro Call,Real Estate Income Fund II,Real Estate,39,Yes,No,27.0,20
AC001933,2026-02-21,A0391,RM012,Follow-up Call,Direct Lending Income Fund V,Private Credit,56,No,No,,34
AC001934,2025-07-16,A0285,RM011,Webinar,Opportunistic Real Estate Fund VI,Real Estate,57,No,No,,45
AC001935,2026-03-01,A0107,RM004,Intro Call,Direct Lending Income Fund V,Private Credit,67,Yes,Yes,7.0,23
AC001936,2025-06-04,A0074,RM008,Due Diligence Meeting,Growth Equity Partners III,Private Equity,65,Yes,Yes,17.0,84
AC001937,2026-04-14,A0112,RM013,Product Education,Core Infrastructure Income Fund III,Infrastructure,60,No,No,,41
AC001938,2025-10-22,A0347,RM003,Intro Call,Core Infrastructure Income Fund III,Infrastructure,33,Yes,Yes,29.0,23
AC001939,2025-10-06,A0110,RM003,Webinar,Private Equity Buyout Fund VII,Private Equity,45,No,No,,50
AC001940,2025-09-18,A0186,RM006,Portfolio Review,Value-Add Real Estate Fund IV,Real Estate,77,No,No,,81
AC001941,2025-10-26,A0286,RM008,Due Diligence Meeting,Senior Direct Lending Fund VI,Private Credit,72,No,No,,63
AC001942,2025-05-27,A0346,RM016,Intro Call,Core Infrastructure Income Fund III,Infrastructure,59,Yes,Yes,8.0,56
AC001943,2025-07-21,A0267,RM007,Webinar,Senior Direct Lending Fund VI,Private Credit,77,Yes,No,17.0,45
AC001944,2026-03-16,A0306,RM009,Follow-up Call,Senior Direct Lending Fund VI,Private Credit,100,Yes,Yes,9.0,40
AC001945,2025-12-09,A0062,RM016,Product Education,Opportunistic Real Estate Fund VI,Real Estate,86,Yes,Yes,26.0,34
AC001946,2026-01-22,A0348,RM003,Portfolio Review,Core Infrastructure Income Fund III,Infrastructure,58,No,No,,63
AC001947,2026-03-09,A0104,RM011,Webinar,Senior Direct Lending Fund VI,Private Credit,69,No,No,,36
AC001948,2025-08-30,A0046,RM009,Follow-up Call,Real Estate Income Fund II,Real Estate,66,Yes,Yes,2.0,51
AC001949,2025-12-17,A0394,RM005,Webinar,Global Infrastructure Partners IV,Infrastructure,41,Yes,Yes,10.0,54
AC001950,2025-09-15,A0073,RM002,Intro Call,Opportunistic Real Estate Fund VI,Real Estate,50,Yes,Yes,13.0,43
AC001951,2025-10-18,A0048,RM007,Intro Call,Senior Direct Lending Fund VI,Private Credit,66,No,No,,28
AC001952,2026-01-25,A0252,RM008,Intro Call,Real Estate Income Fund II,Real Estate,62,Yes,Yes,25.0,34
AC001953,2025-05-05,A0121,RM010,Follow-up Call,Private Equity Buyout Fund VII,Private Equity,82,Yes,Yes,14.0,44
AC001954,2026-03-26,A0047,RM011,Webinar,Core Infrastructure Income Fund III,Infrastructure,53,No,No,,45
AC001955,2026-04-02,A0240,RM005,Intro Call,Direct Lending Income Fund V,Private Credit,61,Yes,Yes,16.0,24
AC001956,2026-03-07,A0308,RM003,In-person Meeting,Growth Equity Partners III,Private Equity,52,No,No,,88
AC001957,2025-08-15,A0323,RM016,Webinar,Core Infrastructure Income Fund III,Infrastructure,62,Yes,Yes,21.0,47
AC001958,2026-04-02,A0055,RM006,Portfolio Review,Global Infrastructure Partners IV,Infrastructure,62,No,No,,94
AC001959,2025-12-06,A0225,RM016,Product Education,Direct Lending Income Fund V,Private Credit,59,No,No,,48
AC001960,2025-05-29,A0331,RM013,Follow-up Call,Direct Lending Income Fund V,Private Credit,49,Yes,Yes,6.0,31
AC001961,2025-05-05,A0059,RM002,Intro Call,Direct Lending Income Fund V,Private Credit,54,Yes,Yes,13.0,50
AC001962,2025-06-02,A0076,RM007,Follow-up Call,Value-Add Real Estate Fund IV,Real Estate,60,Yes,No,9.0,43
AC001963,2026-03-09,A0001,RM006,Intro Call,Private Equity Buyout Fund VII,Private Equity,60,No,No,,34
AC001964,2025-10-30,A0207,RM008,Follow-up Call,Growth Equity Partners III,Private Equity,54,No,No,,27
AC001965,2025-08-05,A0071,RM003,Intro Call,Growth Equity Partners III,Private Equity,53,No,No,,26
AC001966,2026-01-16,A0294,RM012,Follow-up Call,Private Equity Buyout Fund VII,Private Equity,45,No,No,,44
AC001967,2026-01-29,A0387,RM006,Webinar,Value-Add Real Estate Fund IV,Real Estate,60,Yes,Yes,2.0,44
AC001968,2025-12-09,A0076,RM007,Webinar,Global Infrastructure Partners IV,Infrastructure,65,Yes,Yes,10.0,55
AC001969,2025-11-08,A0261,RM005,Webinar,Private Equity Buyout Fund VII,Private Equity,57,Yes,Yes,7.0,57
AC001970,2026-01-08,A0077,RM005,Intro Call,Direct Lending Income Fund V,Private Credit,41,No,No,,31
AC001971,2025-05-24,A0009,RM010,Portfolio Review,Core Infrastructure Income Fund III,Infrastructure,81,Yes,Yes,11.0,106
AC001972,2025-11-18,A0308,RM003,Intro Call,Core Infrastructure Income Fund III,Infrastructure,40,No,No,,46
AC001973,2026-01-25,A0173,RM016,Webinar,Opportunistic Credit Fund II,Private Credit,63,Yes,Yes,7.0,43
AC001974,2025-10-27,A0380,RM003,Intro Call,Core Infrastructure Income Fund III,Infrastructure,34,Yes,No,23.0,27
AC001975,2026-02-04,A0212,RM007,Follow-up Call,Opportunistic Credit Fund II,Private Credit,62,No,No,,38
AC001976,2025-05-26,A0057,RM015,Intro Call,Direct Lending Income Fund V,Private Credit,43,Yes,Yes,9.0,31
AC001977,2025-07-20,A0181,RM003,Follow-up Call,Core Infrastructure Income Fund III,Infrastructure,49,Yes,Yes,16.0,31
AC001978,2025-08-04,A0074,RM008,Intro Call,Real Estate Income Fund II,Real Estate,40,Yes,No,3.0,37
AC001979,2026-02-15,A0349,RM014,Webinar,Senior Direct Lending Fund VI,Private Credit,67,Yes,Yes,28.0,63
AC001980,2026-03-05,A0280,RM004,In-person Meeting,Core Infrastructure Income Fund III,Infrastructure,94,Yes,Yes,19.0,93
AC001981,2025-05-13,A0130,RM009,Follow-up Call,Opportunistic Credit Fund II,Private Credit,65,Yes,No,21.0,25
AC001982,2025-12-29,A0209,RM010,Due Diligence Meeting,Real Estate Income Fund II,Real Estate,82,Yes,Yes,2.0,82
AC001983,2026-02-23,A0273,RM012,Follow-up Call,Opportunistic Real Estate Fund VI,Real Estate,66,Yes,No,18.0,31
AC001984,2025-08-09,A0320,RM009,Follow-up Call,Global Infrastructure Partners IV,Infrastructure,69,Yes,Yes,27.0,31
AC001985,2025-11-19,A0031,RM010,Intro Call,Opportunistic Credit Fund II,Private Credit,51,No,No,,24
AC001986,2026-04-23,A0013,RM011,Follow-up Call,Private Equity Buyout Fund VII,Private Equity,52,Yes,No,21.0,41
AC001987,2025-12-27,A0041,RM008,In-person Meeting,Senior Direct Lending Fund VI,Private Credit,95,Yes,Yes,11.0,73
AC001988,2025-11-22,A0154,RM002,In-person Meeting,Opportunistic Real Estate Fund VI,Real Estate,67,No,No,,96
AC001989,2025-09-18,A0186,RM006,In-person Meeting,Private Equity Buyout Fund VII,Private Equity,83,Yes,Yes,6.0,94
AC001990,2025-11-05,A0048,RM007,Follow-up Call,Opportunistic Real Estate Fund VI,Real Estate,75,No,No,,35
AC001991,2025-05-30,A0162,RM015,Portfolio Review,Direct Lending Income Fund V,Private Credit,58,No,No,,80
AC001992,2025-09-11,A0176,RM003,In-person Meeting,Opportunistic Credit Fund II,Private Credit,75,No,No,,70
AC001993,2025-11-14,A0038,RM012,Product Education,Real Estate Income Fund II,Real Estate,61,Yes,Yes,4.0,29
AC001994,2025-06-29,A0367,RM002,Webinar,Private Equity Buyout Fund VII,Private Equity,68,Yes,Yes,19.0,44
AC001995,2025-10-03,A0239,RM003,Follow-up Call,Direct Lending Income Fund V,Private Credit,62,Yes,Yes,8.0,32
AC001996,2026-02-14,A0151,RM003,Webinar,Senior Direct Lending Fund VI,Private Credit,67,Yes,Yes,2.0,48
AC001997,2025-06-09,A0201,RM008,Webinar,Opportunistic Credit Fund II,Private Credit,72,Yes,Yes,21.0,49
AC001998,2025-11-05,A0119,RM007,In-person Meeting,Direct Lending Income Fund V,Private Credit,75,Yes,Yes,10.0,98
AC001999,2025-10-18,A0343,RM004,Webinar,Core Infrastructure Income Fund III,Infrastructure,55,Yes,Yes,4.0,49
AC002000,2026-01-07,A0231,RM003,Portfolio Review,Opportunistic Real Estate Fund VI,Real Estate,55,Yes,Yes,21.0,87
AC002001,2025-11-07,A0197,RM010,Product Education,Core Infrastructure Income Fund III,Infrastructure,90,Yes,Yes,12.0,44
AC002002,2026-01-28,A0364,RM003,Product Education,Opportunistic Real Estate Fund VI,Real Estate,57,Yes,Yes,19.0,29
AC002003,2026-02-18,A0340,RM016,In-person Meeting,Global Infrastructure Partners IV,Infrastructure,53,Yes,No,19.0,73
AC002004,2025-08-21,A0329,RM001,Follow-up Call,Growth Equity Partners III,Private Equity,53,No,No,,34
AC002005,2025-08-19,A0086,RM003,Portfolio Review,Senior Direct Lending Fund VI,Private Credit,55,Yes,Yes,27.0,63
AC002006,2025-07-21,A0054,RM003,Due Diligence Meeting,Growth Equity Partners III,Private Equity,81,Yes,Yes,8.0,75
AC002007,2025-08-04,A0279,RM008,Due Diligence Meeting,Opportunistic Real Estate Fund VI,Real Estate,67,No,No,,100
AC002008,2026-01-01,A0186,RM006,Follow-up Call,Real Estate Income Fund II,Real Estate,70,Yes,Yes,29.0,54
AC002009,2025-06-10,A0277,RM006,Product Education,Opportunistic Real Estate Fund VI,Real Estate,77,Yes,Yes,7.0,36
AC002010,2026-01-12,A0309,RM008,Due Diligence Meeting,Core Infrastructure Income Fund III,Infrastructure,85,No,No,,71
AC002011,2026-04-17,A0112,RM013,Webinar,Opportunistic Real Estate Fund VI,Real Estate,66,Yes,Yes,20.0,46
AC002012,2026-01-28,A0108,RM008,Follow-up Call,Opportunistic Real Estate Fund VI,Real Estate,51,No,No,,32
AC002013,2025-07-27,A0196,RM009,In-person Meeting,Real Estate Income Fund II,Real Estate,94,Yes,Yes,21.0,97
AC002014,2025-08-31,A0103,RM005,Intro Call,Private Equity Buyout Fund VII,Private Equity,34,No,No,,31
AC002015,2026-04-07,A0272,RM012,Follow-up Call,Growth Equity Partners III,Private Equity,42,No,No,,32
AC002016,2025-07-27,A0305,RM007,Follow-up Call,Senior Direct Lending Fund VI,Private Credit,57,No,No,,22
AC002017,2025-10-04,A0188,RM004,Webinar,Senior Direct Lending Fund VI,Private Credit,59,No,No,,68
AC002018,2025-11-22,A0294,RM012,Portfolio Review,Senior Direct Lending Fund VI,Private Credit,56,Yes,No,11.0,96
AC002019,2026-03-19,A0203,RM006,Intro Call,Senior Direct Lending Fund VI,Private Credit,58,No,No,,36
AC002020,2025-12-10,A0289,RM008,In-person Meeting,Opportunistic Credit Fund II,Private Credit,79,No,No,,56
AC002021,2026-02-21,A0085,RM002,Follow-up Call,Value-Add Real Estate Fund IV,Real Estate,78,No,No,,26
AC002022,2025-12-26,A0299,RM006,Due Diligence Meeting,Private Equity Buyout Fund VII,Private Equity,88,Yes,Yes,16.0,58
AC002023,2025-08-30,A0290,RM015,Product Education,Opportunistic Credit Fund II,Private Credit,53,Yes,Yes,17.0,40
AC002024,2025-06-19,A0101,RM005,Due Diligence Meeting,Global Infrastructure Partners IV,Infrastructure,61,No,No,,100
AC002025,2025-08-30,A0224,RM009,Portfolio Review,Growth Equity Partners III,Private Equity,68,No,No,,98
AC002026,2026-02-20,A0343,RM004,Follow-up Call,Real Estate Income Fund II,Real Estate,71,Yes,No,19.0,33
AC002027,2025-06-20,A0095,RM003,Follow-up Call,Direct Lending Income Fund V,Private Credit,83,Yes,Yes,12.0,41
AC002028,2025-10-08,A0299,RM006,In-person Meeting,Growth Equity Partners III,Private Equity,89,No,No,,74
AC002029,2025-11-02,A0382,RM010,Follow-up Call,Core Infrastructure Income Fund III,Infrastructure,84,No,No,,43
AC002030,2025-07-28,A0343,RM004,Follow-up Call,Opportunistic Real Estate Fund VI,Real Estate,79,Yes,Yes,12.0,25
AC002031,2025-07-10,A0157,RM016,Portfolio Review,Real Estate Income Fund II,Real Estate,91,Yes,Yes,3.0,51
AC002032,2025-10-15,A0245,RM010,Intro Call,Private Equity Buyout Fund VII,Private Equity,52,Yes,Yes,6.0,45
AC002033,2025-08-20,A0399,RM006,Due Diligence Meeting,Private Equity Buyout Fund VII,Private Equity,74,Yes,Yes,2.0,52
AC002034,2026-01-28,A0228,RM009,In-person Meeting,Global Infrastructure Partners IV,Infrastructure,87,Yes,Yes,19.0,82
AC002035,2026-02-20,A0041,RM008,Follow-up Call,Core Infrastructure Income Fund III,Infrastructure,61,No,No,,25
AC002036,2026-02-27,A0021,RM010,Follow-up Call,Value-Add Real Estate Fund IV,Real Estate,72,Yes,No,15.0,41
AC002037,2025-05-25,A0323,RM016,Follow-up Call,Private Equity Buyout Fund VII,Private Equity,67,Yes,No,16.0,33
AC002038,2025-08-07,A0170,RM012,Follow-up Call,Growth Equity Partners III,Private Equity,81,Yes,Yes,26.0,28
AC002039,2026-03-21,A0095,RM003,Follow-up Call,Value-Add Real Estate Fund IV,Real Estate,80,No,No,,29
AC002040,2025-08-28,A0134,RM006,In-person Meeting,Senior Direct Lending Fund VI,Private Credit,48,No,No,,68
AC002041,2025-07-17,A0307,RM014,Follow-up Call,Direct Lending Income Fund V,Private Credit,45,Yes,Yes,26.0,25
AC002042,2025-06-26,A0186,RM006,Intro Call,Private Equity Buyout Fund VII,Private Equity,62,Yes,Yes,4.0,34
AC002043,2026-02-24,A0345,RM016,Follow-up Call,Growth Equity Partners III,Private Equity,63,Yes,No,6.0,33
AC002044,2025-05-29,A0299,RM006,Follow-up Call,Opportunistic Real Estate Fund VI,Real Estate,87,Yes,No,6.0,33
AC002045,2026-03-18,A0391,RM012,Intro Call,Direct Lending Income Fund V,Private Credit,27,Yes,Yes,8.0,34
AC002046,2026-04-26,A0352,RM002,Due Diligence Meeting,Value-Add Real Estate Fund IV,Real Estate,100,No,No,,112
AC002047,2025-09-06,A0096,RM010,Follow-up Call,Value-Add Real Estate Fund IV,Real Estate,76,Yes,Yes,21.0,27
AC002048,2025-09-02,A0267,RM007,Intro Call,Senior Direct Lending Fund VI,Private Credit,47,No,No,,26
AC002049,2025-06-17,A0011,RM014,Product Education,Core Infrastructure Income Fund III,Infrastructure,82,Yes,No,26.0,43
AC002050,2025-08-14,A0398,RM007,Intro Call,Direct Lending Income Fund V,Private Credit,69,Yes,No,10.0,45
AC002051,2025-07-14,A0098,RM009,In-person Meeting,Senior Direct Lending Fund VI,Private Credit,85,Yes,Yes,13.0,70
AC002052,2026-04-11,A0271,RM014,Intro Call,Growth Equity Partners III,Private Equity,50,No,No,,33
AC002053,2026-02-20,A0342,RM003,Portfolio Review,Growth Equity Partners III,Private Equity,59,No,No,,80
AC002054,2025-05-07,A0058,RM007,Intro Call,Core Infrastructure Income Fund III,Infrastructure,61,No,No,,36
AC002055,2025-05-11,A0341,RM002,Product Education,Real Estate Income Fund II,Real Estate,63,No,No,,37
AC002056,2025-10-27,A0007,RM004,Webinar,Direct Lending Income Fund V,Private Credit,58,Yes,Yes,26.0,58
AC002057,2025-11-22,A0176,RM003,In-person Meeting,Growth Equity Partners III,Private Equity,69,Yes,No,16.0,79
AC002058,2026-01-30,A0188,RM004,Follow-up Call,Senior Direct Lending Fund VI,Private Credit,62,No,No,,31
AC002059,2025-10-17,A0146,RM016,Follow-up Call,Direct Lending Income Fund V,Private Credit,73,Yes,Yes,17.0,35
AC002060,2025-12-19,A0235,RM005,Intro Call,Real Estate Income Fund II,Real Estate,54,No,No,,24
AC002061,2026-01-01,A0367,RM002,In-person Meeting,Opportunistic Credit Fund II,Private Credit,71,Yes,Yes,29.0,77
AC002062,2025-11-25,A0124,RM007,Follow-up Call,Value-Add Real Estate Fund IV,Real Estate,77,Yes,Yes,16.0,19
AC002063,2026-04-02,A0233,RM004,Webinar,Growth Equity Partners III,Private Equity,44,No,No,,58
AC002064,2025-08-08,A0349,RM014,Intro Call,Real Estate Income Fund II,Real Estate,63,No,No,,30
AC002065,2026-02-21,A0315,RM016,In-person Meeting,Global Infrastructure Partners IV,Infrastructure,69,Yes,No,27.0,65
AC002066,2025-12-02,A0020,RM014,In-person Meeting,Core Infrastructure Income Fund III,Infrastructure,70,No,No,,42
AC002067,2025-09-04,A0378,RM003,Intro Call,Core Infrastructure Income Fund III,Infrastructure,27,No,No,,31
AC002068,2026-02-02,A0022,RM003,Portfolio Review,Value-Add Real Estate Fund IV,Real Estate,71,Yes,Yes,12.0,51
AC002069,2026-04-18,A0236,RM006,Follow-up Call,Opportunistic Real Estate Fund VI,Real Estate,69,Yes,Yes,16.0,47
AC002070,2026-02-12,A0231,RM003,Webinar,Value-Add Real Estate Fund IV,Real Estate,59,Yes,Yes,29.0,53
AC002071,2025-07-08,A0322,RM006,Follow-up Call,Direct Lending Income Fund V,Private Credit,52,Yes,Yes,3.0,37
AC002072,2025-11-07,A0052,RM006,In-person Meeting,Opportunistic Real Estate Fund VI,Real Estate,93,Yes,Yes,4.0,85
AC002073,2025-12-21,A0064,RM011,Product Education,Growth Equity Partners III,Private Equity,67,No,No,,40
AC002074,2025-05-30,A0305,RM007,Follow-up Call,Growth Equity Partners III,Private Equity,63,Yes,Yes,12.0,37
AC002075,2025-09-28,A0054,RM003,Due Diligence Meeting,Direct Lending Income Fund V,Private Credit,79,No,No,,87
AC002076,2026-04-27,A0186,RM006,In-person Meeting,Core Infrastructure Income Fund III,Infrastructure,75,No,No,,63
AC002077,2025-06-24,A0297,RM006,Webinar,Global Infrastructure Partners IV,Infrastructure,65,Yes,Yes,9.0,46
AC002078,2025-08-23,A0262,RM009,Webinar,Real Estate Income Fund II,Real Estate,65,No,No,,63
AC002079,2025-11-30,A0077,RM005,Intro Call,Senior Direct Lending Fund VI,Private Credit,55,No,No,,44
AC002080,2025-12-29,A0116,RM005,Product Education,Core Infrastructure Income Fund III,Infrastructure,74,Yes,No,28.0,43
AC002081,2025-11-01,A0389,RM004,Intro Call,Core Infrastructure Income Fund III,Infrastructure,40,Yes,Yes,27.0,58
AC002082,2026-03-23,A0181,RM003,Intro Call,Value-Add Real Estate Fund IV,Real Estate,45,No,No,,37
AC002083,2025-12-07,A0021,RM010,In-person Meeting,Private Equity Buyout Fund VII,Private Equity,92,Yes,No,27.0,79
AC002084,2026-03-25,A0080,RM006,Intro Call,Core Infrastructure Income Fund III,Infrastructure,54,No,No,,34
AC002085,2026-03-12,A0130,RM009,In-person Meeting,Global Infrastructure Partners IV,Infrastructure,80,No,No,,84
AC002086,2025-05-06,A0400,RM006,Webinar,Growth Equity Partners III,Private Equity,74,Yes,No,4.0,54
AC002087,2025-06-17,A0115,RM012,Product Education,Opportunistic Real Estate Fund VI,Real Estate,76,Yes,Yes,18.0,30
AC002088,2025-07-29,A0015,RM005,In-person Meeting,Private Equity Buyout Fund VII,Private Equity,96,Yes,Yes,20.0,66
AC002089,2025-06-12,A0203,RM006,Follow-up Call,Opportunistic Credit Fund II,Private Credit,90,Yes,No,10.0,40
AC002090,2025-12-22,A0031,RM010,Follow-up Call,Senior Direct Lending Fund VI,Private Credit,60,No,No,,26
AC002091,2025-05-30,A0103,RM005,Intro Call,Private Equity Buyout Fund VII,Private Equity,19,Yes,Yes,5.0,28
AC002092,2025-06-02,A0399,RM006,Due Diligence Meeting,Opportunistic Credit Fund II,Private Credit,64,No,No,,76
AC002093,2026-02-05,A0285,RM011,Webinar,Real Estate Income Fund II,Real Estate,55,Yes,No,17.0,72
AC002094,2026-03-20,A0024,RM008,Product Education,Direct Lending Income Fund V,Private Credit,59,Yes,No,27.0,40
AC002095,2025-12-24,A0181,RM003,Follow-up Call,Real Estate Income Fund II,Real Estate,37,No,No,,40
AC002096,2025-10-29,A0062,RM016,Intro Call,Global Infrastructure Partners IV,Infrastructure,70,Yes,Yes,11.0,26
AC002097,2025-06-10,A0045,RM016,Intro Call,Real Estate Income Fund II,Real Estate,50,Yes,Yes,22.0,40
AC002098,2025-11-11,A0236,RM006,Webinar,Growth Equity Partners III,Private Equity,80,No,No,,44
AC002099,2026-02-19,A0200,RM007,Portfolio Review,Real Estate Income Fund II,Real Estate,83,No,No,,71
AC002100,2025-07-03,A0302,RM001,Product Education,Global Infrastructure Partners IV,Infrastructure,57,No,No,,37
AC002101,2026-02-27,A0355,RM010,Webinar,Global Infrastructure Partners IV,Infrastructure,42,Yes,Yes,28.0,34
AC002102,2026-02-24,A0094,RM005,In-person Meeting,Private Equity Buyout Fund VII,Private Equity,65,Yes,Yes,3.0,79
AC002103,2026-03-06,A0370,RM009,In-person Meeting,Senior Direct Lending Fund VI,Private Credit,69,No,No,,64
AC002104,2025-11-22,A0204,RM004,Product Education,Global Infrastructure Partners IV,Infrastructure,55,Yes,No,26.0,32
AC002105,2025-06-06,A0097,RM009,Follow-up Call,Opportunistic Credit Fund II,Private Credit,67,No,No,,27
AC002106,2025-11-19,A0341,RM002,Portfolio Review,Opportunistic Credit Fund II,Private Credit,69,Yes,Yes,4.0,76
AC002107,2026-01-04,A0017,RM002,Product Education,Opportunistic Credit Fund II,Private Credit,39,Yes,Yes,21.0,43
AC002108,2025-11-21,A0225,RM016,In-person Meeting,Direct Lending Income Fund V,Private Credit,50,Yes,No,25.0,70
AC002109,2025-06-24,A0294,RM012,Due Diligence Meeting,Senior Direct Lending Fund VI,Private Credit,70,No,No,,59
AC002110,2026-03-20,A0106,RM001,Product Education,Core Infrastructure Income Fund III,Infrastructure,70,Yes,No,7.0,33
AC002111,2025-06-29,A0343,RM004,Due Diligence Meeting,Global Infrastructure Partners IV,Infrastructure,94,No,No,,80
AC002112,2025-11-28,A0092,RM009,Product Education,Growth Equity Partners III,Private Equity,64,Yes,Yes,15.0,36
AC002113,2025-11-24,A0340,RM016,Follow-up Call,Senior Direct Lending Fund VI,Private Credit,37,No,No,,24
AC002114,2025-07-23,A0031,RM010,In-person Meeting,Real Estate Income Fund II,Real Estate,79,Yes,Yes,25.0,48
AC002115,2025-11-15,A0058,RM007,In-person Meeting,Direct Lending Income Fund V,Private Credit,92,Yes,Yes,15.0,81
AC002116,2026-02-07,A0149,RM014,Due Diligence Meeting,Opportunistic Credit Fund II,Private Credit,91,Yes,No,29.0,27
AC002117,2025-05-28,A0342,RM003,Due Diligence Meeting,Growth Equity Partners III,Private Equity,64,No,No,,74
AC002118,2025-08-04,A0052,RM006,In-person Meeting,Growth Equity Partners III,Private Equity,62,No,No,,88
AC002119,2026-03-01,A0347,RM003,Intro Call,Direct Lending Income Fund V,Private Credit,38,Yes,No,18.0,35
AC002120,2025-05-04,A0087,RM013,Portfolio Review,Growth Equity Partners III,Private Equity,69,Yes,Yes,9.0,65
AC002121,2025-06-21,A0183,RM014,Follow-up Call,Opportunistic Credit Fund II,Private Credit,52,Yes,No,24.0,20
AC002122,2025-11-04,A0137,RM008,Portfolio Review,Opportunistic Credit Fund II,Private Credit,51,Yes,Yes,16.0,89
AC002123,2025-11-11,A0042,RM009,Intro Call,Opportunistic Credit Fund II,Private Credit,46,No,No,,26
AC002124,2025-10-31,A0379,RM010,Webinar,Core Infrastructure Income Fund III,Infrastructure,61,Yes,Yes,22.0,32
AC002125,2025-11-22,A0174,RM016,In-person Meeting,Opportunistic Real Estate Fund VI,Real Estate,77,Yes,No,27.0,83
AC002126,2026-03-09,A0279,RM008,Intro Call,Direct Lending Income Fund V,Private Credit,32,Yes,Yes,6.0,63
AC002127,2025-10-21,A0231,RM003,Webinar,Core Infrastructure Income Fund III,Infrastructure,48,Yes,Yes,15.0,54
AC002128,2025-12-30,A0200,RM007,Follow-up Call,Senior Direct Lending Fund VI,Private Credit,87,Yes,Yes,19.0,37
AC002129,2025-12-10,A0249,RM001,Intro Call,Private Equity Buyout Fund VII,Private Equity,52,No,No,,30
AC002130,2026-03-03,A0359,RM013,Follow-up Call,Opportunistic Real Estate Fund VI,Real Estate,46,Yes,Yes,18.0,27
AC002131,2025-09-19,A0283,RM010,Follow-up Call,Opportunistic Real Estate Fund VI,Real Estate,67,No,No,,47
AC002132,2025-06-29,A0211,RM006,Portfolio Review,Opportunistic Real Estate Fund VI,Real Estate,73,Yes,No,7.0,89
AC002133,2026-02-14,A0260,RM001,Intro Call,Direct Lending Income Fund V,Private Credit,56,No,No,,36
AC002134,2026-03-17,A0244,RM007,Product Education,Growth Equity Partners III,Private Equity,49,Yes,Yes,12.0,44
AC002135,2025-07-25,A0173,RM016,Intro Call,Global Infrastructure Partners IV,Infrastructure,48,Yes,Yes,22.0,34
AC002136,2025-06-20,A0251,RM007,Product Education,Growth Equity Partners III,Private Equity,40,No,No,,28
AC002137,2025-08-02,A0178,RM004,Intro Call,Opportunistic Real Estate Fund VI,Real Estate,68,No,No,,31
AC002138,2026-04-08,A0307,RM014,Webinar,Real Estate Income Fund II,Real Estate,41,Yes,No,6.0,48
AC002139,2025-10-23,A0389,RM004,Product Education,Senior Direct Lending Fund VI,Private Credit,60,No,No,,16
AC002140,2026-04-10,A0386,RM003,Follow-up Call,Direct Lending Income Fund V,Private Credit,81,Yes,Yes,4.0,23
AC002141,2026-04-16,A0333,RM006,Intro Call,Private Equity Buyout Fund VII,Private Equity,55,Yes,Yes,29.0,45
AC002142,2026-04-20,A0240,RM005,Due Diligence Meeting,Direct Lending Income Fund V,Private Credit,84,Yes,Yes,3.0,60
AC002143,2026-02-27,A0305,RM007,Portfolio Review,Core Infrastructure Income Fund III,Infrastructure,71,No,No,,84
AC002144,2025-12-02,A0064,RM011,Product Education,Direct Lending Income Fund V,Private Credit,58,Yes,Yes,21.0,39
AC002145,2025-05-05,A0192,RM004,Follow-up Call,Value-Add Real Estate Fund IV,Real Estate,83,Yes,Yes,15.0,47
AC002146,2025-12-02,A0097,RM009,Follow-up Call,Opportunistic Real Estate Fund VI,Real Estate,59,No,No,,22
AC002147,2025-11-24,A0003,RM001,Follow-up Call,Real Estate Income Fund II,Real Estate,43,No,No,,34
AC002148,2025-11-04,A0388,RM012,Follow-up Call,Direct Lending Income Fund V,Private Credit,59,Yes,No,7.0,44
AC002149,2026-04-29,A0343,RM004,Product Education,Core Infrastructure Income Fund III,Infrastructure,63,Yes,Yes,3.0,15
AC002150,2026-01-23,A0203,RM006,Webinar,Growth Equity Partners III,Private Equity,65,Yes,No,7.0,51
AC002151,2025-06-16,A0096,RM010,Webinar,Direct Lending Income Fund V,Private Credit,83,Yes,No,3.0,61
AC002152,2025-06-24,A0280,RM004,Follow-up Call,Senior Direct Lending Fund VI,Private Credit,64,Yes,Yes,14.0,33
AC002153,2026-03-20,A0174,RM016,Intro Call,Real Estate Income Fund II,Real Estate,54,Yes,Yes,3.0,28
AC002154,2025-12-10,A0326,RM014,Follow-up Call,Opportunistic Credit Fund II,Private Credit,50,Yes,Yes,24.0,10
AC002155,2025-05-06,A0400,RM006,Product Education,Opportunistic Credit Fund II,Private Credit,91,Yes,Yes,11.0,36
AC002156,2026-02-11,A0136,RM010,Portfolio Review,Opportunistic Real Estate Fund VI,Real Estate,57,No,No,,75
AC002157,2025-07-23,A0094,RM005,Webinar,Opportunistic Credit Fund II,Private Credit,41,Yes,Yes,10.0,62
AC002158,2025-07-02,A0101,RM005,Follow-up Call,Opportunistic Credit Fund II,Private Credit,49,No,No,,10
AC002159,2025-08-19,A0034,RM014,Follow-up Call,Private Equity Buyout Fund VII,Private Equity,62,Yes,No,5.0,37
AC002160,2026-02-16,A0154,RM002,Intro Call,Private Equity Buyout Fund VII,Private Equity,66,Yes,Yes,27.0,52
AC002161,2025-07-07,A0009,RM010,Follow-up Call,Real Estate Income Fund II,Real Estate,67,No,No,,29
AC002162,2025-06-08,A0041,RM008,Follow-up Call,Value-Add Real Estate Fund IV,Real Estate,63,No,No,,27
AC002163,2026-04-04,A0102,RM002,Intro Call,Direct Lending Income Fund V,Private Credit,42,Yes,No,24.0,36
AC002164,2026-02-28,A0058,RM007,In-person Meeting,Opportunistic Credit Fund II,Private Credit,72,Yes,Yes,6.0,99
AC002165,2025-08-19,A0297,RM006,Product Education,Core Infrastructure Income Fund III,Infrastructure,70,Yes,No,15.0,26
AC002166,2026-03-02,A0036,RM008,In-person Meeting,Growth Equity Partners III,Private Equity,67,Yes,No,28.0,114
AC002167,2025-07-10,A0343,RM004,Follow-up Call,Opportunistic Real Estate Fund VI,Real Estate,90,Yes,Yes,18.0,44
AC002168,2026-01-13,A0082,RM003,Follow-up Call,Core Infrastructure Income Fund III,Infrastructure,51,Yes,Yes,18.0,37
AC002169,2025-10-13,A0037,RM013,Follow-up Call,Direct Lending Income Fund V,Private Credit,57,Yes,No,20.0,36
AC002170,2025-06-01,A0006,RM012,In-person Meeting,Value-Add Real Estate Fund IV,Real Estate,95,Yes,Yes,5.0,70
AC002171,2025-08-14,A0290,RM015,Due Diligence Meeting,Real Estate Income Fund II,Real Estate,69,No,No,,83
AC002172,2026-02-08,A0097,RM009,Follow-up Call,Opportunistic Real Estate Fund VI,Real Estate,65,No,No,,29
AC002173,2026-04-22,A0202,RM002,Due Diligence Meeting,Private Equity Buyout Fund VII,Private Equity,78,Yes,No,10.0,83
AC002174,2026-01-29,A0040,RM001,Follow-up Call,Growth Equity Partners III,Private Equity,63,Yes,No,3.0,46
AC002175,2025-12-08,A0398,RM007,Follow-up Call,Growth Equity Partners III,Private Equity,78,Yes,Yes,17.0,43
AC002176,2025-10-06,A0045,RM016,Webinar,Opportunistic Credit Fund II,Private Credit,51,No,No,,48
AC002177,2025-06-02,A0163,RM014,Follow-up Call,Value-Add Real Estate Fund IV,Real Estate,90,Yes,Yes,25.0,26
AC002178,2025-09-21,A0342,RM003,Due Diligence Meeting,Core Infrastructure Income Fund III,Infrastructure,69,Yes,Yes,23.0,96
AC002179,2026-04-26,A0094,RM005,In-person Meeting,Real Estate Income Fund II,Real Estate,65,No,No,,88
AC002180,2025-11-17,A0101,RM005,Webinar,Global Infrastructure Partners IV,Infrastructure,44,No,No,,64
AC002181,2026-02-28,A0327,RM004,In-person Meeting,Core Infrastructure Income Fund III,Infrastructure,84,Yes,Yes,28.0,56
AC002182,2025-10-03,A0103,RM005,In-person Meeting,Private Equity Buyout Fund VII,Private Equity,45,Yes,No,28.0,65
AC002183,2026-02-01,A0002,RM006,In-person Meeting,Value-Add Real Estate Fund IV,Real Estate,67,Yes,Yes,27.0,78
AC002184,2025-11-23,A0172,RM009,Follow-up Call,Global Infrastructure Partners IV,Infrastructure,59,Yes,No,12.0,42
AC002185,2025-05-12,A0008,RM010,Due Diligence Meeting,Value-Add Real Estate Fund IV,Real Estate,86,Yes,Yes,5.0,71
AC002186,2026-02-14,A0363,RM012,Follow-up Call,Opportunistic Credit Fund II,Private Credit,73,Yes,Yes,13.0,34
AC002187,2026-02-14,A0259,RM007,Follow-up Call,Growth Equity Partners III,Private Equity,65,No,No,,34
AC002188,2026-04-30,A0233,RM004,In-person Meeting,Opportunistic Real Estate Fund VI,Real Estate,61,No,No,,71
AC002189,2025-05-17,A0073,RM002,Portfolio Review,Direct Lending Income Fund V,Private Credit,51,Yes,Yes,20.0,77
AC002190,2025-07-26,A0285,RM011,Follow-up Call,Growth Equity Partners III,Private Equity,59,No,No,,24
AC002191,2025-09-29,A0276,RM005,Portfolio Review,Core Infrastructure Income Fund III,Infrastructure,75,Yes,Yes,25.0,66
AC002192,2026-03-08,A0026,RM011,Webinar,Value-Add Real Estate Fund IV,Real Estate,43,Yes,Yes,13.0,57
AC002193,2025-05-22,A0349,RM014,Intro Call,Opportunistic Real Estate Fund VI,Real Estate,67,Yes,Yes,19.0,38
AC002194,2026-04-05,A0233,RM004,In-person Meeting,Value-Add Real Estate Fund IV,Real Estate,64,Yes,Yes,26.0,127
AC002195,2026-03-21,A0323,RM016,Product Education,Core Infrastructure Income Fund III,Infrastructure,74,No,No,,40
AC002196,2025-08-07,A0099,RM001,Webinar,Direct Lending Income Fund V,Private Credit,77,No,No,,71
AC002197,2025-10-05,A0045,RM016,Due Diligence Meeting,Senior Direct Lending Fund VI,Private Credit,82,Yes,Yes,7.0,71
AC002198,2025-09-10,A0285,RM011,Intro Call,Direct Lending Income Fund V,Private Credit,65,Yes,Yes,6.0,33
AC002199,2025-09-05,A0323,RM016,Follow-up Call,Opportunistic Real Estate Fund VI,Real Estate,67,Yes,Yes,29.0,21
AC002200,2025-08-11,A0150,RM006,Product Education,Growth Equity Partners III,Private Equity,79,Yes,No,3.0,42
AC002201,2026-03-19,A0013,RM011,Intro Call,Real Estate Income Fund II,Real Estate,45,Yes,Yes,22.0,24
AC002202,2025-07-02,A0333,RM006,Follow-up Call,Real Estate Income Fund II,Real Estate,48,Yes,Yes,17.0,15
AC002203,2025-12-28,A0075,RM001,Follow-up Call,Opportunistic Credit Fund II,Private Credit,76,Yes,Yes,5.0,33
AC002204,2025-12-05,A0129,RM011,Product Education,Senior Direct Lending Fund VI,Private Credit,76,No,No,,38
AC002205,2026-04-20,A0254,RM002,Follow-up Call,Core Infrastructure Income Fund III,Infrastructure,49,Yes,Yes,19.0,29
AC002206,2025-10-28,A0035,RM002,Product Education,Senior Direct Lending Fund VI,Private Credit,81,Yes,Yes,23.0,40
AC002207,2025-11-02,A0029,RM002,In-person Meeting,Core Infrastructure Income Fund III,Infrastructure,69,Yes,Yes,15.0,80
AC002208,2026-04-30,A0014,RM013,Portfolio Review,Global Infrastructure Partners IV,Infrastructure,51,No,No,,98
AC002209,2026-01-09,A0367,RM002,In-person Meeting,Senior Direct Lending Fund VI,Private Credit,77,Yes,Yes,20.0,39
AC002210,2025-08-07,A0118,RM013,Follow-up Call,Private Equity Buyout Fund VII,Private Equity,54,No,No,,32
AC002211,2026-03-27,A0268,RM007,Due Diligence Meeting,Opportunistic Real Estate Fund VI,Real Estate,62,Yes,Yes,19.0,100
AC002212,2025-08-04,A0398,RM007,Follow-up Call,Core Infrastructure Income Fund III,Infrastructure,74,Yes,No,28.0,33
AC002213,2026-01-31,A0273,RM012,Product Education,Direct Lending Income Fund V,Private Credit,67,No,No,,36
AC002214,2025-09-10,A0208,RM014,Product Education,Opportunistic Credit Fund II,Private Credit,75,Yes,Yes,13.0,36
AC002215,2026-03-10,A0205,RM014,Portfolio Review,Direct Lending Income Fund V,Private Credit,59,Yes,Yes,10.0,86
AC002216,2026-01-06,A0146,RM016,Intro Call,Real Estate Income Fund II,Real Estate,48,Yes,Yes,20.0,40
AC002217,2025-08-23,A0239,RM003,Product Education,Opportunistic Real Estate Fund VI,Real Estate,53,No,No,,42
AC002218,2025-05-10,A0385,RM001,Product Education,Opportunistic Real Estate Fund VI,Real Estate,59,Yes,Yes,19.0,37
AC002219,2025-10-28,A0323,RM016,Portfolio Review,Global Infrastructure Partners IV,Infrastructure,82,Yes,Yes,18.0,103
AC002220,2025-05-27,A0171,RM016,In-person Meeting,Private Equity Buyout Fund VII,Private Equity,57,Yes,Yes,15.0,51
AC002221,2026-02-19,A0127,RM014,Follow-up Call,Senior Direct Lending Fund VI,Private Credit,69,No,No,,38
AC002222,2025-06-16,A0350,RM007,Intro Call,Real Estate Income Fund II,Real Estate,54,No,No,,40
AC002223,2025-11-14,A0048,RM007,Follow-up Call,Opportunistic Real Estate Fund VI,Real Estate,76,Yes,Yes,15.0,16
AC002224,2025-11-27,A0342,RM003,Webinar,Private Equity Buyout Fund VII,Private Equity,57,Yes,Yes,19.0,44
AC002225,2026-03-31,A0096,RM010,In-person Meeting,Opportunistic Credit Fund II,Private Credit,100,No,No,,66
AC002226,2025-08-25,A0291,RM003,Intro Call,Opportunistic Real Estate Fund VI,Real Estate,50,No,No,,14
AC002227,2025-07-25,A0326,RM014,Intro Call,Core Infrastructure Income Fund III,Infrastructure,42,Yes,Yes,4.0,61
AC002228,2025-12-20,A0190,RM009,Portfolio Review,Direct Lending Income Fund V,Private Credit,89,No,No,,69
AC002229,2025-07-15,A0071,RM003,Due Diligence Meeting,Opportunistic Credit Fund II,Private Credit,64,Yes,Yes,15.0,72
AC002230,2026-01-23,A0341,RM002,Intro Call,Global Infrastructure Partners IV,Infrastructure,54,No,No,,45
AC002231,2025-12-15,A0143,RM009,Follow-up Call,Opportunistic Credit Fund II,Private Credit,70,Yes,No,20.0,31
AC002232,2026-01-09,A0121,RM010,Intro Call,Value-Add Real Estate Fund IV,Real Estate,52,No,No,,35
AC002233,2025-07-29,A0202,RM002,In-person Meeting,Real Estate Income Fund II,Real Estate,85,Yes,Yes,10.0,63
AC002234,2025-08-31,A0174,RM016,Intro Call,Private Equity Buyout Fund VII,Private Equity,40,No,No,,44
AC002235,2025-09-26,A0276,RM005,Product Education,Senior Direct Lending Fund VI,Private Credit,61,No,No,,15
AC002236,2025-12-11,A0049,RM011,Portfolio Review,Core Infrastructure Income Fund III,Infrastructure,69,No,No,,81
AC002237,2025-06-26,A0174,RM016,Product Education,Real Estate Income Fund II,Real Estate,55,No,No,,31
AC002238,2026-01-27,A0355,RM010,In-person Meeting,Opportunistic Credit Fund II,Private Credit,61,Yes,Yes,5.0,100
AC002239,2025-05-22,A0017,RM002,Webinar,Senior Direct Lending Fund VI,Private Credit,46,No,No,,75
AC002240,2025-05-08,A0183,RM014,Portfolio Review,Opportunistic Real Estate Fund VI,Real Estate,49,No,No,,69
AC002241,2025-07-03,A0268,RM007,Intro Call,Opportunistic Credit Fund II,Private Credit,49,Yes,Yes,3.0,25
AC002242,2026-01-16,A0352,RM002,Intro Call,Private Equity Buyout Fund VII,Private Equity,73,No,No,,29
AC002243,2026-01-12,A0238,RM015,Product Education,Core Infrastructure Income Fund III,Infrastructure,57,No,No,,32
AC002244,2025-08-25,A0334,RM007,Intro Call,Growth Equity Partners III,Private Equity,38,Yes,Yes,26.0,37
AC002245,2026-02-21,A0083,RM012,Intro Call,Direct Lending Income Fund V,Private Credit,40,No,No,,47
AC002246,2026-01-09,A0137,RM008,Due Diligence Meeting,Value-Add Real Estate Fund IV,Real Estate,60,No,No,,72
AC002247,2025-10-02,A0377,RM013,Webinar,Global Infrastructure Partners IV,Infrastructure,44,No,No,,60
AC002248,2026-02-15,A0351,RM007,Due Diligence Meeting,Real Estate Income Fund II,Real Estate,77,No,No,,68
AC002249,2025-07-02,A0225,RM016,Follow-up Call,Value-Add Real Estate Fund IV,Real Estate,38,Yes,Yes,24.0,26
AC002250,2025-05-22,A0190,RM009,Intro Call,Direct Lending Income Fund V,Private Credit,63,Yes,No,18.0,48
AC002251,2025-11-25,A0182,RM013,Product Education,Direct Lending Income Fund V,Private Credit,39,No,No,,25
AC002252,2026-03-10,A0026,RM011,In-person Meeting,Opportunistic Credit Fund II,Private Credit,71,No,No,,95
AC002253,2026-04-20,A0355,RM010,Intro Call,Global Infrastructure Partners IV,Infrastructure,44,No,No,,27
AC002254,2026-03-31,A0333,RM006,Product Education,Senior Direct Lending Fund VI,Private Credit,57,No,No,,29
AC002255,2025-06-23,A0183,RM014,Intro Call,Opportunistic Credit Fund II,Private Credit,40,Yes,Yes,8.0,40
AC002256,2025-10-20,A0106,RM001,Follow-up Call,Opportunistic Credit Fund II,Private Credit,68,Yes,Yes,11.0,28
AC002257,2025-07-17,A0131,RM006,In-person Meeting,Private Equity Buyout Fund VII,Private Equity,45,No,No,,114
AC002258,2025-11-13,A0045,RM016,Product Education,Global Infrastructure Partners IV,Infrastructure,69,Yes,Yes,20.0,40
AC002259,2025-09-20,A0294,RM012,Webinar,Senior Direct Lending Fund VI,Private Credit,56,Yes,Yes,5.0,59
AC002260,2025-06-23,A0225,RM016,Product Education,Real Estate Income Fund II,Real Estate,58,No,No,,29
AC002261,2025-10-12,A0089,RM012,Product Education,Global Infrastructure Partners IV,Infrastructure,77,No,No,,35
AC002262,2025-08-11,A0251,RM007,Product Education,Real Estate Income Fund II,Real Estate,40,No,No,,40
AC002263,2025-05-12,A0396,RM016,Follow-up Call,Opportunistic Real Estate Fund VI,Real Estate,55,No,No,,34
AC002264,2026-01-29,A0045,RM016,Follow-up Call,Global Infrastructure Partners IV,Infrastructure,62,No,No,,52
AC002265,2026-03-11,A0183,RM014,Intro Call,Growth Equity Partners III,Private Equity,42,Yes,Yes,11.0,47
AC002266,2026-01-28,A0197,RM010,Portfolio Review,Core Infrastructure Income Fund III,Infrastructure,95,Yes,Yes,19.0,70
AC002267,2025-10-07,A0061,RM006,Follow-up Call,Global Infrastructure Partners IV,Infrastructure,40,No,No,,34
AC002268,2026-04-18,A0211,RM006,Due Diligence Meeting,Core Infrastructure Income Fund III,Infrastructure,97,Yes,Yes,13.0,62
AC002269,2025-10-13,A0244,RM007,Follow-up Call,Senior Direct Lending Fund VI,Private Credit,41,No,No,,43
AC002270,2025-06-23,A0057,RM015,In-person Meeting,Opportunistic Real Estate Fund VI,Real Estate,47,Yes,No,14.0,79
AC002271,2025-07-23,A0054,RM003,Intro Call,Growth Equity Partners III,Private Equity,52,No,No,,43
AC002272,2025-07-20,A0343,RM004,Product Education,Direct Lending Income Fund V,Private Credit,62,Yes,Yes,27.0,47
AC002273,2025-06-28,A0118,RM013,Follow-up Call,Global Infrastructure Partners IV,Infrastructure,46,Yes,Yes,5.0,36
AC002274,2026-01-29,A0255,RM014,Intro Call,Opportunistic Credit Fund II,Private Credit,72,Yes,No,3.0,33
AC002275,2025-08-20,A0252,RM008,In-person Meeting,Growth Equity Partners III,Private Equity,58,No,No,,113
AC002276,2025-08-09,A0340,RM016,Intro Call,Real Estate Income Fund II,Real Estate,49,Yes,No,6.0,41
AC002277,2025-12-28,A0300,RM008,Portfolio Review,Core Infrastructure Income Fund III,Infrastructure,71,No,No,,65
AC002278,2025-09-06,A0340,RM016,Intro Call,Opportunistic Real Estate Fund VI,Real Estate,43,No,No,,33
AC002279,2025-11-05,A0252,RM008,Due Diligence Meeting,Core Infrastructure Income Fund III,Infrastructure,90,Yes,Yes,14.0,86
AC002280,2026-03-16,A0181,RM003,Portfolio Review,Opportunistic Real Estate Fund VI,Real Estate,55,Yes,Yes,5.0,67
AC002281,2025-09-03,A0154,RM002,In-person Meeting,Value-Add Real Estate Fund IV,Real Estate,64,No,No,,57
AC002282,2026-02-07,A0147,RM016,Follow-up Call,Private Equity Buyout Fund VII,Private Equity,49,Yes,Yes,7.0,30
AC002283,2025-08-05,A0167,RM008,Follow-up Call,Growth Equity Partners III,Private Equity,56,Yes,Yes,14.0,23
AC002284,2026-03-25,A0046,RM009,Product Education,Opportunistic Real Estate Fund VI,Real Estate,79,Yes,Yes,9.0,32
AC002285,2026-02-06,A0171,RM016,Intro Call,Direct Lending Income Fund V,Private Credit,55,Yes,Yes,29.0,23
AC002286,2025-09-21,A0151,RM003,Follow-up Call,Global Infrastructure Partners IV,Infrastructure,76,No,No,,37
AC002287,2026-01-16,A0017,RM002,Intro Call,Core Infrastructure Income Fund III,Infrastructure,30,Yes,Yes,12.0,36
AC002288,2025-11-06,A0104,RM011,Intro Call,Growth Equity Partners III,Private Equity,62,Yes,Yes,26.0,35
AC002289,2025-07-27,A0305,RM007,Intro Call,Value-Add Real Estate Fund IV,Real Estate,52,Yes,No,25.0,32
AC002290,2026-04-11,A0232,RM012,Due Diligence Meeting,Direct Lending Income Fund V,Private Credit,52,Yes,Yes,18.0,55
AC002291,2025-11-30,A0326,RM014,Due Diligence Meeting,Growth Equity Partners III,Private Equity,63,Yes,Yes,2.0,58
AC002292,2025-11-12,A0217,RM006,In-person Meeting,Opportunistic Credit Fund II,Private Credit,65,Yes,Yes,17.0,90
AC002293,2025-07-24,A0342,RM003,Due Diligence Meeting,Opportunistic Real Estate Fund VI,Real Estate,64,No,No,,78
AC002294,2025-08-09,A0324,RM008,Follow-up Call,Opportunistic Real Estate Fund VI,Real Estate,60,No,No,,46
AC002295,2026-02-10,A0035,RM002,In-person Meeting,Senior Direct Lending Fund VI,Private Credit,71,No,No,,66
AC002296,2025-08-02,A0395,RM002,Portfolio Review,Value-Add Real Estate Fund IV,Real Estate,66,No,No,,62
AC002297,2025-06-18,A0008,RM010,Follow-up Call,Real Estate Income Fund II,Real Estate,66,Yes,Yes,2.0,26
AC002298,2025-05-12,A0239,RM003,Follow-up Call,Direct Lending Income Fund V,Private Credit,50,Yes,Yes,20.0,22
AC002299,2025-10-23,A0323,RM016,Follow-up Call,Growth Equity Partners III,Private Equity,73,No,No,,32
AC002300,2025-09-17,A0127,RM014,In-person Meeting,Opportunistic Real Estate Fund VI,Real Estate,81,Yes,Yes,3.0,73
AC002301,2025-11-14,A0239,RM003,In-person Meeting,Private Equity Buyout Fund VII,Private Equity,58,No,No,,55
AC002302,2025-10-31,A0142,RM013,Follow-up Call,Growth Equity Partners III,Private Equity,66,No,No,,29
AC002303,2025-08-03,A0026,RM011,Webinar,Core Infrastructure Income Fund III,Infrastructure,47,Yes,Yes,23.0,49
AC002304,2025-12-11,A0006,RM012,Intro Call,Opportunistic Credit Fund II,Private Credit,66,No,No,,40
AC002305,2025-08-15,A0034,RM014,In-person Meeting,Value-Add Real Estate Fund IV,Real Estate,63,No,No,,78
AC002306,2025-05-09,A0035,RM002,Intro Call,Global Infrastructure Partners IV,Infrastructure,40,No,No,,35
AC002307,2025-06-23,A0247,RM013,In-person Meeting,Real Estate Income Fund II,Real Estate,54,No,No,,59
AC002308,2025-08-24,A0208,RM014,Follow-up Call,Real Estate Income Fund II,Real Estate,56,Yes,Yes,2.0,33
AC002309,2026-04-09,A0183,RM014,Due Diligence Meeting,Opportunistic Credit Fund II,Private Credit,68,No,No,,54
AC002310,2025-09-05,A0280,RM004,Follow-up Call,Core Infrastructure Income Fund III,Infrastructure,66,Yes,No,11.0,35
AC002311,2026-02-02,A0009,RM010,Product Education,Value-Add Real Estate Fund IV,Real Estate,69,No,No,,44
AC002312,2025-10-24,A0102,RM002,Portfolio Review,Global Infrastructure Partners IV,Infrastructure,63,Yes,No,2.0,93
AC002313,2025-06-13,A0317,RM011,Follow-up Call,Senior Direct Lending Fund VI,Private Credit,58,No,No,,22
AC002314,2025-08-29,A0363,RM012,Webinar,Direct Lending Income Fund V,Private Credit,73,No,No,,54
AC002315,2026-02-27,A0174,RM016,Webinar,Senior Direct Lending Fund VI,Private Credit,48,No,No,,60
AC002316,2025-08-03,A0031,RM010,In-person Meeting,Opportunistic Credit Fund II,Private Credit,75,No,No,,76
AC002317,2026-02-14,A0325,RM006,Follow-up Call,Private Equity Buyout Fund VII,Private Equity,78,Yes,No,9.0,16
AC002318,2026-01-08,A0351,RM007,Product Education,Core Infrastructure Income Fund III,Infrastructure,40,Yes,Yes,2.0,29
AC002319,2025-08-11,A0165,RM011,Product Education,Global Infrastructure Partners IV,Infrastructure,72,No,No,,40
AC002320,2025-10-31,A0093,RM012,Intro Call,Growth Equity Partners III,Private Equity,67,Yes,Yes,25.0,24
AC002321,2025-12-17,A0020,RM014,Intro Call,Global Infrastructure Partners IV,Infrastructure,60,No,No,,36
AC002322,2026-02-27,A0237,RM008,Intro Call,Real Estate Income Fund II,Real Estate,46,No,No,,39
AC002323,2025-05-23,A0363,RM012,Due Diligence Meeting,Opportunistic Credit Fund II,Private Credit,84,Yes,Yes,10.0,59
AC002324,2025-07-19,A0276,RM005,Intro Call,Real Estate Income Fund II,Real Estate,57,No,No,,30
AC002325,2025-08-08,A0120,RM009,Due Diligence Meeting,Core Infrastructure Income Fund III,Infrastructure,83,No,No,,72
AC002326,2025-06-01,A0259,RM007,Portfolio Review,Value-Add Real Estate Fund IV,Real Estate,87,Yes,No,23.0,73
AC002327,2026-03-04,A0337,RM002,Webinar,Private Equity Buyout Fund VII,Private Equity,65,Yes,Yes,25.0,45
AC002328,2026-02-03,A0190,RM009,Follow-up Call,Core Infrastructure Income Fund III,Infrastructure,92,No,No,,38
AC002329,2026-03-17,A0333,RM006,Due Diligence Meeting,Private Equity Buyout Fund VII,Private Equity,63,Yes,No,27.0,85
AC002330,2026-03-22,A0152,RM015,In-person Meeting,Core Infrastructure Income Fund III,Infrastructure,74,Yes,No,2.0,88
AC002331,2025-07-09,A0134,RM006,Follow-up Call,Senior Direct Lending Fund VI,Private Credit,42,Yes,Yes,12.0,28
AC002332,2025-05-26,A0233,RM004,Webinar,Value-Add Real Estate Fund IV,Real Estate,56,Yes,Yes,26.0,39
AC002333,2026-03-25,A0186,RM006,Webinar,Opportunistic Credit Fund II,Private Credit,65,No,No,,44
AC002334,2025-08-02,A0395,RM002,Webinar,Senior Direct Lending Fund VI,Private Credit,39,No,No,,43
AC002335,2025-09-30,A0204,RM004,Follow-up Call,Value-Add Real Estate Fund IV,Real Estate,46,No,No,,42
AC002336,2025-08-21,A0150,RM006,Due Diligence Meeting,Value-Add Real Estate Fund IV,Real Estate,95,Yes,Yes,29.0,83
AC002337,2025-08-27,A0154,RM002,Intro Call,Real Estate Income Fund II,Real Estate,50,No,No,,35
AC002338,2026-04-22,A0220,RM015,Intro Call,Direct Lending Income Fund V,Private Credit,60,Yes,Yes,16.0,33
AC002339,2026-01-16,A0138,RM016,Webinar,Real Estate Income Fund II,Real Estate,66,Yes,No,2.0,48
AC002340,2025-11-24,A0294,RM012,Follow-up Call,Core Infrastructure Income Fund III,Infrastructure,49,Yes,Yes,18.0,28
AC002341,2025-10-02,A0148,RM011,Follow-up Call,Direct Lending Income Fund V,Private Credit,61,Yes,Yes,12.0,36
AC002342,2025-07-15,A0150,RM006,In-person Meeting,Value-Add Real Estate Fund IV,Real Estate,100,No,No,,32
AC002343,2025-08-25,A0249,RM001,Follow-up Call,Private Equity Buyout Fund VII,Private Equity,62,No,No,,30
AC002344,2025-06-27,A0026,RM011,Follow-up Call,Core Infrastructure Income Fund III,Infrastructure,56,No,No,,45
AC002345,2026-01-19,A0265,RM001,Follow-up Call,Real Estate Income Fund II,Real Estate,43,Yes,Yes,27.0,19
AC002346,2026-01-25,A0200,RM007,In-person Meeting,Global Infrastructure Partners IV,Infrastructure,71,Yes,Yes,26.0,68
AC002347,2025-08-15,A0183,RM014,Portfolio Review,Direct Lending Income Fund V,Private Credit,63,No,No,,79
AC002348,2025-06-14,A0293,RM001,Follow-up Call,Value-Add Real Estate Fund IV,Real Estate,74,Yes,No,4.0,41
AC002349,2025-11-26,A0307,RM014,In-person Meeting,Growth Equity Partners III,Private Equity,81,No,No,,62
AC002350,2025-05-17,A0341,RM002,Webinar,Private Equity Buyout Fund VII,Private Equity,62,Yes,Yes,15.0,49
AC002351,2025-10-31,A0146,RM016,In-person Meeting,Growth Equity Partners III,Private Equity,86,Yes,Yes,14.0,59
AC002352,2026-02-26,A0124,RM007,Follow-up Call,Growth Equity Partners III,Private Equity,80,Yes,Yes,21.0,39
AC002353,2025-09-02,A0289,RM008,Follow-up Call,Growth Equity Partners III,Private Equity,72,Yes,Yes,10.0,43
AC002354,2026-03-17,A0233,RM004,Product Education,Value-Add Real Estate Fund IV,Real Estate,61,Yes,No,27.0,26
AC002355,2025-09-08,A0256,RM015,Intro Call,Global Infrastructure Partners IV,Infrastructure,48,No,No,,28
AC002356,2025-06-22,A0223,RM008,Follow-up Call,Growth Equity Partners III,Private Equity,55,No,No,,48
AC002357,2025-08-25,A0315,RM016,Follow-up Call,Value-Add Real Estate Fund IV,Real Estate,44,Yes,Yes,28.0,31
AC002358,2025-06-09,A0071,RM003,In-person Meeting,Value-Add Real Estate Fund IV,Real Estate,56,Yes,No,19.0,82
AC002359,2026-01-08,A0223,RM008,Webinar,Real Estate Income Fund II,Real Estate,68,Yes,No,26.0,49
AC002360,2026-03-28,A0057,RM015,Follow-up Call,Global Infrastructure Partners IV,Infrastructure,63,No,No,,33
AC002361,2025-10-08,A0160,RM002,Due Diligence Meeting,Real Estate Income Fund II,Real Estate,79,Yes,Yes,6.0,39
AC002362,2025-07-18,A0271,RM014,Follow-up Call,Private Equity Buyout Fund VII,Private Equity,39,Yes,No,8.0,36
AC002363,2025-07-11,A0197,RM010,Portfolio Review,Senior Direct Lending Fund VI,Private Credit,63,Yes,No,20.0,84
AC002364,2025-11-19,A0147,RM016,Due Diligence Meeting,Value-Add Real Estate Fund IV,Real Estate,88,Yes,Yes,28.0,51
AC002365,2025-10-19,A0351,RM007,Follow-up Call,Growth Equity Partners III,Private Equity,56,Yes,Yes,6.0,28
AC002366,2025-07-31,A0315,RM016,In-person Meeting,Senior Direct Lending Fund VI,Private Credit,59,Yes,Yes,16.0,97
AC002367,2025-08-15,A0208,RM014,Webinar,Growth Equity Partners III,Private Equity,63,Yes,Yes,28.0,58
AC002368,2025-12-08,A0382,RM010,Follow-up Call,Opportunistic Credit Fund II,Private Credit,76,Yes,No,28.0,39
AC002369,2025-10-18,A0171,RM016,In-person Meeting,Opportunistic Real Estate Fund VI,Real Estate,66,No,No,,36
AC002370,2025-10-22,A0323,RM016,Follow-up Call,Senior Direct Lending Fund VI,Private Credit,61,No,No,,43
AC002371,2025-11-01,A0061,RM006,Intro Call,Core Infrastructure Income Fund III,Infrastructure,53,Yes,No,11.0,22
AC002372,2025-10-27,A0108,RM008,Follow-up Call,Senior Direct Lending Fund VI,Private Credit,53,Yes,Yes,16.0,41
AC002373,2026-02-21,A0129,RM011,Follow-up Call,Direct Lending Income Fund V,Private Credit,79,No,No,,43
AC002374,2025-05-12,A0036,RM008,In-person Meeting,Core Infrastructure Income Fund III,Infrastructure,67,Yes,Yes,2.0,68
AC002375,2025-08-02,A0200,RM007,Intro Call,Opportunistic Credit Fund II,Private Credit,64,Yes,Yes,8.0,48
AC002376,2025-08-16,A0071,RM003,Intro Call,Opportunistic Credit Fund II,Private Credit,56,Yes,Yes,15.0,24
AC002377,2025-11-21,A0256,RM015,Due Diligence Meeting,Private Equity Buyout Fund VII,Private Equity,68,Yes,No,10.0,83
AC002378,2025-12-09,A0071,RM003,Intro Call,Global Infrastructure Partners IV,Infrastructure,44,No,No,,39
AC002379,2025-10-10,A0045,RM016,Follow-up Call,Value-Add Real Estate Fund IV,Real Estate,63,Yes,Yes,13.0,53
AC002380,2025-08-31,A0390,RM001,Follow-up Call,Global Infrastructure Partners IV,Infrastructure,73,No,No,,18
AC002381,2025-10-02,A0266,RM010,Follow-up Call,Global Infrastructure Partners IV,Infrastructure,75,No,No,,54
AC002382,2026-02-26,A0374,RM009,Due Diligence Meeting,Value-Add Real Estate Fund IV,Real Estate,75,Yes,Yes,12.0,66
AC002383,2025-11-10,A0196,RM009,Follow-up Call,Private Equity Buyout Fund VII,Private Equity,77,Yes,Yes,14.0,40
AC002384,2025-09-10,A0017,RM002,Product Education,Real Estate Income Fund II,Real Estate,55,Yes,Yes,14.0,40
AC002385,2026-02-21,A0231,RM003,Follow-up Call,Growth Equity Partners III,Private Equity,54,Yes,Yes,16.0,31
AC002386,2026-02-02,A0225,RM016,Intro Call,Private Equity Buyout Fund VII,Private Equity,39,No,No,,24
AC002387,2025-09-17,A0008,RM010,Follow-up Call,Growth Equity Partners III,Private Equity,57,Yes,Yes,10.0,36
AC002388,2026-04-08,A0343,RM004,Intro Call,Direct Lending Income Fund V,Private Credit,65,Yes,Yes,22.0,35
AC002389,2026-04-01,A0249,RM001,Webinar,Growth Equity Partners III,Private Equity,63,Yes,No,28.0,70
AC002390,2025-09-09,A0303,RM014,Webinar,Global Infrastructure Partners IV,Infrastructure,73,No,No,,59
AC002391,2025-07-20,A0197,RM010,Due Diligence Meeting,Growth Equity Partners III,Private Equity,87,Yes,Yes,4.0,66
AC002392,2026-03-16,A0249,RM001,Webinar,Core Infrastructure Income Fund III,Infrastructure,68,Yes,Yes,8.0,64
AC002393,2025-09-04,A0097,RM009,Due Diligence Meeting,Core Infrastructure Income Fund III,Infrastructure,80,No,No,,93
AC002394,2025-07-05,A0391,RM012,Product Education,Opportunistic Credit Fund II,Private Credit,53,No,No,,33
AC002395,2026-02-25,A0157,RM016,In-person Meeting,Core Infrastructure Income Fund III,Infrastructure,82,Yes,Yes,28.0,84
AC002396,2025-07-15,A0059,RM002,Follow-up Call,Growth Equity Partners III,Private Equity,46,Yes,No,13.0,26
AC002397,2025-06-17,A0024,RM008,Product Education,Direct Lending Income Fund V,Private Credit,57,No,No,,23
AC002398,2025-10-02,A0257,RM004,Product Education,Senior Direct Lending Fund VI,Private Credit,73,No,No,,27
AC002399,2025-05-29,A0397,RM013,In-person Meeting,Direct Lending Income Fund V,Private Credit,59,No,No,,86
AC002400,2026-04-22,A0357,RM010,Follow-up Call,Value-Add Real Estate Fund IV,Real Estate,76,No,No,,41
AC002401,2025-05-09,A0285,RM011,In-person Meeting,Senior Direct Lending Fund VI,Private Credit,86,Yes,Yes,21.0,67
AC002402,2025-08-17,A0398,RM007,Follow-up Call,Direct Lending Income Fund V,Private Credit,73,No,No,,41
AC002403,2025-07-25,A0294,RM012,Webinar,Core Infrastructure Income Fund III,Infrastructure,57,Yes,Yes,15.0,62
AC002404,2025-06-18,A0129,RM011,Follow-up Call,Real Estate Income Fund II,Real Estate,67,Yes,Yes,6.0,25
AC002405,2026-03-03,A0240,RM005,Product Education,Value-Add Real Estate Fund IV,Real Estate,58,Yes,Yes,2.0,37
AC002406,2025-10-21,A0031,RM010,Follow-up Call,Senior Direct Lending Fund VI,Private Credit,73,No,No,,54
AC002407,2025-10-31,A0082,RM003,Due Diligence Meeting,Value-Add Real Estate Fund IV,Real Estate,76,Yes,Yes,29.0,70
AC002408,2025-06-25,A0166,RM013,Due Diligence Meeting,Opportunistic Credit Fund II,Private Credit,83,Yes,Yes,27.0,99
AC002409,2026-03-08,A0073,RM002,Intro Call,Senior Direct Lending Fund VI,Private Credit,38,No,No,,29
AC002410,2025-06-23,A0382,RM010,In-person Meeting,Senior Direct Lending Fund VI,Private Credit,100,No,No,,45
AC002411,2025-09-30,A0399,RM006,Follow-up Call,Global Infrastructure Partners IV,Infrastructure,45,Yes,No,24.0,43
AC002412,2026-02-27,A0144,RM007,Follow-up Call,Value-Add Real Estate Fund IV,Real Estate,64,Yes,Yes,8.0,35
AC002413,2025-12-07,A0288,RM015,Intro Call,Direct Lending Income Fund V,Private Credit,36,No,No,,45
AC002414,2025-09-17,A0160,RM002,Webinar,Core Infrastructure Income Fund III,Infrastructure,72,Yes,Yes,2.0,77
AC002415,2025-11-09,A0049,RM011,Product Education,Private Equity Buyout Fund VII,Private Equity,50,Yes,Yes,23.0,48
AC002416,2025-08-22,A0128,RM002,In-person Meeting,Core Infrastructure Income Fund III,Infrastructure,61,No,No,,86
AC002417,2025-06-01,A0089,RM012,In-person Meeting,Opportunistic Real Estate Fund VI,Real Estate,67,Yes,No,2.0,69
AC002418,2025-06-24,A0125,RM013,Portfolio Review,Opportunistic Real Estate Fund VI,Real Estate,59,No,No,,73
AC002419,2025-10-11,A0078,RM016,In-person Meeting,Opportunistic Real Estate Fund VI,Real Estate,98,No,No,,61
AC002420,2025-09-15,A0040,RM001,Webinar,Core Infrastructure Income Fund III,Infrastructure,73,Yes,Yes,19.0,38
AC002421,2025-05-19,A0079,RM015,Intro Call,Private Equity Buyout Fund VII,Private Equity,42,Yes,No,24.0,20
AC002422,2025-06-21,A0362,RM014,Product Education,Opportunistic Credit Fund II,Private Credit,75,No,No,,43
AC002423,2025-12-31,A0031,RM010,In-person Meeting,Opportunistic Credit Fund II,Private Credit,78,Yes,Yes,11.0,98
AC002424,2025-10-29,A0123,RM004,Intro Call,Growth Equity Partners III,Private Equity,51,Yes,Yes,17.0,39
AC002425,2025-10-28,A0210,RM012,Product Education,Value-Add Real Estate Fund IV,Real Estate,71,Yes,Yes,10.0,23
AC002426,2025-10-27,A0138,RM016,Follow-up Call,Private Equity Buyout Fund VII,Private Equity,82,No,No,,35
AC002427,2026-03-12,A0204,RM004,Product Education,Value-Add Real Estate Fund IV,Real Estate,46,Yes,No,22.0,50
AC002428,2025-07-23,A0020,RM014,Portfolio Review,Opportunistic Real Estate Fund VI,Real Estate,50,No,No,,76
AC002429,2025-12-11,A0261,RM005,Product Education,Core Infrastructure Income Fund III,Infrastructure,61,No,No,,34
AC002430,2025-05-22,A0226,RM006,Webinar,Value-Add Real Estate Fund IV,Real Estate,69,No,No,,27
AC002431,2026-01-07,A0276,RM005,In-person Meeting,Senior Direct Lending Fund VI,Private Credit,91,Yes,Yes,21.0,74
AC002432,2026-04-08,A0228,RM009,Follow-up Call,Opportunistic Credit Fund II,Private Credit,65,Yes,Yes,25.0,28
AC002433,2025-11-28,A0174,RM016,Intro Call,Value-Add Real Estate Fund IV,Real Estate,50,Yes,Yes,28.0,23
AC002434,2025-12-20,A0136,RM010,Follow-up Call,Senior Direct Lending Fund VI,Private Credit,52,Yes,Yes,13.0,31
AC002435,2025-07-10,A0086,RM003,Due Diligence Meeting,Real Estate Income Fund II,Real Estate,79,Yes,Yes,29.0,80
AC002436,2025-05-20,A0199,RM014,Follow-up Call,Core Infrastructure Income Fund III,Infrastructure,54,No,No,,22
AC002437,2025-09-10,A0014,RM013,Follow-up Call,Opportunistic Credit Fund II,Private Credit,52,No,No,,22
AC002438,2026-03-11,A0125,RM013,In-person Meeting,Global Infrastructure Partners IV,Infrastructure,77,Yes,Yes,21.0,95
AC002439,2025-12-28,A0276,RM005,Due Diligence Meeting,Senior Direct Lending Fund VI,Private Credit,95,Yes,Yes,16.0,74
AC002440,2025-07-05,A0037,RM013,Portfolio Review,Opportunistic Real Estate Fund VI,Real Estate,76,No,No,,78
AC002441,2025-10-31,A0026,RM011,Intro Call,Senior Direct Lending Fund VI,Private Credit,45,Yes,No,24.0,59
AC002442,2025-10-15,A0263,RM014,In-person Meeting,Direct Lending Income Fund V,Private Credit,57,No,No,,76
AC002443,2025-11-06,A0156,RM004,Due Diligence Meeting,Core Infrastructure Income Fund III,Infrastructure,55,No,No,,65
AC002444,2025-07-08,A0326,RM014,Follow-up Call,Senior Direct Lending Fund VI,Private Credit,65,No,No,,29
AC002445,2026-01-22,A0374,RM009,Intro Call,Private Equity Buyout Fund VII,Private Equity,45,Yes,No,3.0,50
AC002446,2026-02-08,A0384,RM006,Due Diligence Meeting,Senior Direct Lending Fund VI,Private Credit,71,No,No,,88
AC002447,2026-02-20,A0171,RM016,In-person Meeting,Value-Add Real Estate Fund IV,Real Estate,77,Yes,Yes,7.0,66
AC002448,2025-09-07,A0099,RM001,Follow-up Call,Opportunistic Real Estate Fund VI,Real Estate,66,No,No,,12
AC002449,2026-03-09,A0245,RM010,Follow-up Call,Global Infrastructure Partners IV,Infrastructure,70,Yes,No,13.0,50
AC002450,2026-04-24,A0254,RM002,In-person Meeting,Core Infrastructure Income Fund III,Infrastructure,51,No,No,,82
AC002451,2026-02-13,A0250,RM010,Intro Call,Real Estate Income Fund II,Real Estate,57,Yes,No,5.0,40
AC002452,2026-02-03,A0121,RM010,Product Education,Global Infrastructure Partners IV,Infrastructure,59,Yes,No,10.0,35
AC002453,2026-03-27,A0026,RM011,Webinar,Private Equity Buyout Fund VII,Private Equity,34,Yes,No,29.0,50
AC002454,2025-10-06,A0077,RM005,Follow-up Call,Opportunistic Real Estate Fund VI,Real Estate,52,Yes,No,12.0,17
AC002455,2026-02-24,A0054,RM003,In-person Meeting,Private Equity Buyout Fund VII,Private Equity,80,No,No,,106
AC002456,2025-07-02,A0045,RM016,In-person Meeting,Value-Add Real Estate Fund IV,Real Estate,66,No,No,,99
AC002457,2026-01-16,A0371,RM009,Portfolio Review,Opportunistic Credit Fund II,Private Credit,60,Yes,Yes,9.0,68
AC002458,2025-06-06,A0008,RM010,Intro Call,Global Infrastructure Partners IV,Infrastructure,46,Yes,Yes,29.0,39
AC002459,2025-05-14,A0240,RM005,Follow-up Call,Value-Add Real Estate Fund IV,Real Estate,75,No,No,,40
AC002460,2026-01-24,A0381,RM004,Product Education,Core Infrastructure Income Fund III,Infrastructure,41,No,No,,51
AC002461,2025-06-07,A0141,RM003,Intro Call,Opportunistic Real Estate Fund VI,Real Estate,61,No,No,,42
AC002462,2025-06-21,A0209,RM010,Intro Call,Real Estate Income Fund II,Real Estate,59,Yes,Yes,19.0,30
AC002463,2025-07-11,A0281,RM009,In-person Meeting,Opportunistic Real Estate Fund VI,Real Estate,76,Yes,No,15.0,67
AC002464,2025-12-20,A0120,RM009,Webinar,Core Infrastructure Income Fund III,Infrastructure,49,Yes,Yes,15.0,35
AC002465,2025-11-26,A0191,RM014,Webinar,Value-Add Real Estate Fund IV,Real Estate,41,Yes,No,16.0,52
AC002466,2025-06-27,A0333,RM006,In-person Meeting,Core Infrastructure Income Fund III,Infrastructure,47,No,No,,95
AC002467,2026-01-28,A0303,RM014,Webinar,Value-Add Real Estate Fund IV,Real Estate,64,No,No,,51
AC002468,2026-02-24,A0327,RM004,Follow-up Call,Core Infrastructure Income Fund III,Infrastructure,56,Yes,Yes,17.0,36
AC002469,2025-08-15,A0398,RM007,Follow-up Call,Private Equity Buyout Fund VII,Private Equity,81,No,No,,48
AC002470,2025-05-24,A0144,RM007,Follow-up Call,Direct Lending Income Fund V,Private Credit,58,No,No,,48
AC002471,2025-11-23,A0305,RM007,Webinar,Opportunistic Real Estate Fund VI,Real Estate,48,Yes,No,23.0,62
AC002472,2025-06-26,A0241,RM014,Product Education,Growth Equity Partners III,Private Equity,48,Yes,Yes,11.0,45
AC002473,2025-12-10,A0271,RM014,Follow-up Call,Opportunistic Credit Fund II,Private Credit,52,No,No,,50
AC002474,2025-10-29,A0300,RM008,Portfolio Review,Opportunistic Real Estate Fund VI,Real Estate,78,Yes,Yes,25.0,79
AC002475,2025-09-02,A0305,RM007,In-person Meeting,Opportunistic Real Estate Fund VI,Real Estate,63,No,No,,99
AC002476,2025-09-01,A0351,RM007,Webinar,Growth Equity Partners III,Private Equity,42,No,No,,57
AC002477,2026-02-13,A0136,RM010,Follow-up Call,Private Equity Buyout Fund VII,Private Equity,53,No,No,,37
AC002478,2026-03-01,A0263,RM014,Portfolio Review,Senior Direct Lending Fund VI,Private Credit,57,No,No,,63
AC002479,2025-08-18,A0106,RM001,In-person Meeting,Core Infrastructure Income Fund III,Infrastructure,74,No,No,,94
AC002480,2026-01-13,A0238,RM015,Follow-up Call,Value-Add Real Estate Fund IV,Real Estate,57,No,No,,33
AC002481,2026-01-17,A0305,RM007,Portfolio Review,Opportunistic Real Estate Fund VI,Real Estate,58,Yes,Yes,27.0,50
AC002482,2025-08-11,A0323,RM016,Intro Call,Opportunistic Real Estate Fund VI,Real Estate,70,No,No,,51
AC002483,2025-12-29,A0167,RM008,In-person Meeting,Value-Add Real Estate Fund IV,Real Estate,72,No,No,,44
AC002484,2025-11-07,A0202,RM002,Product Education,Core Infrastructure Income Fund III,Infrastructure,84,Yes,Yes,16.0,41
AC002485,2025-05-01,A0127,RM014,Due Diligence Meeting,Private Equity Buyout Fund VII,Private Equity,92,No,No,,68
AC002486,2025-10-07,A0061,RM006,Intro Call,Senior Direct Lending Fund VI,Private Credit,44,Yes,Yes,18.0,45
AC002487,2026-01-20,A0098,RM009,Follow-up Call,Senior Direct Lending Fund VI,Private Credit,79,Yes,Yes,13.0,46
AC002488,2026-01-15,A0365,RM011,Webinar,Direct Lending Income Fund V,Private Credit,54,No,No,,54
AC002489,2025-10-29,A0117,RM010,Product Education,Growth Equity Partners III,Private Equity,50,Yes,No,7.0,38
AC002490,2025-05-25,A0392,RM009,Product Education,Growth Equity Partners III,Private Equity,72,No,No,,41
AC002491,2025-08-21,A0093,RM012,Webinar,Private Equity Buyout Fund VII,Private Equity,54,No,No,,62
AC002492,2025-10-08,A0294,RM012,Due Diligence Meeting,Senior Direct Lending Fund VI,Private Credit,64,No,No,,81
AC002493,2025-06-20,A0231,RM003,Due Diligence Meeting,Value-Add Real Estate Fund IV,Real Estate,78,Yes,Yes,19.0,105
AC002494,2025-08-05,A0282,RM005,Due Diligence Meeting,Opportunistic Credit Fund II,Private Credit,68,Yes,Yes,9.0,58
AC002495,2026-02-01,A0259,RM007,Follow-up Call,Direct Lending Income Fund V,Private Credit,73,Yes,Yes,16.0,26
AC002496,2025-09-26,A0286,RM008,Follow-up Call,Value-Add Real Estate Fund IV,Real Estate,65,Yes,Yes,21.0,23
AC002497,2025-07-12,A0362,RM014,Intro Call,Private Equity Buyout Fund VII,Private Equity,28,No,No,,42
AC002498,2025-08-23,A0226,RM006,Follow-up Call,Senior Direct Lending Fund VI,Private Credit,47,Yes,Yes,9.0,34
AC002499,2026-04-30,A0027,RM006,Due Diligence Meeting,Private Equity Buyout Fund VII,Private Equity,100,Yes,Yes,12.0,77
AC002500,2025-11-10,A0102,RM002,In-person Meeting,Opportunistic Credit Fund II,Private Credit,59,No,No,,87
AC002501,2025-12-26,A0287,RM006,In-person Meeting,Senior Direct Lending Fund VI,Private Credit,77,No,No,,81
AC002502,2026-04-28,A0197,RM010,Follow-up Call,Private Equity Buyout Fund VII,Private Equity,60,Yes,Yes,4.0,38
AC002503,2025-09-12,A0220,RM015,Product Education,Global Infrastructure Partners IV,Infrastructure,84,Yes,No,27.0,14
AC002504,2025-12-23,A0239,RM003,Webinar,Real Estate Income Fund II,Real Estate,48,Yes,Yes,19.0,41
AC002505,2025-05-30,A0150,RM006,Follow-up Call,Value-Add Real Estate Fund IV,Real Estate,87,Yes,Yes,28.0,30
AC002506,2026-03-22,A0316,RM001,Product Education,Direct Lending Income Fund V,Private Credit,57,Yes,Yes,25.0,48
AC002507,2025-08-22,A0294,RM012,Follow-up Call,Opportunistic Credit Fund II,Private Credit,54,Yes,Yes,13.0,19
AC002508,2025-10-21,A0289,RM008,Follow-up Call,Real Estate Income Fund II,Real Estate,82,No,No,,28
AC002509,2026-03-20,A0290,RM015,Due Diligence Meeting,Direct Lending Income Fund V,Private Credit,71,No,No,,90
AC002510,2025-11-13,A0355,RM010,Webinar,Opportunistic Real Estate Fund VI,Real Estate,35,Yes,Yes,14.0,47
AC002511,2025-11-12,A0239,RM003,In-person Meeting,Private Equity Buyout Fund VII,Private Equity,69,No,No,,93
AC002512,2025-09-06,A0389,RM004,Intro Call,Opportunistic Real Estate Fund VI,Real Estate,37,Yes,No,21.0,34
AC002513,2025-06-23,A0043,RM003,Product Education,Value-Add Real Estate Fund IV,Real Estate,72,Yes,Yes,15.0,35
AC002514,2026-01-10,A0256,RM015,Due Diligence Meeting,Senior Direct Lending Fund VI,Private Credit,67,No,No,,77
AC002515,2026-02-02,A0292,RM016,Due Diligence Meeting,Opportunistic Real Estate Fund VI,Real Estate,87,Yes,Yes,18.0,96
AC002516,2026-01-24,A0190,RM009,Product Education,Growth Equity Partners III,Private Equity,65,No,No,,53
AC002517,2025-10-21,A0108,RM008,In-person Meeting,Value-Add Real Estate Fund IV,Real Estate,56,Yes,No,29.0,85
AC002518,2025-06-26,A0220,RM015,Follow-up Call,Private Equity Buyout Fund VII,Private Equity,79,No,No,,48
AC002519,2025-11-26,A0142,RM013,Follow-up Call,Core Infrastructure Income Fund III,Infrastructure,74,Yes,Yes,14.0,34
AC002520,2025-08-18,A0363,RM012,Portfolio Review,Core Infrastructure Income Fund III,Infrastructure,96,Yes,No,29.0,58
AC002521,2025-05-31,A0139,RM008,Webinar,Senior Direct Lending Fund VI,Private Credit,57,No,No,,54
AC002522,2026-01-21,A0062,RM016,Intro Call,Value-Add Real Estate Fund IV,Real Estate,65,Yes,Yes,17.0,49
AC002523,2025-09-02,A0232,RM012,Follow-up Call,Value-Add Real Estate Fund IV,Real Estate,50,Yes,No,18.0,36
AC002524,2026-02-12,A0155,RM011,Intro Call,Growth Equity Partners III,Private Equity,48,No,No,,31
AC002525,2025-12-03,A0034,RM014,Due Diligence Meeting,Direct Lending Income Fund V,Private Credit,80,Yes,Yes,8.0,91
AC002526,2025-05-19,A0227,RM015,Webinar,Opportunistic Credit Fund II,Private Credit,44,Yes,Yes,13.0,42
AC002527,2026-02-28,A0213,RM016,Product Education,Value-Add Real Estate Fund IV,Real Estate,64,No,No,,10
AC002528,2026-01-03,A0062,RM016,Due Diligence Meeting,Opportunistic Real Estate Fund VI,Real Estate,98,Yes,Yes,3.0,72
AC002529,2026-04-27,A0239,RM003,Intro Call,Private Equity Buyout Fund VII,Private Equity,47,Yes,Yes,13.0,32
AC002530,2026-03-13,A0228,RM009,In-person Meeting,Opportunistic Credit Fund II,Private Credit,83,Yes,Yes,8.0,58
AC002531,2025-09-19,A0316,RM001,Due Diligence Meeting,Opportunistic Real Estate Fund VI,Real Estate,55,Yes,No,20.0,80
AC002532,2025-09-10,A0142,RM013,Follow-up Call,Senior Direct Lending Fund VI,Private Credit,69,Yes,Yes,22.0,15
AC002533,2025-11-20,A0095,RM003,Webinar,Direct Lending Income Fund V,Private Credit,86,Yes,Yes,22.0,55
AC002534,2026-01-27,A0382,RM010,Follow-up Call,Growth Equity Partners III,Private Equity,66,No,No,,47
AC002535,2025-12-30,A0225,RM016,Follow-up Call,Opportunistic Credit Fund II,Private Credit,59,No,No,,22
AC002536,2026-03-22,A0015,RM005,Due Diligence Meeting,Growth Equity Partners III,Private Equity,100,Yes,Yes,15.0,81
AC002537,2025-06-24,A0333,RM006,In-person Meeting,Global Infrastructure Partners IV,Infrastructure,66,Yes,Yes,16.0,50
AC002538,2025-09-10,A0071,RM003,Follow-up Call,Opportunistic Credit Fund II,Private Credit,53,No,No,,22
AC002539,2025-09-13,A0322,RM006,In-person Meeting,Senior Direct Lending Fund VI,Private Credit,80,Yes,Yes,9.0,94
AC002540,2025-05-30,A0286,RM008,Follow-up Call,Value-Add Real Estate Fund IV,Real Estate,61,Yes,No,18.0,51
AC002541,2025-06-10,A0389,RM004,Intro Call,Private Equity Buyout Fund VII,Private Equity,45,No,No,,28
AC002542,2026-02-14,A0388,RM012,Product Education,Opportunistic Credit Fund II,Private Credit,61,No,No,,34
AC002543,2025-09-05,A0103,RM005,Product Education,Opportunistic Credit Fund II,Private Credit,36,No,No,,49
AC002544,2025-08-30,A0311,RM004,Portfolio Review,Private Equity Buyout Fund VII,Private Equity,95,Yes,No,27.0,60
AC002545,2025-09-17,A0120,RM009,In-person Meeting,Direct Lending Income Fund V,Private Credit,78,Yes,Yes,22.0,50
AC002546,2025-05-23,A0254,RM002,Follow-up Call,Value-Add Real Estate Fund IV,Real Estate,53,No,No,,35
AC002547,2025-05-07,A0239,RM003,Webinar,Global Infrastructure Partners IV,Infrastructure,59,No,No,,42
AC002548,2025-07-23,A0024,RM008,In-person Meeting,Global Infrastructure Partners IV,Infrastructure,63,No,No,,46
AC002549,2026-04-06,A0004,RM016,Follow-up Call,Opportunistic Credit Fund II,Private Credit,49,Yes,No,14.0,40
AC002550,2025-06-04,A0025,RM011,In-person Meeting,Opportunistic Real Estate Fund VI,Real Estate,67,No,No,,73
AC002551,2025-11-18,A0046,RM009,Due Diligence Meeting,Core Infrastructure Income Fund III,Infrastructure,79,No,No,,94
AC002552,2025-07-09,A0097,RM009,Follow-up Call,Value-Add Real Estate Fund IV,Real Estate,63,No,No,,52
AC002553,2025-06-16,A0362,RM014,Follow-up Call,Direct Lending Income Fund V,Private Credit,70,Yes,Yes,22.0,24
AC002554,2026-01-25,A0204,RM004,Follow-up Call,Direct Lending Income Fund V,Private Credit,58,Yes,No,18.0,10
AC002555,2025-11-12,A0324,RM008,In-person Meeting,Growth Equity Partners III,Private Equity,92,Yes,Yes,20.0,66
AC002556,2025-11-06,A0340,RM016,Product Education,Growth Equity Partners III,Private Equity,62,No,No,,42
AC002557,2026-04-09,A0299,RM006,Follow-up Call,Private Equity Buyout Fund VII,Private Equity,89,Yes,No,28.0,18
AC002558,2026-01-30,A0152,RM015,Product Education,Global Infrastructure Partners IV,Infrastructure,64,Yes,No,15.0,16
AC002559,2025-07-03,A0343,RM004,Due Diligence Meeting,Value-Add Real Estate Fund IV,Real Estate,82,Yes,Yes,17.0,53
AC002560,2026-01-08,A0301,RM012,Follow-up Call,Private Equity Buyout Fund VII,Private Equity,67,Yes,No,4.0,22
AC002561,2026-03-19,A0302,RM001,Intro Call,Opportunistic Credit Fund II,Private Credit,49,Yes,Yes,6.0,41
AC002562,2026-01-12,A0360,RM013,Follow-up Call,Growth Equity Partners III,Private Equity,81,No,No,,37
AC002563,2025-12-18,A0239,RM003,Intro Call,Private Equity Buyout Fund VII,Private Equity,58,Yes,Yes,26.0,27
AC002564,2025-07-12,A0210,RM012,Webinar,Direct Lending Income Fund V,Private Credit,56,Yes,Yes,20.0,33
AC002565,2025-10-19,A0355,RM010,In-person Meeting,Real Estate Income Fund II,Real Estate,49,No,No,,68
AC002566,2025-06-14,A0183,RM014,Follow-up Call,Real Estate Income Fund II,Real Estate,56,Yes,Yes,10.0,36
AC002567,2026-02-16,A0328,RM013,In-person Meeting,Real Estate Income Fund II,Real Estate,63,Yes,Yes,25.0,45
AC002568,2025-08-10,A0024,RM008,Follow-up Call,Value-Add Real Estate Fund IV,Real Estate,44,No,No,,43
AC002569,2025-11-08,A0001,RM006,Intro Call,Value-Add Real Estate Fund IV,Real Estate,33,No,No,,38
AC002570,2025-06-19,A0210,RM012,Intro Call,Global Infrastructure Partners IV,Infrastructure,55,Yes,Yes,7.0,22
AC002571,2025-08-07,A0029,RM002,Portfolio Review,Core Infrastructure Income Fund III,Infrastructure,76,Yes,Yes,20.0,70
AC002572,2025-11-05,A0394,RM005,In-person Meeting,Senior Direct Lending Fund VI,Private Credit,82,Yes,Yes,10.0,88
AC002573,2025-08-18,A0004,RM016,Webinar,Global Infrastructure Partners IV,Infrastructure,59,Yes,Yes,15.0,53
AC002574,2026-01-21,A0293,RM001,Product Education,Global Infrastructure Partners IV,Infrastructure,84,Yes,Yes,16.0,44
AC002575,2025-09-15,A0093,RM012,Product Education,Global Infrastructure Partners IV,Infrastructure,52,No,No,,41
AC002576,2025-11-03,A0389,RM004,Follow-up Call,Real Estate Income Fund II,Real Estate,77,Yes,Yes,22.0,39
AC002577,2025-06-21,A0149,RM014,Intro Call,Private Equity Buyout Fund VII,Private Equity,61,Yes,Yes,11.0,18
AC002578,2025-07-22,A0015,RM005,Follow-up Call,Global Infrastructure Partners IV,Infrastructure,77,Yes,Yes,3.0,42
AC002579,2026-03-09,A0015,RM005,In-person Meeting,Direct Lending Income Fund V,Private Credit,79,Yes,Yes,7.0,77
AC002580,2026-02-21,A0222,RM010,Intro Call,Value-Add Real Estate Fund IV,Real Estate,57,Yes,Yes,7.0,30
AC002581,2025-12-11,A0398,RM007,Webinar,Senior Direct Lending Fund VI,Private Credit,71,Yes,No,20.0,36
AC002582,2025-12-26,A0396,RM016,Webinar,Global Infrastructure Partners IV,Infrastructure,53,Yes,Yes,22.0,49
AC002583,2026-03-19,A0128,RM002,Follow-up Call,Core Infrastructure Income Fund III,Infrastructure,60,Yes,No,3.0,41
AC002584,2026-04-22,A0193,RM004,Follow-up Call,Value-Add Real Estate Fund IV,Real Estate,79,No,No,,25
AC002585,2025-08-18,A0035,RM002,Due Diligence Meeting,Global Infrastructure Partners IV,Infrastructure,60,No,No,,60
AC002586,2026-04-30,A0206,RM004,In-person Meeting,Core Infrastructure Income Fund III,Infrastructure,81,Yes,Yes,25.0,62
AC002587,2025-08-23,A0239,RM003,Webinar,Core Infrastructure Income Fund III,Infrastructure,47,No,No,,47
AC002588,2025-12-11,A0096,RM010,In-person Meeting,Core Infrastructure Income Fund III,Infrastructure,90,Yes,Yes,17.0,109
AC002589,2025-10-24,A0247,RM013,Due Diligence Meeting,Core Infrastructure Income Fund III,Infrastructure,74,No,No,,83
AC002590,2025-10-25,A0359,RM013,Due Diligence Meeting,Core Infrastructure Income Fund III,Infrastructure,54,No,No,,68
AC002591,2025-06-25,A0001,RM006,In-person Meeting,Opportunistic Real Estate Fund VI,Real Estate,56,Yes,No,27.0,48
AC002592,2026-03-10,A0087,RM013,Intro Call,Value-Add Real Estate Fund IV,Real Estate,56,No,No,,10
AC002593,2025-05-07,A0077,RM005,Webinar,Value-Add Real Estate Fund IV,Real Estate,54,Yes,No,25.0,52
AC002594,2025-05-16,A0045,RM016,In-person Meeting,Opportunistic Credit Fund II,Private Credit,72,No,No,,58
AC002595,2025-10-08,A0060,RM006,Webinar,Senior Direct Lending Fund VI,Private Credit,49,No,No,,73
AC002596,2026-03-10,A0252,RM008,Webinar,Opportunistic Credit Fund II,Private Credit,58,No,No,,49
AC002597,2026-04-16,A0036,RM008,In-person Meeting,Opportunistic Real Estate Fund VI,Real Estate,60,Yes,No,3.0,86
AC002598,2025-10-15,A0299,RM006,Portfolio Review,Opportunistic Credit Fund II,Private Credit,77,No,No,,94
AC002599,2026-01-28,A0352,RM002,In-person Meeting,Opportunistic Credit Fund II,Private Credit,100,Yes,Yes,29.0,101
AC002600,2025-07-10,A0371,RM009,In-person Meeting,Senior Direct Lending Fund VI,Private Credit,45,Yes,Yes,10.0,88
AC002601,2025-09-04,A0267,RM007,Follow-up Call,Real Estate Income Fund II,Real Estate,72,No,No,,34
AC002602,2025-08-26,A0072,RM009,In-person Meeting,Real Estate Income Fund II,Real Estate,92,Yes,Yes,12.0,52
AC002603,2025-09-13,A0031,RM010,Product Education,Growth Equity Partners III,Private Equity,62,Yes,Yes,12.0,33
AC002604,2025-05-01,A0089,RM012,Webinar,Direct Lending Income Fund V,Private Credit,67,Yes,No,13.0,53
AC002605,2026-01-19,A0387,RM006,Follow-up Call,Growth Equity Partners III,Private Equity,63,Yes,Yes,15.0,18
AC002606,2026-03-03,A0387,RM006,Intro Call,Core Infrastructure Income Fund III,Infrastructure,44,No,No,,47
AC002607,2025-09-24,A0149,RM014,Follow-up Call,Real Estate Income Fund II,Real Estate,76,No,No,,27
AC002608,2025-10-30,A0124,RM007,Follow-up Call,Growth Equity Partners III,Private Equity,76,No,No,,31
AC002609,2025-09-15,A0202,RM002,Due Diligence Meeting,Growth Equity Partners III,Private Equity,88,Yes,Yes,19.0,74
AC002610,2026-01-21,A0110,RM003,Portfolio Review,Direct Lending Income Fund V,Private Credit,53,Yes,Yes,24.0,62
AC002611,2025-06-27,A0396,RM016,Intro Call,Senior Direct Lending Fund VI,Private Credit,59,Yes,Yes,2.0,62
AC002612,2025-06-15,A0082,RM003,In-person Meeting,Opportunistic Credit Fund II,Private Credit,57,Yes,No,5.0,79
AC002613,2025-05-12,A0143,RM009,Intro Call,Global Infrastructure Partners IV,Infrastructure,60,No,No,,57
AC002614,2025-10-05,A0173,RM016,Intro Call,Direct Lending Income Fund V,Private Credit,35,Yes,Yes,28.0,46
AC002615,2025-12-01,A0045,RM016,Follow-up Call,Global Infrastructure Partners IV,Infrastructure,74,Yes,Yes,25.0,44
AC002616,2025-12-12,A0150,RM006,Intro Call,Senior Direct Lending Fund VI,Private Credit,67,Yes,No,14.0,44
AC002617,2026-02-08,A0343,RM004,In-person Meeting,Core Infrastructure Income Fund III,Infrastructure,81,No,No,,79
AC002618,2026-03-28,A0049,RM011,Webinar,Direct Lending Income Fund V,Private Credit,58,Yes,Yes,26.0,47
AC002619,2026-04-03,A0234,RM008,Due Diligence Meeting,Core Infrastructure Income Fund III,Infrastructure,74,Yes,Yes,16.0,38
AC002620,2026-01-26,A0159,RM014,In-person Meeting,Opportunistic Real Estate Fund VI,Real Estate,69,Yes,No,17.0,78
AC002621,2025-10-03,A0062,RM016,Webinar,Global Infrastructure Partners IV,Infrastructure,73,Yes,Yes,4.0,49
AC002622,2025-10-06,A0007,RM004,Intro Call,Private Equity Buyout Fund VII,Private Equity,80,Yes,Yes,18.0,30
AC002623,2025-09-26,A0103,RM005,Portfolio Review,Global Infrastructure Partners IV,Infrastructure,40,Yes,Yes,14.0,74
AC002624,2025-08-18,A0026,RM011,In-person Meeting,Global Infrastructure Partners IV,Infrastructure,56,Yes,Yes,12.0,90
AC002625,2026-03-28,A0146,RM016,Webinar,Direct Lending Income Fund V,Private Credit,68,Yes,Yes,11.0,42
AC002626,2025-09-26,A0327,RM004,Webinar,Real Estate Income Fund II,Real Estate,66,Yes,Yes,27.0,43
AC002627,2026-02-14,A0293,RM001,Follow-up Call,Direct Lending Income Fund V,Private Credit,74,Yes,No,10.0,33
AC002628,2025-08-11,A0381,RM004,Webinar,Value-Add Real Estate Fund IV,Real Estate,23,No,No,,68
AC002629,2025-10-27,A0172,RM009,Intro Call,Opportunistic Real Estate Fund VI,Real Estate,34,No,No,,41
AC002630,2025-10-15,A0286,RM008,In-person Meeting,Value-Add Real Estate Fund IV,Real Estate,76,No,No,,67
AC002631,2025-07-25,A0271,RM014,Portfolio Review,Value-Add Real Estate Fund IV,Real Estate,56,Yes,Yes,28.0,66
AC002632,2025-12-07,A0078,RM016,Portfolio Review,Opportunistic Real Estate Fund VI,Real Estate,79,Yes,Yes,7.0,94
AC002633,2025-05-09,A0115,RM012,Follow-up Call,Core Infrastructure Income Fund III,Infrastructure,71,Yes,Yes,21.0,45
AC002634,2025-09-21,A0211,RM006,Intro Call,Opportunistic Credit Fund II,Private Credit,64,Yes,No,6.0,26
AC002635,2025-05-15,A0324,RM008,In-person Meeting,Global Infrastructure Partners IV,Infrastructure,80,Yes,Yes,20.0,60
AC002636,2025-06-06,A0184,RM015,Due Diligence Meeting,Opportunistic Credit Fund II,Private Credit,84,Yes,Yes,6.0,53
AC002637,2025-09-13,A0087,RM013,Webinar,Growth Equity Partners III,Private Equity,49,Yes,No,16.0,26
AC002638,2026-03-12,A0399,RM006,In-person Meeting,Direct Lending Income Fund V,Private Credit,35,No,No,,90
AC002639,2025-06-18,A0041,RM008,Due Diligence Meeting,Real Estate Income Fund II,Real Estate,79,Yes,Yes,24.0,78
AC002640,2025-11-20,A0383,RM010,Follow-up Call,Global Infrastructure Partners IV,Infrastructure,54,No,No,,30
AC002641,2026-01-04,A0327,RM004,Follow-up Call,Core Infrastructure Income Fund III,Infrastructure,67,Yes,No,2.0,51
AC002642,2025-06-06,A0340,RM016,Follow-up Call,Global Infrastructure Partners IV,Infrastructure,61,Yes,No,29.0,32
AC002643,2026-04-06,A0323,RM016,Webinar,Growth Equity Partners III,Private Equity,77,Yes,No,22.0,54
AC002644,2026-02-01,A0076,RM007,Intro Call,Senior Direct Lending Fund VI,Private Credit,45,No,No,,41
AC002645,2025-09-14,A0256,RM015,Intro Call,Opportunistic Credit Fund II,Private Credit,42,No,No,,51
AC002646,2025-10-25,A0307,RM014,Follow-up Call,Private Equity Buyout Fund VII,Private Equity,54,Yes,No,23.0,19
AC002647,2025-08-04,A0304,RM016,Due Diligence Meeting,Value-Add Real Estate Fund IV,Real Estate,79,No,No,,48
AC002648,2026-03-31,A0102,RM002,Intro Call,Private Equity Buyout Fund VII,Private Equity,51,No,No,,46
AC002649,2026-03-15,A0065,RM005,Follow-up Call,Core Infrastructure Income Fund III,Infrastructure,67,Yes,Yes,24.0,48
AC002650,2025-12-13,A0125,RM013,In-person Meeting,Core Infrastructure Income Fund III,Infrastructure,78,No,No,,91
AC002651,2025-05-02,A0192,RM004,Due Diligence Meeting,Direct Lending Income Fund V,Private Credit,100,Yes,No,26.0,31
AC002652,2025-05-11,A0230,RM001,Webinar,Value-Add Real Estate Fund IV,Real Estate,42,No,No,,48
AC002653,2025-06-13,A0339,RM004,Product Education,Opportunistic Credit Fund II,Private Credit,51,No,No,,42
AC002654,2026-02-24,A0312,RM009,Intro Call,Growth Equity Partners III,Private Equity,47,No,No,,20
AC002655,2025-08-21,A0276,RM005,Due Diligence Meeting,Value-Add Real Estate Fund IV,Real Estate,93,Yes,Yes,28.0,100
AC002656,2025-12-23,A0099,RM001,Follow-up Call,Real Estate Income Fund II,Real Estate,80,No,No,,17
AC002657,2025-08-05,A0191,RM014,Follow-up Call,Senior Direct Lending Fund VI,Private Credit,40,Yes,No,10.0,35
AC002658,2025-10-06,A0127,RM014,Intro Call,Senior Direct Lending Fund VI,Private Credit,65,No,No,,38
AC002659,2025-09-04,A0090,RM014,Portfolio Review,Core Infrastructure Income Fund III,Infrastructure,54,No,No,,51
AC002660,2025-08-29,A0006,RM012,Due Diligence Meeting,Private Equity Buyout Fund VII,Private Equity,94,Yes,Yes,23.0,36
AC002661,2025-10-30,A0130,RM009,Intro Call,Direct Lending Income Fund V,Private Credit,61,Yes,Yes,7.0,32
AC002662,2025-09-04,A0097,RM009,Due Diligence Meeting,Growth Equity Partners III,Private Equity,78,Yes,Yes,28.0,58
AC002663,2025-11-18,A0229,RM002,Product Education,Opportunistic Real Estate Fund VI,Real Estate,52,Yes,No,4.0,37
AC002664,2025-07-05,A0026,RM011,Follow-up Call,Global Infrastructure Partners IV,Infrastructure,48,No,No,,47
AC002665,2025-06-25,A0102,RM002,In-person Meeting,Global Infrastructure Partners IV,Infrastructure,52,No,No,,62
AC002666,2025-06-16,A0021,RM010,Webinar,Global Infrastructure Partners IV,Infrastructure,68,Yes,Yes,12.0,40
AC002667,2025-08-11,A0259,RM007,In-person Meeting,Senior Direct Lending Fund VI,Private Credit,88,Yes,Yes,17.0,80
AC002668,2025-12-28,A0228,RM009,Follow-up Call,Global Infrastructure Partners IV,Infrastructure,76,Yes,Yes,28.0,34
AC002669,2026-01-03,A0128,RM002,Intro Call,Private Equity Buyout Fund VII,Private Equity,36,No,No,,40
AC002670,2025-05-04,A0052,RM006,Due Diligence Meeting,Opportunistic Credit Fund II,Private Credit,89,Yes,Yes,29.0,62
AC002671,2025-05-26,A0385,RM001,Due Diligence Meeting,Growth Equity Partners III,Private Equity,76,Yes,No,3.0,88
AC002672,2026-03-17,A0234,RM008,Intro Call,Value-Add Real Estate Fund IV,Real Estate,64,Yes,Yes,28.0,28
AC002673,2026-02-17,A0276,RM005,In-person Meeting,Private Equity Buyout Fund VII,Private Equity,94,Yes,Yes,10.0,103
AC002674,2026-02-19,A0211,RM006,Follow-up Call,Real Estate Income Fund II,Real Estate,83,Yes,Yes,26.0,32
AC002675,2025-05-24,A0326,RM014,Follow-up Call,Direct Lending Income Fund V,Private Credit,46,Yes,Yes,8.0,49
AC002676,2026-04-09,A0358,RM012,Follow-up Call,Core Infrastructure Income Fund III,Infrastructure,72,No,No,,33
AC002677,2025-11-18,A0150,RM006,Intro Call,Opportunistic Credit Fund II,Private Credit,59,Yes,Yes,18.0,37
AC002678,2025-08-20,A0279,RM008,Due Diligence Meeting,Opportunistic Real Estate Fund VI,Real Estate,57,Yes,No,2.0,68
AC002679,2025-11-21,A0087,RM013,Intro Call,Opportunistic Credit Fund II,Private Credit,68,Yes,Yes,22.0,32
AC002680,2025-09-22,A0263,RM014,In-person Meeting,Core Infrastructure Income Fund III,Infrastructure,62,Yes,No,29.0,112
AC002681,2025-10-23,A0156,RM004,In-person Meeting,Global Infrastructure Partners IV,Infrastructure,44,Yes,No,7.0,85
AC002682,2025-11-29,A0005,RM006,Due Diligence Meeting,Core Infrastructure Income Fund III,Infrastructure,75,Yes,No,23.0,72
AC002683,2025-05-25,A0383,RM010,Follow-up Call,Opportunistic Credit Fund II,Private Credit,56,No,No,,44
AC002684,2025-11-28,A0345,RM016,In-person Meeting,Senior Direct Lending Fund VI,Private Credit,61,Yes,Yes,23.0,79
AC002685,2025-08-21,A0110,RM003,Product Education,Direct Lending Income Fund V,Private Credit,43,No,No,,48
AC002686,2025-05-31,A0400,RM006,Intro Call,Direct Lending Income Fund V,Private Credit,91,Yes,Yes,28.0,41
AC002687,2026-03-06,A0120,RM009,Follow-up Call,Global Infrastructure Partners IV,Infrastructure,60,Yes,Yes,6.0,27
AC002688,2025-07-30,A0183,RM014,Follow-up Call,Senior Direct Lending Fund VI,Private Credit,61,Yes,Yes,3.0,27
AC002689,2025-07-07,A0342,RM003,Due Diligence Meeting,Direct Lending Income Fund V,Private Credit,54,Yes,Yes,21.0,75
AC002690,2026-02-25,A0116,RM005,Product Education,Real Estate Income Fund II,Real Estate,74,No,No,,53
AC002691,2025-07-13,A0181,RM003,Intro Call,Core Infrastructure Income Fund III,Infrastructure,30,Yes,No,29.0,27
AC002692,2026-03-22,A0271,RM014,Intro Call,Opportunistic Credit Fund II,Private Credit,59,Yes,Yes,3.0,26
AC002693,2025-07-05,A0046,RM009,Webinar,Growth Equity Partners III,Private Equity,69,Yes,Yes,21.0,39
AC002694,2025-05-16,A0170,RM012,Webinar,Global Infrastructure Partners IV,Infrastructure,56,Yes,Yes,16.0,45
AC002695,2026-03-28,A0117,RM010,In-person Meeting,Growth Equity Partners III,Private Equity,43,No,No,,89
AC002696,2026-02-23,A0276,RM005,Product Education,Growth Equity Partners III,Private Equity,75,No,No,,32
AC002697,2026-04-06,A0048,RM007,Due Diligence Meeting,Growth Equity Partners III,Private Equity,87,Yes,Yes,17.0,72
AC002698,2025-12-20,A0089,RM012,Webinar,Direct Lending Income Fund V,Private Credit,63,Yes,No,26.0,46
AC002699,2025-09-23,A0289,RM008,Webinar,Direct Lending Income Fund V,Private Credit,68,Yes,Yes,11.0,65
AC002700,2025-09-03,A0055,RM006,Portfolio Review,Global Infrastructure Partners IV,Infrastructure,68,Yes,Yes,25.0,70
AC002701,2026-02-22,A0169,RM010,In-person Meeting,Senior Direct Lending Fund VI,Private Credit,77,Yes,Yes,7.0,97
AC002702,2026-02-12,A0289,RM008,Intro Call,Global Infrastructure Partners IV,Infrastructure,88,Yes,Yes,16.0,20
AC002703,2026-04-05,A0310,RM010,Intro Call,Value-Add Real Estate Fund IV,Real Estate,39,No,No,,43
AC002704,2026-03-23,A0034,RM014,Webinar,Real Estate Income Fund II,Real Estate,49,No,No,,48
AC002705,2025-10-28,A0342,RM003,Follow-up Call,Opportunistic Real Estate Fund VI,Real Estate,53,No,No,,39
AC002706,2025-09-14,A0294,RM012,Portfolio Review,Growth Equity Partners III,Private Equity,69,Yes,Yes,27.0,84
AC002707,2025-05-04,A0130,RM009,Intro Call,Global Infrastructure Partners IV,Infrastructure,57,No,No,,29
AC002708,2025-12-29,A0310,RM010,In-person Meeting,Direct Lending Income Fund V,Private Credit,58,Yes,No,17.0,74
AC002709,2025-08-26,A0296,RM001,Due Diligence Meeting,Senior Direct Lending Fund VI,Private Credit,78,No,No,,56
AC002710,2025-12-12,A0240,RM005,In-person Meeting,Direct Lending Income Fund V,Private Credit,76,Yes,Yes,4.0,106
AC002711,2026-04-27,A0225,RM016,Due Diligence Meeting,Global Infrastructure Partners IV,Infrastructure,66,No,No,,84
AC002712,2025-11-25,A0299,RM006,In-person Meeting,Real Estate Income Fund II,Real Estate,83,Yes,Yes,28.0,24
AC002713,2025-08-01,A0400,RM006,Product Education,Value-Add Real Estate Fund IV,Real Estate,100,Yes,Yes,8.0,17
AC002714,2026-02-19,A0232,RM012,In-person Meeting,Opportunistic Credit Fund II,Private Credit,67,No,No,,86
AC002715,2025-12-25,A0327,RM004,Webinar,Opportunistic Credit Fund II,Private Credit,75,Yes,Yes,28.0,37
AC002716,2025-08-29,A0303,RM014,In-person Meeting,Direct Lending Income Fund V,Private Credit,90,Yes,Yes,5.0,82
AC002717,2025-06-05,A0343,RM004,Follow-up Call,Private Equity Buyout Fund VII,Private Equity,60,No,No,,18
AC002718,2025-05-14,A0382,RM010,Webinar,Growth Equity Partners III,Private Equity,100,Yes,Yes,24.0,52
AC002719,2025-09-24,A0071,RM003,Follow-up Call,Opportunistic Real Estate Fund VI,Real Estate,56,Yes,Yes,16.0,52
AC002720,2026-04-01,A0060,RM006,Due Diligence Meeting,Value-Add Real Estate Fund IV,Real Estate,75,Yes,Yes,25.0,51
AC002721,2025-06-17,A0235,RM005,Follow-up Call,Opportunistic Credit Fund II,Private Credit,66,Yes,Yes,11.0,40
AC002722,2026-01-16,A0181,RM003,In-person Meeting,Value-Add Real Estate Fund IV,Real Estate,59,Yes,Yes,8.0,58
AC002723,2025-05-18,A0229,RM002,Follow-up Call,Value-Add Real Estate Fund IV,Real Estate,41,Yes,No,8.0,41
AC002724,2025-07-07,A0324,RM008,Intro Call,Senior Direct Lending Fund VI,Private Credit,52,No,No,,24
AC002725,2025-11-18,A0373,RM005,Intro Call,Opportunistic Credit Fund II,Private Credit,51,Yes,Yes,14.0,35
AC002726,2025-09-13,A0166,RM013,Webinar,Direct Lending Income Fund V,Private Credit,60,Yes,Yes,29.0,54
AC002727,2026-01-28,A0293,RM001,Intro Call,Global Infrastructure Partners IV,Infrastructure,63,Yes,Yes,26.0,28
AC002728,2025-09-26,A0071,RM003,Follow-up Call,Private Equity Buyout Fund VII,Private Equity,57,Yes,No,16.0,41
AC002729,2025-09-09,A0212,RM007,Webinar,Value-Add Real Estate Fund IV,Real Estate,70,No,No,,53
AC002730,2025-10-22,A0012,RM012,Follow-up Call,Global Infrastructure Partners IV,Infrastructure,62,Yes,Yes,29.0,45
AC002731,2025-12-27,A0200,RM007,Intro Call,Core Infrastructure Income Fund III,Infrastructure,59,Yes,No,26.0,57
AC002732,2025-07-10,A0219,RM011,Product Education,Real Estate Income Fund II,Real Estate,59,Yes,Yes,10.0,37
AC002733,2025-09-13,A0299,RM006,Due Diligence Meeting,Global Infrastructure Partners IV,Infrastructure,83,No,No,,54
AC002734,2025-08-02,A0261,RM005,Webinar,Value-Add Real Estate Fund IV,Real Estate,44,Yes,Yes,17.0,42
AC002735,2026-03-13,A0140,RM007,Follow-up Call,Real Estate Income Fund II,Real Estate,42,No,No,,44
AC002736,2026-03-07,A0004,RM016,Due Diligence Meeting,Direct Lending Income Fund V,Private Credit,73,No,No,,43
AC002737,2025-08-06,A0041,RM008,Portfolio Review,Opportunistic Real Estate Fund VI,Real Estate,72,Yes,Yes,18.0,64
AC002738,2025-09-18,A0391,RM012,Webinar,Senior Direct Lending Fund VI,Private Credit,37,Yes,No,24.0,50
AC002739,2025-10-24,A0370,RM009,Product Education,Private Equity Buyout Fund VII,Private Equity,52,No,No,,29
AC002740,2026-04-09,A0124,RM007,Product Education,Growth Equity Partners III,Private Equity,84,Yes,Yes,6.0,26
AC002741,2025-06-30,A0097,RM009,Product Education,Senior Direct Lending Fund VI,Private Credit,61,Yes,Yes,26.0,39
AC002742,2025-07-18,A0174,RM016,Portfolio Review,Private Equity Buyout Fund VII,Private Equity,69,Yes,Yes,19.0,62
AC002743,2025-10-16,A0279,RM008,Webinar,Growth Equity Partners III,Private Equity,27,No,No,,62
AC002744,2025-10-26,A0139,RM008,Intro Call,Opportunistic Real Estate Fund VI,Real Estate,35,Yes,Yes,25.0,39
AC002745,2025-09-06,A0027,RM006,In-person Meeting,Opportunistic Credit Fund II,Private Credit,83,Yes,Yes,20.0,81
AC002746,2025-11-16,A0157,RM016,In-person Meeting,Growth Equity Partners III,Private Equity,74,Yes,Yes,7.0,51
AC002747,2025-06-22,A0098,RM009,In-person Meeting,Real Estate Income Fund II,Real Estate,96,Yes,Yes,3.0,112
AC002748,2026-04-13,A0124,RM007,Webinar,Senior Direct Lending Fund VI,Private Credit,74,No,No,,55
AC002749,2026-01-16,A0059,RM002,Follow-up Call,Growth Equity Partners III,Private Equity,50,No,No,,40
AC002750,2025-11-15,A0267,RM007,In-person Meeting,Value-Add Real Estate Fund IV,Real Estate,79,Yes,Yes,3.0,71
AC002751,2025-08-25,A0208,RM014,Product Education,Direct Lending Income Fund V,Private Credit,72,No,No,,37
AC002752,2025-12-15,A0102,RM002,Portfolio Review,Global Infrastructure Partners IV,Infrastructure,74,Yes,No,16.0,72
AC002753,2026-01-26,A0222,RM010,In-person Meeting,Growth Equity Partners III,Private Equity,80,No,No,,78
AC002754,2025-11-08,A0197,RM010,Webinar,Real Estate Income Fund II,Real Estate,62,Yes,No,11.0,67
AC002755,2025-12-07,A0323,RM016,Intro Call,Private Equity Buyout Fund VII,Private Equity,54,Yes,Yes,11.0,31
AC002756,2025-10-27,A0383,RM010,Product Education,Direct Lending Income Fund V,Private Credit,56,Yes,Yes,8.0,66
AC002757,2026-04-18,A0046,RM009,Due Diligence Meeting,Private Equity Buyout Fund VII,Private Equity,88,Yes,Yes,10.0,77
AC002758,2025-11-25,A0350,RM007,Webinar,Opportunistic Credit Fund II,Private Credit,54,No,No,,54
AC002759,2026-01-16,A0285,RM011,Product Education,Core Infrastructure Income Fund III,Infrastructure,72,Yes,Yes,10.0,29
AC002760,2025-09-27,A0280,RM004,Follow-up Call,Opportunistic Credit Fund II,Private Credit,80,Yes,No,11.0,46
AC002761,2026-01-21,A0146,RM016,Follow-up Call,Core Infrastructure Income Fund III,Infrastructure,82,Yes,Yes,15.0,31
AC002762,2025-12-03,A0132,RM007,Due Diligence Meeting,Global Infrastructure Partners IV,Infrastructure,89,Yes,Yes,13.0,66
AC002763,2025-06-14,A0004,RM016,Portfolio Review,Senior Direct Lending Fund VI,Private Credit,59,Yes,Yes,29.0,80
AC002764,2025-08-30,A0397,RM013,Follow-up Call,Direct Lending Income Fund V,Private Credit,51,No,No,,39
AC002765,2025-08-28,A0244,RM007,Portfolio Review,Opportunistic Real Estate Fund VI,Real Estate,42,No,No,,46
AC002766,2025-09-29,A0157,RM016,In-person Meeting,Value-Add Real Estate Fund IV,Real Estate,91,Yes,Yes,17.0,95
AC002767,2025-10-20,A0218,RM006,Due Diligence Meeting,Private Equity Buyout Fund VII,Private Equity,77,Yes,Yes,22.0,64
AC002768,2025-05-20,A0019,RM006,Webinar,Senior Direct Lending Fund VI,Private Credit,39,Yes,Yes,27.0,53
AC002769,2026-01-03,A0062,RM016,Portfolio Review,Real Estate Income Fund II,Real Estate,95,Yes,No,21.0,46
AC002770,2025-06-07,A0251,RM007,In-person Meeting,Growth Equity Partners III,Private Equity,64,No,No,,85
AC002771,2025-06-13,A0203,RM006,Intro Call,Value-Add Real Estate Fund IV,Real Estate,59,Yes,Yes,22.0,22
AC002772,2025-09-11,A0322,RM006,Follow-up Call,Opportunistic Real Estate Fund VI,Real Estate,62,Yes,Yes,17.0,19
AC002773,2025-12-20,A0267,RM007,Follow-up Call,Direct Lending Income Fund V,Private Credit,60,Yes,Yes,27.0,38
AC002774,2025-12-15,A0240,RM005,Follow-up Call,Direct Lending Income Fund V,Private Credit,58,Yes,No,11.0,26
AC002775,2025-10-24,A0331,RM013,Follow-up Call,Opportunistic Credit Fund II,Private Credit,40,Yes,Yes,18.0,16
AC002776,2026-04-10,A0028,RM011,Intro Call,Real Estate Income Fund II,Real Estate,53,No,No,,41
AC002777,2026-02-07,A0280,RM004,In-person Meeting,Global Infrastructure Partners IV,Infrastructure,86,Yes,Yes,7.0,97
AC002778,2026-01-29,A0291,RM003,Webinar,Opportunistic Credit Fund II,Private Credit,53,Yes,Yes,24.0,46
AC002779,2025-05-28,A0104,RM011,Follow-up Call,Opportunistic Credit Fund II,Private Credit,68,No,No,,22
AC002780,2025-12-08,A0071,RM003,Intro Call,Private Equity Buyout Fund VII,Private Equity,46,No,No,,10
AC002781,2025-05-24,A0078,RM016,In-person Meeting,Direct Lending Income Fund V,Private Credit,74,Yes,No,17.0,100
AC002782,2025-08-17,A0072,RM009,Intro Call,Private Equity Buyout Fund VII,Private Equity,77,Yes,Yes,16.0,19
AC002783,2026-02-18,A0207,RM008,Portfolio Review,Global Infrastructure Partners IV,Infrastructure,71,No,No,,61
AC002784,2025-05-13,A0048,RM007,In-person Meeting,Senior Direct Lending Fund VI,Private Credit,64,No,No,,91
AC002785,2025-11-17,A0267,RM007,Follow-up Call,Real Estate Income Fund II,Real Estate,75,No,No,,36
AC002786,2025-08-27,A0036,RM008,Product Education,Real Estate Income Fund II,Real Estate,71,Yes,Yes,12.0,22
AC002787,2026-01-24,A0015,RM005,Follow-up Call,Real Estate Income Fund II,Real Estate,80,No,No,,29
AC002788,2025-05-14,A0121,RM010,In-person Meeting,Growth Equity Partners III,Private Equity,74,Yes,Yes,21.0,44
AC002789,2025-07-02,A0071,RM003,Intro Call,Senior Direct Lending Fund VI,Private Credit,45,No,No,,38
AC002790,2025-08-19,A0398,RM007,Webinar,Private Equity Buyout Fund VII,Private Equity,88,No,No,,39
AC002791,2025-10-25,A0115,RM012,Webinar,Private Equity Buyout Fund VII,Private Equity,67,Yes,Yes,9.0,45
AC002792,2026-02-22,A0082,RM003,Due Diligence Meeting,Senior Direct Lending Fund VI,Private Credit,81,Yes,Yes,3.0,76
AC002793,2026-03-21,A0071,RM003,Follow-up Call,Value-Add Real Estate Fund IV,Real Estate,41,No,No,,22
AC002794,2025-10-23,A0146,RM016,In-person Meeting,Private Equity Buyout Fund VII,Private Equity,80,Yes,Yes,12.0,82
AC002795,2026-03-21,A0244,RM007,In-person Meeting,Senior Direct Lending Fund VI,Private Credit,66,Yes,No,22.0,66
AC002796,2025-12-19,A0320,RM009,Webinar,Opportunistic Credit Fund II,Private Credit,82,Yes,Yes,26.0,52
AC002797,2025-06-24,A0142,RM013,In-person Meeting,Senior Direct Lending Fund VI,Private Credit,77,No,No,,96
AC002798,2025-12-09,A0252,RM008,Intro Call,Senior Direct Lending Fund VI,Private Credit,37,No,No,,30
AC002799,2026-01-10,A0192,RM004,In-person Meeting,Direct Lending Income Fund V,Private Credit,90,Yes,Yes,25.0,62
AC002800,2026-04-10,A0341,RM002,Due Diligence Meeting,Real Estate Income Fund II,Real Estate,80,Yes,No,2.0,57
AC002801,2025-05-17,A0229,RM002,Follow-up Call,Growth Equity Partners III,Private Equity,43,No,No,,22
AC002802,2025-08-25,A0109,RM008,In-person Meeting,Senior Direct Lending Fund VI,Private Credit,66,No,No,,55
AC002803,2026-03-10,A0285,RM011,Webinar,Real Estate Income Fund II,Real Estate,71,No,No,,50
AC002804,2026-03-10,A0333,RM006,Due Diligence Meeting,Direct Lending Income Fund V,Private Credit,59,Yes,No,8.0,61
AC002805,2026-02-17,A0186,RM006,Portfolio Review,Senior Direct Lending Fund VI,Private Credit,79,Yes,Yes,15.0,64
AC002806,2026-02-15,A0398,RM007,Follow-up Call,Senior Direct Lending Fund VI,Private Credit,73,Yes,Yes,26.0,36
AC002807,2025-05-06,A0349,RM014,Due Diligence Meeting,Global Infrastructure Partners IV,Infrastructure,96,No,No,,67
AC002808,2026-03-23,A0071,RM003,Product Education,Core Infrastructure Income Fund III,Infrastructure,64,Yes,No,13.0,22
AC002809,2026-02-09,A0322,RM006,In-person Meeting,Core Infrastructure Income Fund III,Infrastructure,61,Yes,Yes,8.0,54
AC002810,2026-03-10,A0240,RM005,In-person Meeting,Opportunistic Real Estate Fund VI,Real Estate,73,No,No,,86
AC002811,2025-12-04,A0212,RM007,Follow-up Call,Private Equity Buyout Fund VII,Private Equity,57,Yes,Yes,21.0,29
AC002812,2025-05-26,A0203,RM006,Intro Call,Direct Lending Income Fund V,Private Credit,53,No,No,,43
AC002813,2026-01-01,A0342,RM003,Follow-up Call,Opportunistic Credit Fund II,Private Credit,40,No,No,,32
AC002814,2026-01-13,A0247,RM013,Follow-up Call,Growth Equity Partners III,Private Equity,35,Yes,Yes,25.0,32
AC002815,2025-09-27,A0213,RM016,Webinar,Global Infrastructure Partners IV,Infrastructure,61,Yes,Yes,19.0,50
AC002816,2025-06-04,A0023,RM001,Intro Call,Global Infrastructure Partners IV,Infrastructure,69,No,No,,39
AC002817,2025-12-18,A0181,RM003,Follow-up Call,Global Infrastructure Partners IV,Infrastructure,28,Yes,Yes,19.0,15
AC002818,2025-10-19,A0363,RM012,Portfolio Review,Real Estate Income Fund II,Real Estate,80,Yes,Yes,17.0,72
AC002819,2026-01-09,A0289,RM008,In-person Meeting,Opportunistic Credit Fund II,Private Credit,76,Yes,Yes,4.0,73
AC002820,2025-08-03,A0024,RM008,In-person Meeting,Senior Direct Lending Fund VI,Private Credit,62,No,No,,51
AC002821,2025-11-17,A0350,RM007,Intro Call,Value-Add Real Estate Fund IV,Real Estate,43,Yes,No,16.0,39
AC002822,2026-02-11,A0335,RM006,In-person Meeting,Private Equity Buyout Fund VII,Private Equity,56,Yes,No,25.0,74
AC002823,2025-11-02,A0219,RM011,Product Education,Value-Add Real Estate Fund IV,Real Estate,56,No,No,,27
AC002824,2025-12-08,A0013,RM011,Webinar,Global Infrastructure Partners IV,Infrastructure,31,No,No,,29
AC002825,2026-03-05,A0226,RM006,Follow-up Call,Growth Equity Partners III,Private Equity,67,Yes,Yes,9.0,30
AC002826,2026-03-31,A0024,RM008,Follow-up Call,Global Infrastructure Partners IV,Infrastructure,53,Yes,Yes,27.0,36
AC002827,2025-10-15,A0121,RM010,Follow-up Call,Opportunistic Credit Fund II,Private Credit,71,No,No,,23
AC002828,2025-07-21,A0254,RM002,Webinar,Value-Add Real Estate Fund IV,Real Estate,32,Yes,Yes,16.0,49
AC002829,2025-05-03,A0366,RM014,Follow-up Call,Private Equity Buyout Fund VII,Private Equity,69,No,No,,45
AC002830,2025-10-13,A0140,RM007,Due Diligence Meeting,Private Equity Buyout Fund VII,Private Equity,62,Yes,Yes,15.0,45
AC002831,2026-04-20,A0343,RM004,Follow-up Call,Opportunistic Real Estate Fund VI,Real Estate,61,Yes,No,28.0,31
AC002832,2025-09-20,A0368,RM008,Intro Call,Private Equity Buyout Fund VII,Private Equity,54,Yes,Yes,23.0,35
AC002833,2025-05-25,A0012,RM012,Intro Call,Real Estate Income Fund II,Real Estate,58,Yes,Yes,24.0,31
AC002834,2026-04-01,A0092,RM009,Portfolio Review,Global Infrastructure Partners IV,Infrastructure,71,No,No,,96
AC002835,2026-03-29,A0288,RM015,Webinar,Senior Direct Lending Fund VI,Private Credit,29,Yes,No,27.0,42
AC002836,2025-05-21,A0307,RM014,Intro Call,Private Equity Buyout Fund VII,Private Equity,42,Yes,No,10.0,37
AC002837,2026-04-23,A0152,RM015,Product Education,Growth Equity Partners III,Private Equity,72,Yes,Yes,29.0,18
AC002838,2026-04-07,A0266,RM010,Follow-up Call,Private Equity Buyout Fund VII,Private Equity,63,No,No,,23
AC002839,2025-05-10,A0247,RM013,Portfolio Review,Value-Add Real Estate Fund IV,Real Estate,54,No,No,,88
AC002840,2025-08-18,A0300,RM008,Follow-up Call,Opportunistic Credit Fund II,Private Credit,56,No,No,,24
AC002841,2025-08-02,A0293,RM001,In-person Meeting,Opportunistic Credit Fund II,Private Credit,82,No,No,,72
AC002842,2025-12-12,A0031,RM010,Portfolio Review,Real Estate Income Fund II,Real Estate,67,Yes,Yes,22.0,75
AC002843,2025-06-04,A0057,RM015,Due Diligence Meeting,Opportunistic Real Estate Fund VI,Real Estate,68,Yes,Yes,14.0,52
AC002844,2026-03-02,A0047,RM011,Webinar,Real Estate Income Fund II,Real Estate,35,No,No,,41
AC002845,2026-03-03,A0373,RM005,Follow-up Call,Real Estate Income Fund II,Real Estate,54,Yes,Yes,14.0,36
AC002846,2026-01-16,A0366,RM014,Webinar,Global Infrastructure Partners IV,Infrastructure,70,Yes,Yes,17.0,55
AC002847,2025-10-18,A0324,RM008,Intro Call,Direct Lending Income Fund V,Private Credit,55,No,No,,33
AC002848,2025-11-26,A0041,RM008,In-person Meeting,Private Equity Buyout Fund VII,Private Equity,70,No,No,,81
AC002849,2025-07-20,A0231,RM003,Webinar,Private Equity Buyout Fund VII,Private Equity,64,Yes,Yes,25.0,52
AC002850,2026-03-29,A0069,RM016,Intro Call,Private Equity Buyout Fund VII,Private Equity,59,Yes,Yes,4.0,21
AC002851,2025-11-19,A0143,RM009,Intro Call,Direct Lending Income Fund V,Private Credit,56,Yes,Yes,23.0,45
AC002852,2025-05-21,A0101,RM005,In-person Meeting,Senior Direct Lending Fund VI,Private Credit,60,No,No,,58
AC002853,2025-07-06,A0335,RM006,Webinar,Private Equity Buyout Fund VII,Private Equity,45,Yes,No,27.0,43
AC002854,2025-12-30,A0052,RM006,Follow-up Call,Growth Equity Partners III,Private Equity,62,Yes,Yes,8.0,27
AC002855,2025-12-05,A0260,RM001,Intro Call,Core Infrastructure Income Fund III,Infrastructure,71,No,No,,29
AC002856,2025-12-30,A0397,RM013,In-person Meeting,Opportunistic Credit Fund II,Private Credit,81,Yes,Yes,14.0,36
AC002857,2025-10-29,A0278,RM011,Intro Call,Opportunistic Credit Fund II,Private Credit,48,Yes,Yes,13.0,16
AC002858,2025-11-22,A0031,RM010,Webinar,Global Infrastructure Partners IV,Infrastructure,49,No,No,,51
AC002859,2026-04-24,A0363,RM012,Follow-up Call,Opportunistic Real Estate Fund VI,Real Estate,74,Yes,Yes,24.0,35
AC002860,2026-01-04,A0259,RM007,Due Diligence Meeting,Growth Equity Partners III,Private Equity,80,Yes,Yes,29.0,72
AC002861,2025-07-23,A0183,RM014,In-person Meeting,Senior Direct Lending Fund VI,Private Credit,80,Yes,Yes,16.0,49
AC002862,2025-05-09,A0267,RM007,Due Diligence Meeting,Global Infrastructure Partners IV,Infrastructure,100,Yes,Yes,20.0,95
AC002863,2025-11-30,A0349,RM014,Due Diligence Meeting,Global Infrastructure Partners IV,Infrastructure,100,Yes,Yes,17.0,42
AC002864,2025-06-20,A0190,RM009,Due Diligence Meeting,Direct Lending Income Fund V,Private Credit,86,No,No,,41
AC002865,2025-12-04,A0211,RM006,In-person Meeting,Senior Direct Lending Fund VI,Private Credit,87,Yes,Yes,2.0,60
AC002866,2025-06-18,A0183,RM014,Follow-up Call,Opportunistic Real Estate Fund VI,Real Estate,50,Yes,Yes,20.0,45
AC002867,2026-03-01,A0029,RM002,Webinar,Growth Equity Partners III,Private Equity,84,Yes,Yes,29.0,30
AC002868,2026-01-20,A0322,RM006,Follow-up Call,Opportunistic Real Estate Fund VI,Real Estate,77,Yes,No,12.0,41
AC002869,2025-12-08,A0046,RM009,In-person Meeting,Growth Equity Partners III,Private Equity,100,Yes,Yes,11.0,60
AC002870,2025-12-24,A0154,RM002,Webinar,Senior Direct Lending Fund VI,Private Credit,56,Yes,No,19.0,56
AC002871,2026-01-15,A0150,RM006,Product Education,Private Equity Buyout Fund VII,Private Equity,79,Yes,Yes,22.0,39
AC002872,2025-08-27,A0106,RM001,Due Diligence Meeting,Private Equity Buyout Fund VII,Private Equity,75,Yes,Yes,13.0,71
AC002873,2026-03-19,A0157,RM016,Intro Call,Value-Add Real Estate Fund IV,Real Estate,76,Yes,Yes,11.0,27
AC002874,2025-06-13,A0249,RM001,Product Education,Senior Direct Lending Fund VI,Private Credit,83,No,No,,24
AC002875,2026-01-13,A0118,RM013,Due Diligence Meeting,Real Estate Income Fund II,Real Estate,61,Yes,Yes,3.0,74
AC002876,2025-07-28,A0062,RM016,Product Education,Direct Lending Income Fund V,Private Credit,85,Yes,Yes,6.0,38
AC002877,2025-06-23,A0345,RM016,Due Diligence Meeting,Opportunistic Real Estate Fund VI,Real Estate,68,Yes,No,21.0,79
AC002878,2025-06-23,A0390,RM001,Intro Call,Direct Lending Income Fund V,Private Credit,65,No,No,,44
AC002879,2025-05-24,A0183,RM014,Follow-up Call,Growth Equity Partners III,Private Equity,60,Yes,No,11.0,22
AC002880,2025-08-27,A0124,RM007,Webinar,Growth Equity Partners III,Private Equity,84,Yes,Yes,27.0,50
AC002881,2025-07-27,A0022,RM003,Portfolio Review,Growth Equity Partners III,Private Equity,76,No,No,,80
AC002882,2026-03-18,A0019,RM006,Due Diligence Meeting,Global Infrastructure Partners IV,Infrastructure,75,Yes,No,24.0,72
AC002883,2025-11-01,A0153,RM010,Follow-up Call,Opportunistic Real Estate Fund VI,Real Estate,67,Yes,No,13.0,14
AC002884,2025-07-04,A0373,RM005,In-person Meeting,Direct Lending Income Fund V,Private Credit,63,Yes,No,8.0,67
AC002885,2025-07-06,A0296,RM001,Follow-up Call,Global Infrastructure Partners IV,Infrastructure,49,Yes,No,26.0,24
AC002886,2026-01-11,A0136,RM010,Follow-up Call,Real Estate Income Fund II,Real Estate,53,No,No,,39
AC002887,2025-05-14,A0389,RM004,Follow-up Call,Opportunistic Real Estate Fund VI,Real Estate,55,No,No,,18
AC002888,2025-06-09,A0172,RM009,Follow-up Call,Direct Lending Income Fund V,Private Credit,55,Yes,Yes,17.0,31
AC002889,2025-06-05,A0105,RM004,Portfolio Review,Real Estate Income Fund II,Real Estate,46,No,No,,70
AC002890,2025-10-10,A0172,RM009,Intro Call,Senior Direct Lending Fund VI,Private Credit,34,No,No,,28
AC002891,2025-10-29,A0077,RM005,Intro Call,Growth Equity Partners III,Private Equity,31,No,No,,27
AC002892,2025-05-25,A0351,RM007,Follow-up Call,Senior Direct Lending Fund VI,Private Credit,56,Yes,Yes,16.0,12
AC002893,2025-05-13,A0142,RM013,Webinar,Global Infrastructure Partners IV,Infrastructure,51,Yes,Yes,27.0,46
AC002894,2025-07-21,A0266,RM010,Webinar,Private Equity Buyout Fund VII,Private Equity,62,No,No,,26
AC002895,2025-07-22,A0151,RM003,Due Diligence Meeting,Direct Lending Income Fund V,Private Credit,98,Yes,Yes,26.0,64
AC002896,2025-10-21,A0361,RM001,Portfolio Review,Opportunistic Credit Fund II,Private Credit,63,Yes,No,4.0,86
AC002897,2025-07-12,A0259,RM007,Follow-up Call,Growth Equity Partners III,Private Equity,66,Yes,No,21.0,41
AC002898,2025-09-17,A0196,RM009,Intro Call,Core Infrastructure Income Fund III,Infrastructure,76,No,No,,37
AC002899,2026-02-21,A0046,RM009,Due Diligence Meeting,Opportunistic Real Estate Fund VI,Real Estate,97,No,No,,75
AC002900,2026-03-04,A0361,RM001,In-person Meeting,Value-Add Real Estate Fund IV,Real Estate,68,Yes,Yes,19.0,57
AC002901,2025-10-01,A0219,RM011,Webinar,Opportunistic Real Estate Fund VI,Real Estate,53,Yes,Yes,20.0,41
AC002902,2025-07-04,A0108,RM008,Due Diligence Meeting,Senior Direct Lending Fund VI,Private Credit,65,Yes,Yes,14.0,72
AC002903,2025-08-18,A0349,RM014,Intro Call,Opportunistic Real Estate Fund VI,Real Estate,72,No,No,,14
AC002904,2025-05-15,A0024,RM008,Product Education,Opportunistic Real Estate Fund VI,Real Estate,60,Yes,Yes,3.0,24
AC002905,2025-07-29,A0119,RM007,Webinar,Opportunistic Credit Fund II,Private Credit,67,No,No,,31
AC002906,2025-05-18,A0212,RM007,Intro Call,Opportunistic Credit Fund II,Private Credit,61,No,No,,30
AC002907,2025-10-16,A0130,RM009,Product Education,Opportunistic Real Estate Fund VI,Real Estate,65,No,No,,21
AC002908,2026-03-20,A0190,RM009,Due Diligence Meeting,Private Equity Buyout Fund VII,Private Equity,79,Yes,No,10.0,40
AC002909,2025-07-19,A0099,RM001,Follow-up Call,Direct Lending Income Fund V,Private Credit,80,Yes,Yes,8.0,49
AC002910,2025-09-05,A0046,RM009,Webinar,Real Estate Income Fund II,Real Estate,56,No,No,,43
AC002911,2025-12-30,A0019,RM006,Follow-up Call,Direct Lending Income Fund V,Private Credit,54,Yes,Yes,20.0,49
AC002912,2026-01-12,A0057,RM015,Portfolio Review,Opportunistic Real Estate Fund VI,Real Estate,64,Yes,No,2.0,64
AC002913,2025-05-10,A0382,RM010,Intro Call,Opportunistic Credit Fund II,Private Credit,67,Yes,Yes,9.0,33
AC002914,2025-12-24,A0231,RM003,Intro Call,Real Estate Income Fund II,Real Estate,50,No,No,,36
AC002915,2026-02-02,A0196,RM009,Follow-up Call,Senior Direct Lending Fund VI,Private Credit,89,Yes,Yes,8.0,24
AC002916,2026-02-23,A0150,RM006,Follow-up Call,Global Infrastructure Partners IV,Infrastructure,63,No,No,,42
AC002917,2025-07-28,A0287,RM006,Portfolio Review,Direct Lending Income Fund V,Private Credit,67,No,No,,62
AC002918,2025-08-22,A0049,RM011,Intro Call,Private Equity Buyout Fund VII,Private Equity,61,Yes,Yes,7.0,41
AC002919,2026-02-18,A0105,RM004,Product Education,Value-Add Real Estate Fund IV,Real Estate,40,Yes,Yes,4.0,31
AC002920,2026-03-26,A0265,RM001,Follow-up Call,Opportunistic Real Estate Fund VI,Real Estate,59,No,No,,28
AC002921,2025-10-23,A0192,RM004,Follow-up Call,Private Equity Buyout Fund VII,Private Equity,77,Yes,Yes,16.0,31
AC002922,2026-04-29,A0314,RM016,Due Diligence Meeting,Growth Equity Partners III,Private Equity,62,No,No,,95
AC002923,2025-10-18,A0358,RM012,Product Education,Direct Lending Income Fund V,Private Credit,71,No,No,,33
AC002924,2025-06-10,A0333,RM006,Portfolio Review,Opportunistic Real Estate Fund VI,Real Estate,43,No,No,,29
AC002925,2026-01-30,A0067,RM016,In-person Meeting,Value-Add Real Estate Fund IV,Real Estate,62,Yes,Yes,4.0,81
AC002926,2025-07-31,A0033,RM009,Follow-up Call,Opportunistic Credit Fund II,Private Credit,80,Yes,No,18.0,25
AC002927,2025-06-05,A0062,RM016,Portfolio Review,Opportunistic Credit Fund II,Private Credit,77,Yes,No,22.0,52
AC002928,2025-07-31,A0320,RM009,In-person Meeting,Core Infrastructure Income Fund III,Infrastructure,69,Yes,No,20.0,34
AC002929,2025-12-17,A0367,RM002,Due Diligence Meeting,Real Estate Income Fund II,Real Estate,80,No,No,,68
AC002930,2025-06-24,A0371,RM009,Follow-up Call,Opportunistic Real Estate Fund VI,Real Estate,52,No,No,,25
AC002931,2025-12-07,A0113,RM003,Portfolio Review,Growth Equity Partners III,Private Equity,78,Yes,Yes,25.0,77
AC002932,2025-05-09,A0340,RM016,Product Education,Growth Equity Partners III,Private Equity,55,Yes,Yes,7.0,24
AC002933,2025-07-21,A0212,RM007,Due Diligence Meeting,Core Infrastructure Income Fund III,Infrastructure,81,Yes,Yes,9.0,65
AC002934,2026-02-18,A0333,RM006,Due Diligence Meeting,Opportunistic Real Estate Fund VI,Real Estate,61,No,No,,74
AC002935,2026-04-14,A0220,RM015,Follow-up Call,Real Estate Income Fund II,Real Estate,67,Yes,No,10.0,34
AC002936,2026-02-23,A0052,RM006,Portfolio Review,Opportunistic Credit Fund II,Private Credit,71,No,No,,67
AC002937,2025-08-24,A0031,RM010,Follow-up Call,Senior Direct Lending Fund VI,Private Credit,56,Yes,Yes,19.0,38
AC002938,2026-03-05,A0385,RM001,In-person Meeting,Direct Lending Income Fund V,Private Credit,67,No,No,,33
AC002939,2025-12-21,A0171,RM016,Intro Call,Senior Direct Lending Fund VI,Private Credit,62,Yes,Yes,20.0,47
AC002940,2025-11-24,A0136,RM010,Intro Call,Real Estate Income Fund II,Real Estate,33,No,No,,37
AC002941,2025-10-22,A0139,RM008,In-person Meeting,Opportunistic Real Estate Fund VI,Real Estate,81,Yes,No,13.0,55
AC002942,2026-04-18,A0147,RM016,Follow-up Call,Growth Equity Partners III,Private Equity,49,No,No,,50
AC002943,2025-10-26,A0380,RM003,Follow-up Call,Growth Equity Partners III,Private Equity,61,Yes,No,18.0,52
AC002944,2026-03-25,A0026,RM011,Product Education,Direct Lending Income Fund V,Private Credit,65,No,No,,32
AC002945,2025-06-12,A0043,RM003,Due Diligence Meeting,Opportunistic Real Estate Fund VI,Real Estate,56,No,No,,84
AC002946,2026-04-27,A0323,RM016,Webinar,Senior Direct Lending Fund VI,Private Credit,54,Yes,Yes,29.0,32
AC002947,2025-06-23,A0220,RM015,In-person Meeting,Direct Lending Income Fund V,Private Credit,88,Yes,Yes,5.0,84
AC002948,2025-12-20,A0046,RM009,Webinar,Senior Direct Lending Fund VI,Private Credit,58,No,No,,50
AC002949,2026-02-21,A0017,RM002,Intro Call,Senior Direct Lending Fund VI,Private Credit,37,No,No,,29
AC002950,2026-03-06,A0085,RM002,Due Diligence Meeting,Senior Direct Lending Fund VI,Private Credit,74,Yes,No,14.0,65
AC002951,2026-02-05,A0098,RM009,Due Diligence Meeting,Core Infrastructure Income Fund III,Infrastructure,99,Yes,Yes,9.0,86
AC002952,2026-01-22,A0008,RM010,Portfolio Review,Opportunistic Real Estate Fund VI,Real Estate,76,Yes,Yes,18.0,85
AC002953,2026-03-29,A0078,RM016,Follow-up Call,Value-Add Real Estate Fund IV,Real Estate,71,Yes,Yes,11.0,28
AC002954,2025-09-12,A0299,RM006,Follow-up Call,Opportunistic Credit Fund II,Private Credit,75,No,No,,23
AC002955,2025-08-14,A0343,RM004,Webinar,Opportunistic Real Estate Fund VI,Real Estate,76,Yes,No,18.0,53
AC002956,2025-06-16,A0359,RM013,Webinar,Growth Equity Partners III,Private Equity,43,Yes,No,8.0,46
AC002957,2025-06-23,A0151,RM003,Portfolio Review,Opportunistic Credit Fund II,Private Credit,89,No,No,,72
AC002958,2025-06-17,A0121,RM010,Intro Call,Senior Direct Lending Fund VI,Private Credit,53,No,No,,50
AC002959,2025-09-13,A0400,RM006,Webinar,Real Estate Income Fund II,Real Estate,87,Yes,Yes,15.0,39
AC002960,2026-04-26,A0313,RM013,Portfolio Review,Opportunistic Real Estate Fund VI,Real Estate,79,Yes,Yes,13.0,85
AC002961,2026-01-20,A0213,RM016,Portfolio Review,Direct Lending Income Fund V,Private Credit,70,Yes,Yes,26.0,87
AC002962,2025-11-19,A0096,RM010,Follow-up Call,Real Estate Income Fund II,Real Estate,84,Yes,Yes,29.0,37
AC002963,2025-08-19,A0121,RM010,Webinar,Opportunistic Real Estate Fund VI,Real Estate,54,Yes,No,25.0,41
AC002964,2025-08-13,A0204,RM004,Intro Call,Growth Equity Partners III,Private Equity,42,Yes,No,4.0,34
AC002965,2026-03-16,A0217,RM006,Product Education,Direct Lending Income Fund V,Private Credit,64,Yes,Yes,6.0,27
AC002966,2026-02-21,A0008,RM010,Webinar,Senior Direct Lending Fund VI,Private Credit,56,Yes,No,15.0,39
AC002967,2026-04-01,A0386,RM003,Intro Call,Direct Lending Income Fund V,Private Credit,88,Yes,Yes,23.0,36
AC002968,2025-06-06,A0231,RM003,In-person Meeting,Growth Equity Partners III,Private Equity,54,Yes,Yes,29.0,90
AC002969,2026-01-16,A0236,RM006,In-person Meeting,Global Infrastructure Partners IV,Infrastructure,77,Yes,Yes,14.0,76
AC002970,2025-08-24,A0077,RM005,In-person Meeting,Opportunistic Credit Fund II,Private Credit,62,Yes,Yes,14.0,97
AC002971,2025-11-20,A0310,RM010,Product Education,Real Estate Income Fund II,Real Estate,52,Yes,No,4.0,21
AC002972,2025-07-24,A0299,RM006,Portfolio Review,Core Infrastructure Income Fund III,Infrastructure,78,No,No,,59
AC002973,2025-09-07,A0034,RM014,Product Education,Value-Add Real Estate Fund IV,Real Estate,63,Yes,Yes,4.0,54
AC002974,2025-09-21,A0239,RM003,Product Education,Direct Lending Income Fund V,Private Credit,77,Yes,No,26.0,30
AC002975,2025-12-25,A0266,RM010,Due Diligence Meeting,Global Infrastructure Partners IV,Infrastructure,91,No,No,,71
AC002976,2025-11-09,A0339,RM004,Webinar,Real Estate Income Fund II,Real Estate,38,No,No,,55
AC002977,2025-07-30,A0075,RM001,In-person Meeting,Value-Add Real Estate Fund IV,Real Estate,69,Yes,Yes,27.0,88
AC002978,2025-10-27,A0349,RM014,In-person Meeting,Growth Equity Partners III,Private Equity,92,Yes,Yes,23.0,76
AC002979,2025-05-12,A0184,RM015,In-person Meeting,Real Estate Income Fund II,Real Estate,57,No,No,,80
AC002980,2025-07-29,A0034,RM014,Due Diligence Meeting,Senior Direct Lending Fund VI,Private Credit,74,Yes,Yes,24.0,58
AC002981,2026-02-02,A0036,RM008,Portfolio Review,Global Infrastructure Partners IV,Infrastructure,70,No,No,,79
AC002982,2025-07-29,A0072,RM009,Portfolio Review,Opportunistic Credit Fund II,Private Credit,89,Yes,Yes,24.0,74
AC002983,2025-09-26,A0107,RM004,Follow-up Call,Growth Equity Partners III,Private Equity,65,No,No,,28
AC002984,2025-05-30,A0198,RM014,In-person Meeting,Direct Lending Income Fund V,Private Credit,85,Yes,Yes,28.0,80
AC002985,2026-03-02,A0305,RM007,Follow-up Call,Senior Direct Lending Fund VI,Private Credit,58,Yes,No,20.0,37
AC002986,2025-08-08,A0068,RM004,Portfolio Review,Direct Lending Income Fund V,Private Credit,69,Yes,Yes,18.0,93
AC002987,2026-04-13,A0399,RM006,Webinar,Global Infrastructure Partners IV,Infrastructure,39,Yes,No,28.0,49
AC002988,2026-04-12,A0059,RM002,Portfolio Review,Real Estate Income Fund II,Real Estate,51,Yes,Yes,22.0,88
AC002989,2026-01-04,A0239,RM003,Webinar,Opportunistic Real Estate Fund VI,Real Estate,51,No,No,,66
AC002990,2025-07-20,A0372,RM002,Intro Call,Direct Lending Income Fund V,Private Credit,53,Yes,Yes,5.0,49
AC002991,2025-09-29,A0337,RM002,Product Education,Core Infrastructure Income Fund III,Infrastructure,85,Yes,No,28.0,40
AC002992,2026-04-14,A0261,RM005,Webinar,Private Equity Buyout Fund VII,Private Equity,61,No,No,,53
AC002993,2025-11-12,A0290,RM015,In-person Meeting,Direct Lending Income Fund V,Private Credit,55,Yes,No,2.0,66
AC002994,2026-02-10,A0048,RM007,Product Education,Opportunistic Credit Fund II,Private Credit,73,No,No,,23
AC002995,2025-09-30,A0006,RM012,Follow-up Call,Opportunistic Real Estate Fund VI,Real Estate,86,Yes,Yes,19.0,18
AC002996,2025-05-19,A0174,RM016,Webinar,Senior Direct Lending Fund VI,Private Credit,55,No,No,,58
AC002997,2025-07-29,A0033,RM009,Follow-up Call,Senior Direct Lending Fund VI,Private Credit,69,Yes,Yes,16.0,12
AC002998,2025-09-10,A0140,RM007,Follow-up Call,Core Infrastructure Income Fund III,Infrastructure,47,No,No,,40
AC002999,2026-04-28,A0084,RM012,Webinar,Direct Lending Income Fund V,Private Credit,34,No,No,,49
AC003000,2025-10-30,A0367,RM002,Follow-up Call,Value-Add Real Estate Fund IV,Real Estate,72,Yes,Yes,26.0,44
AC003001,2025-08-13,A0349,RM014,Webinar,Opportunistic Real Estate Fund VI,Real Estate,84,No,No,,64
AC003002,2026-02-22,A0333,RM006,Product Education,Private Equity Buyout Fund VII,Private Equity,43,Yes,Yes,3.0,39
AC003003,2025-09-26,A0289,RM008,Webinar,Real Estate Income Fund II,Real Estate,73,No,No,,45
AC003004,2025-06-05,A0054,RM003,Webinar,Global Infrastructure Partners IV,Infrastructure,51,No,No,,45
AC003005,2026-01-24,A0022,RM003,Follow-up Call,Opportunistic Credit Fund II,Private Credit,68,Yes,Yes,14.0,33
AC003006,2026-03-27,A0264,RM003,Follow-up Call,Growth Equity Partners III,Private Equity,55,No,No,,47
AC003007,2025-08-29,A0259,RM007,In-person Meeting,Opportunistic Real Estate Fund VI,Real Estate,86,Yes,Yes,22.0,19
AC003008,2025-10-16,A0143,RM009,Due Diligence Meeting,Senior Direct Lending Fund VI,Private Credit,75,Yes,Yes,15.0,117
AC003009,2025-05-29,A0188,RM004,Webinar,Opportunistic Real Estate Fund VI,Real Estate,66,Yes,No,23.0,39
AC003010,2025-11-17,A0196,RM009,Webinar,Senior Direct Lending Fund VI,Private Credit,68,Yes,Yes,4.0,62
AC003011,2025-12-20,A0092,RM009,Intro Call,Private Equity Buyout Fund VII,Private Equity,55,Yes,Yes,11.0,33
AC003012,2026-03-12,A0119,RM007,Product Education,Global Infrastructure Partners IV,Infrastructure,85,Yes,Yes,8.0,40
AC003013,2025-05-27,A0167,RM008,In-person Meeting,Senior Direct Lending Fund VI,Private Credit,70,No,No,,74
AC003014,2025-10-25,A0241,RM014,Product Education,Value-Add Real Estate Fund IV,Real Estate,36,No,No,,36
AC003015,2026-01-08,A0383,RM010,Due Diligence Meeting,Growth Equity Partners III,Private Equity,62,No,No,,87
AC003016,2026-01-29,A0213,RM016,In-person Meeting,Direct Lending Income Fund V,Private Credit,80,No,No,,71
AC003017,2025-09-25,A0297,RM006,In-person Meeting,Direct Lending Income Fund V,Private Credit,91,Yes,Yes,8.0,97
AC003018,2025-11-18,A0326,RM014,Portfolio Review,Direct Lending Income Fund V,Private Credit,59,Yes,Yes,14.0,72
AC003019,2025-11-18,A0040,RM001,Due Diligence Meeting,Value-Add Real Estate Fund IV,Real Estate,93,No,No,,95
AC003020,2025-06-04,A0263,RM014,Intro Call,Core Infrastructure Income Fund III,Infrastructure,42,No,No,,33
AC003021,2025-07-02,A0192,RM004,Follow-up Call,Global Infrastructure Partners IV,Infrastructure,89,No,No,,47
AC003022,2025-10-03,A0229,RM002,Webinar,Private Equity Buyout Fund VII,Private Equity,51,Yes,Yes,24.0,30
AC003023,2025-11-09,A0019,RM006,Intro Call,Growth Equity Partners III,Private Equity,40,No,No,,37
AC003024,2025-11-08,A0362,RM014,Follow-up Call,Core Infrastructure Income Fund III,Infrastructure,57,Yes,No,15.0,42
AC003025,2025-08-17,A0382,RM010,Follow-up Call,Direct Lending Income Fund V,Private Credit,80,No,No,,58
AC003026,2026-01-01,A0003,RM001,Webinar,Private Equity Buyout Fund VII,Private Equity,42,No,No,,58
AC003027,2025-10-10,A0078,RM016,Follow-up Call,Direct Lending Income Fund V,Private Credit,67,Yes,Yes,24.0,32
AC003028,2025-05-29,A0064,RM011,Intro Call,Direct Lending Income Fund V,Private Credit,68,Yes,Yes,14.0,37
AC003029,2026-01-25,A0319,RM014,Intro Call,Global Infrastructure Partners IV,Infrastructure,83,No,No,,33
AC003030,2025-07-05,A0239,RM003,Follow-up Call,Direct Lending Income Fund V,Private Credit,68,Yes,No,29.0,27
AC003031,2025-11-16,A0063,RM016,Webinar,Opportunistic Credit Fund II,Private Credit,50,Yes,Yes,22.0,40
AC003032,2025-09-17,A0331,RM013,Intro Call,Senior Direct Lending Fund VI,Private Credit,41,Yes,No,5.0,27
AC003033,2026-03-05,A0137,RM008,Product Education,Real Estate Income Fund II,Real Estate,61,No,No,,46
AC003034,2025-11-29,A0183,RM014,Webinar,Senior Direct Lending Fund VI,Private Credit,57,Yes,Yes,17.0,54
AC003035,2026-01-06,A0150,RM006,Follow-up Call,Core Infrastructure Income Fund III,Infrastructure,58,Yes,No,7.0,48
AC003036,2025-12-16,A0205,RM014,Follow-up Call,Growth Equity Partners III,Private Equity,32,No,No,,19
AC003037,2026-01-15,A0192,RM004,In-person Meeting,Opportunistic Credit Fund II,Private Credit,90,No,No,,72
AC003038,2025-10-28,A0103,RM005,Follow-up Call,Opportunistic Real Estate Fund VI,Real Estate,45,No,No,,34
AC003039,2025-05-28,A0171,RM016,Follow-up Call,Opportunistic Credit Fund II,Private Credit,71,No,No,,34
AC003040,2026-04-19,A0363,RM012,Intro Call,Opportunistic Real Estate Fund VI,Real Estate,53,No,No,,39
AC003041,2025-12-18,A0200,RM007,Product Education,Growth Equity Partners III,Private Equity,86,Yes,No,25.0,55
AC003042,2026-04-17,A0367,RM002,Follow-up Call,Global Infrastructure Partners IV,Infrastructure,67,No,No,,30
AC003043,2026-04-27,A0220,RM015,Webinar,Core Infrastructure Income Fund III,Infrastructure,79,No,No,,45
AC003044,2026-01-11,A0312,RM009,Follow-up Call,Private Equity Buyout Fund VII,Private Equity,66,Yes,Yes,2.0,10
AC003045,2026-03-25,A0110,RM003,Intro Call,Global Infrastructure Partners IV,Infrastructure,24,No,No,,44
AC003046,2025-08-14,A0323,RM016,Follow-up Call,Private Equity Buyout Fund VII,Private Equity,71,No,No,,42
AC003047,2025-05-20,A0099,RM001,Intro Call,Global Infrastructure Partners IV,Infrastructure,68,Yes,Yes,3.0,40
AC003048,2025-05-27,A0009,RM010,Intro Call,Global Infrastructure Partners IV,Infrastructure,49,No,No,,28
AC003049,2025-05-08,A0059,RM002,Follow-up Call,Senior Direct Lending Fund VI,Private Credit,42,No,No,,28
AC003050,2026-02-02,A0012,RM012,Webinar,Growth Equity Partners III,Private Equity,67,Yes,Yes,26.0,41
AC003051,2026-01-16,A0381,RM004,Portfolio Review,Direct Lending Income Fund V,Private Credit,60,No,No,,38
AC003052,2025-12-02,A0400,RM006,In-person Meeting,Core Infrastructure Income Fund III,Infrastructure,94,Yes,Yes,8.0,92
AC003053,2025-12-18,A0310,RM010,Portfolio Review,Private Equity Buyout Fund VII,Private Equity,46,No,No,,92
AC003054,2026-01-25,A0037,RM013,Follow-up Call,Opportunistic Real Estate Fund VI,Real Estate,74,Yes,Yes,9.0,23
AC003055,2025-08-20,A0359,RM013,Follow-up Call,Growth Equity Partners III,Private Equity,48,Yes,Yes,15.0,39
AC003056,2026-04-05,A0302,RM001,In-person Meeting,Global Infrastructure Partners IV,Infrastructure,58,No,No,,58
AC003057,2025-11-16,A0127,RM014,Portfolio Review,Global Infrastructure Partners IV,Infrastructure,81,No,No,,92
AC003058,2025-06-01,A0200,RM007,In-person Meeting,Opportunistic Real Estate Fund VI,Real Estate,70,Yes,Yes,17.0,124
AC003059,2025-06-15,A0270,RM012,Webinar,Core Infrastructure Income Fund III,Infrastructure,49,Yes,Yes,24.0,64
AC003060,2025-09-08,A0013,RM011,Due Diligence Meeting,Opportunistic Real Estate Fund VI,Real Estate,74,Yes,Yes,2.0,76
AC003061,2025-05-13,A0200,RM007,Webinar,Core Infrastructure Income Fund III,Infrastructure,64,Yes,No,20.0,28
AC003062,2025-05-28,A0297,RM006,Follow-up Call,Global Infrastructure Partners IV,Infrastructure,79,Yes,Yes,10.0,46
AC003063,2025-08-17,A0069,RM016,Follow-up Call,Opportunistic Real Estate Fund VI,Real Estate,83,No,No,,37
AC003064,2025-08-28,A0178,RM004,Intro Call,Global Infrastructure Partners IV,Infrastructure,83,Yes,No,9.0,53
AC003065,2025-09-16,A0211,RM006,Due Diligence Meeting,Value-Add Real Estate Fund IV,Real Estate,92,No,No,,92
AC003066,2026-03-24,A0299,RM006,Product Education,Opportunistic Real Estate Fund VI,Real Estate,74,No,No,,39
AC003067,2026-02-13,A0388,RM012,Portfolio Review,Senior Direct Lending Fund VI,Private Credit,82,No,No,,86
AC003068,2026-01-07,A0341,RM002,In-person Meeting,Growth Equity Partners III,Private Equity,67,Yes,Yes,21.0,97
AC003069,2025-11-16,A0249,RM001,Product Education,Growth Equity Partners III,Private Equity,80,Yes,Yes,27.0,46
AC003070,2025-08-22,A0233,RM004,Webinar,Growth Equity Partners III,Private Equity,50,No,No,,44
AC003071,2025-08-11,A0241,RM014,Webinar,Value-Add Real Estate Fund IV,Real Estate,31,Yes,Yes,14.0,53
AC003072,2025-11-22,A0219,RM011,Intro Call,Real Estate Income Fund II,Real Estate,43,No,No,,10
AC003073,2026-04-20,A0026,RM011,Portfolio Review,Global Infrastructure Partners IV,Infrastructure,52,Yes,Yes,20.0,72
AC003074,2026-03-22,A0283,RM010,Product Education,Private Equity Buyout Fund VII,Private Equity,75,Yes,Yes,28.0,34
AC003075,2025-11-14,A0291,RM003,Portfolio Review,Real Estate Income Fund II,Real Estate,60,Yes,Yes,24.0,65
AC003076,2026-04-15,A0203,RM006,Portfolio Review,Private Equity Buyout Fund VII,Private Equity,69,No,No,,55
AC003077,2025-12-19,A0345,RM016,In-person Meeting,Private Equity Buyout Fund VII,Private Equity,73,Yes,Yes,29.0,84
AC003078,2026-03-07,A0273,RM012,Webinar,Private Equity Buyout Fund VII,Private Equity,76,Yes,No,7.0,47
AC003079,2026-03-02,A0142,RM013,Follow-up Call,Direct Lending Income Fund V,Private Credit,62,Yes,Yes,16.0,30
AC003080,2026-01-10,A0010,RM007,In-person Meeting,Opportunistic Real Estate Fund VI,Real Estate,72,Yes,Yes,16.0,28
AC003081,2025-09-15,A0026,RM011,In-person Meeting,Growth Equity Partners III,Private Equity,63,Yes,Yes,7.0,89
AC003082,2025-10-08,A0137,RM008,Portfolio Review,Opportunistic Credit Fund II,Private Credit,42,No,No,,75
AC003083,2026-02-19,A0185,RM004,Follow-up Call,Core Infrastructure Income Fund III,Infrastructure,65,No,No,,29
AC003084,2025-11-11,A0061,RM006,Follow-up Call,Global Infrastructure Partners IV,Infrastructure,60,No,No,,33
AC003085,2025-06-19,A0069,RM016,Intro Call,Core Infrastructure Income Fund III,Infrastructure,62,Yes,Yes,2.0,31
AC003086,2025-07-08,A0088,RM014,Intro Call,Private Equity Buyout Fund VII,Private Equity,45,No,No,,36
AC003087,2026-02-24,A0319,RM014,Due Diligence Meeting,Opportunistic Credit Fund II,Private Credit,100,Yes,Yes,3.0,58
AC003088,2025-11-11,A0314,RM016,In-person Meeting,Opportunistic Real Estate Fund VI,Real Estate,56,Yes,Yes,15.0,78
AC003089,2025-10-04,A0150,RM006,In-person Meeting,Opportunistic Credit Fund II,Private Credit,79,No,No,,67
AC003090,2025-09-11,A0062,RM016,Webinar,Real Estate Income Fund II,Real Estate,65,Yes,Yes,27.0,55
AC003091,2025-09-13,A0039,RM001,Product Education,Opportunistic Credit Fund II,Private Credit,91,Yes,Yes,10.0,20
AC003092,2025-12-05,A0032,RM001,Webinar,Growth Equity Partners III,Private Equity,74,Yes,Yes,10.0,47
AC003093,2025-07-18,A0152,RM015,Product Education,Private Equity Buyout Fund VII,Private Equity,76,Yes,Yes,24.0,34
AC003094,2025-09-16,A0021,RM010,Follow-up Call,Global Infrastructure Partners IV,Infrastructure,57,No,No,,35
AC003095,2026-04-13,A0127,RM014,Webinar,Core Infrastructure Income Fund III,Infrastructure,68,No,No,,53
AC003096,2025-05-07,A0386,RM003,Follow-up Call,Private Equity Buyout Fund VII,Private Equity,78,Yes,No,20.0,46
AC003097,2026-03-11,A0201,RM008,Due Diligence Meeting,Opportunistic Credit Fund II,Private Credit,100,No,No,,56
AC003098,2026-04-03,A0333,RM006,In-person Meeting,Private Equity Buyout Fund VII,Private Equity,69,Yes,Yes,3.0,74
AC003099,2026-01-09,A0046,RM009,Portfolio Review,Global Infrastructure Partners IV,Infrastructure,78,Yes,Yes,8.0,65
AC003100,2025-12-01,A0102,RM002,Follow-up Call,Senior Direct Lending Fund VI,Private Credit,61,Yes,No,23.0,33
AC003101,2025-09-20,A0380,RM003,Intro Call,Value-Add Real Estate Fund IV,Real Estate,56,Yes,No,25.0,40
AC003102,2025-05-21,A0150,RM006,Follow-up Call,Real Estate Income Fund II,Real Estate,70,Yes,Yes,15.0,17
AC003103,2025-12-26,A0261,RM005,Follow-up Call,Growth Equity Partners III,Private Equity,49,No,No,,29
AC003104,2025-12-21,A0393,RM013,Intro Call,Senior Direct Lending Fund VI,Private Credit,50,Yes,No,8.0,42
AC003105,2025-12-02,A0221,RM001,Webinar,Core Infrastructure Income Fund III,Infrastructure,45,Yes,Yes,21.0,40
AC003106,2026-02-21,A0116,RM005,Follow-up Call,Senior Direct Lending Fund VI,Private Credit,75,Yes,Yes,22.0,21
AC003107,2026-01-30,A0211,RM006,Due Diligence Meeting,Direct Lending Income Fund V,Private Credit,100,Yes,No,24.0,33
AC003108,2025-07-18,A0024,RM008,Follow-up Call,Opportunistic Credit Fund II,Private Credit,41,Yes,No,8.0,33
AC003109,2026-03-17,A0040,RM001,In-person Meeting,Growth Equity Partners III,Private Equity,89,Yes,Yes,21.0,68
AC003110,2025-08-26,A0005,RM006,Follow-up Call,Opportunistic Real Estate Fund VI,Real Estate,47,No,No,,45
AC003111,2025-11-27,A0350,RM007,Follow-up Call,Senior Direct Lending Fund VI,Private Credit,48,No,No,,36
AC003112,2025-09-20,A0273,RM012,Follow-up Call,Growth Equity Partners III,Private Equity,59,Yes,Yes,24.0,31
AC003113,2026-01-17,A0113,RM003,Follow-up Call,Growth Equity Partners III,Private Equity,62,Yes,Yes,19.0,29
AC003114,2026-03-02,A0082,RM003,Follow-up Call,Direct Lending Income Fund V,Private Credit,62,Yes,Yes,29.0,51
AC003115,2026-03-19,A0276,RM005,Portfolio Review,Opportunistic Real Estate Fund VI,Real Estate,92,Yes,Yes,12.0,66
AC003116,2025-05-26,A0369,RM011,Follow-up Call,Value-Add Real Estate Fund IV,Real Estate,70,No,No,,35
AC003117,2025-08-26,A0113,RM003,Follow-up Call,Core Infrastructure Income Fund III,Infrastructure,78,Yes,Yes,3.0,29
AC003118,2025-11-13,A0121,RM010,Follow-up Call,Core Infrastructure Income Fund III,Infrastructure,69,No,No,,26
AC003119,2025-12-27,A0343,RM004,Product Education,Opportunistic Real Estate Fund VI,Real Estate,81,Yes,Yes,5.0,28
AC003120,2026-03-12,A0356,RM002,Webinar,Growth Equity Partners III,Private Equity,62,Yes,No,29.0,37
AC003121,2026-03-08,A0367,RM002,Follow-up Call,Growth Equity Partners III,Private Equity,54,No,No,,22
AC003122,2025-12-10,A0110,RM003,Due Diligence Meeting,Private Equity Buyout Fund VII,Private Equity,71,Yes,Yes,25.0,91
AC003123,2026-02-25,A0044,RM005,Webinar,Core Infrastructure Income Fund III,Infrastructure,44,No,No,,56
AC003124,2025-06-27,A0175,RM007,Webinar,Senior Direct Lending Fund VI,Private Credit,55,No,No,,28
AC003125,2026-04-08,A0112,RM013,Follow-up Call,Core Infrastructure Income Fund III,Infrastructure,69,Yes,No,17.0,52
AC003126,2025-05-05,A0350,RM007,In-person Meeting,Growth Equity Partners III,Private Equity,78,Yes,Yes,3.0,74
AC003127,2026-03-04,A0018,RM007,In-person Meeting,Value-Add Real Estate Fund IV,Real Estate,84,No,No,,92
AC003128,2025-06-12,A0256,RM015,Product Education,Senior Direct Lending Fund VI,Private Credit,57,No,No,,26
AC003129,2025-06-26,A0362,RM014,Product Education,Direct Lending Income Fund V,Private Credit,63,Yes,Yes,16.0,29
AC003130,2025-11-02,A0395,RM002,Follow-up Call,Global Infrastructure Partners IV,Infrastructure,31,No,No,,46
AC003131,2025-11-09,A0261,RM005,Follow-up Call,Value-Add Real Estate Fund IV,Real Estate,44,No,No,,31
AC003132,2025-09-05,A0382,RM010,Follow-up Call,Direct Lending Income Fund V,Private Credit,73,Yes,Yes,29.0,33
AC003133,2025-07-17,A0030,RM009,Webinar,Senior Direct Lending Fund VI,Private Credit,85,No,No,,42
AC003134,2025-09-29,A0141,RM003,Intro Call,Real Estate Income Fund II,Real Estate,36,No,No,,40
AC003135,2025-11-26,A0006,RM012,Follow-up Call,Real Estate Income Fund II,Real Estate,84,No,No,,43
AC003136,2025-06-04,A0396,RM016,In-person Meeting,Private Equity Buyout Fund VII,Private Equity,62,No,No,,116
AC003137,2026-01-24,A0362,RM014,Due Diligence Meeting,Direct Lending Income Fund V,Private Credit,79,Yes,Yes,7.0,43
AC003138,2026-03-28,A0015,RM005,In-person Meeting,Core Infrastructure Income Fund III,Infrastructure,63,No,No,,71
AC003139,2026-01-03,A0009,RM010,Product Education,Senior Direct Lending Fund VI,Private Credit,58,Yes,Yes,5.0,38
AC003140,2025-11-27,A0143,RM009,In-person Meeting,Senior Direct Lending Fund VI,Private Credit,70,No,No,,85
AC003141,2025-09-12,A0097,RM009,Intro Call,Private Equity Buyout Fund VII,Private Equity,55,Yes,No,29.0,47
AC003142,2025-12-16,A0341,RM002,Product Education,Global Infrastructure Partners IV,Infrastructure,87,Yes,Yes,24.0,27
AC003143,2026-01-28,A0058,RM007,Webinar,Core Infrastructure Income Fund III,Infrastructure,56,Yes,Yes,25.0,56
AC003144,2025-12-17,A0323,RM016,Follow-up Call,Opportunistic Real Estate Fund VI,Real Estate,67,Yes,No,5.0,48
AC003145,2025-10-25,A0222,RM010,Intro Call,Direct Lending Income Fund V,Private Credit,61,Yes,No,18.0,36
AC003146,2025-09-06,A0146,RM016,Webinar,Value-Add Real Estate Fund IV,Real Estate,59,No,No,,49
AC003147,2025-10-16,A0052,RM006,Intro Call,Core Infrastructure Income Fund III,Infrastructure,54,No,No,,42
AC003148,2025-09-03,A0400,RM006,Follow-up Call,Senior Direct Lending Fund VI,Private Credit,69,No,No,,29
AC003149,2026-04-07,A0249,RM001,In-person Meeting,Opportunistic Credit Fund II,Private Credit,90,Yes,Yes,21.0,52
AC003150,2025-12-06,A0175,RM007,Portfolio Review,Direct Lending Income Fund V,Private Credit,52,Yes,Yes,24.0,69
AC003151,2025-06-07,A0144,RM007,Follow-up Call,Direct Lending Income Fund V,Private Credit,64,No,No,,31
AC003152,2026-01-21,A0362,RM014,Portfolio Review,Global Infrastructure Partners IV,Infrastructure,72,Yes,Yes,7.0,31
AC003153,2026-01-08,A0333,RM006,Intro Call,Global Infrastructure Partners IV,Infrastructure,45,Yes,No,21.0,48
AC003154,2025-05-25,A0327,RM004,Follow-up Call,Core Infrastructure Income Fund III,Infrastructure,56,No,No,,52
AC003155,2025-08-11,A0249,RM001,Follow-up Call,Value-Add Real Estate Fund IV,Real Estate,72,Yes,Yes,8.0,27
AC003156,2025-10-07,A0352,RM002,Follow-up Call,Senior Direct Lending Fund VI,Private Credit,67,Yes,Yes,5.0,43
AC003157,2025-09-03,A0113,RM003,Follow-up Call,Global Infrastructure Partners IV,Infrastructure,74,No,No,,35
AC003158,2025-07-03,A0285,RM011,Follow-up Call,Value-Add Real Estate Fund IV,Real Estate,68,No,No,,51
AC003159,2025-10-02,A0158,RM007,Follow-up Call,Direct Lending Income Fund V,Private Credit,60,Yes,Yes,2.0,44
AC003160,2025-12-20,A0239,RM003,Webinar,Growth Equity Partners III,Private Equity,65,No,No,,64
AC003161,2025-11-29,A0400,RM006,Intro Call,Opportunistic Real Estate Fund VI,Real Estate,90,No,No,,28
AC003162,2025-05-22,A0397,RM013,Intro Call,Global Infrastructure Partners IV,Infrastructure,58,No,No,,25
AC003163,2026-02-25,A0203,RM006,Product Education,Growth Equity Partners III,Private Equity,60,Yes,No,10.0,28
AC003164,2025-05-08,A0231,RM003,Follow-up Call,Global Infrastructure Partners IV,Infrastructure,68,Yes,No,3.0,39
AC003165,2025-10-04,A0358,RM012,Follow-up Call,Opportunistic Credit Fund II,Private Credit,66,Yes,No,26.0,39
AC003166,2026-01-11,A0398,RM007,Intro Call,Core Infrastructure Income Fund III,Infrastructure,71,Yes,No,4.0,27
AC003167,2026-03-25,A0317,RM011,Due Diligence Meeting,Real Estate Income Fund II,Real Estate,89,Yes,Yes,24.0,50
AC003168,2026-02-12,A0026,RM011,Webinar,Senior Direct Lending Fund VI,Private Credit,35,No,No,,46
AC003169,2026-02-13,A0122,RM006,In-person Meeting,Private Equity Buyout Fund VII,Private Equity,91,Yes,No,27.0,74
AC003170,2025-08-12,A0358,RM012,Follow-up Call,Opportunistic Real Estate Fund VI,Real Estate,78,No,No,,43
AC003171,2025-05-30,A0311,RM004,Product Education,Senior Direct Lending Fund VI,Private Credit,90,No,No,,14
AC003172,2025-08-12,A0302,RM001,Due Diligence Meeting,Value-Add Real Estate Fund IV,Real Estate,78,Yes,Yes,2.0,89
AC003173,2026-01-08,A0272,RM012,Product Education,Global Infrastructure Partners IV,Infrastructure,58,Yes,Yes,9.0,36
AC003174,2025-06-01,A0165,RM011,Product Education,Opportunistic Real Estate Fund VI,Real Estate,78,Yes,Yes,9.0,29
AC003175,2026-01-30,A0157,RM016,Webinar,Direct Lending Income Fund V,Private Credit,76,Yes,No,29.0,48
AC003176,2025-06-11,A0327,RM004,Product Education,Senior Direct Lending Fund VI,Private Credit,67,Yes,Yes,16.0,36
AC003177,2025-10-27,A0110,RM003,In-person Meeting,Senior Direct Lending Fund VI,Private Credit,40,Yes,Yes,13.0,48
AC003178,2026-04-04,A0278,RM011,Follow-up Call,Opportunistic Credit Fund II,Private Credit,73,Yes,Yes,21.0,34
AC003179,2026-01-11,A0295,RM009,Webinar,Opportunistic Real Estate Fund VI,Real Estate,50,Yes,Yes,10.0,58
AC003180,2025-09-10,A0341,RM002,Due Diligence Meeting,Direct Lending Income Fund V,Private Credit,77,Yes,Yes,5.0,82
AC003181,2025-05-11,A0121,RM010,Due Diligence Meeting,Opportunistic Credit Fund II,Private Credit,92,No,No,,74
AC003182,2025-08-21,A0301,RM012,Intro Call,Direct Lending Income Fund V,Private Credit,58,Yes,Yes,5.0,48
AC003183,2026-02-26,A0036,RM008,Follow-up Call,Direct Lending Income Fund V,Private Credit,74,No,No,,28
AC003184,2025-11-16,A0049,RM011,In-person Meeting,Senior Direct Lending Fund VI,Private Credit,74,Yes,Yes,2.0,110
AC003185,2025-11-04,A0166,RM013,Follow-up Call,Real Estate Income Fund II,Real Estate,73,Yes,No,9.0,38
AC003186,2025-12-09,A0024,RM008,Follow-up Call,Opportunistic Real Estate Fund VI,Real Estate,42,Yes,Yes,28.0,19
AC003187,2025-12-25,A0381,RM004,Webinar,Private Equity Buyout Fund VII,Private Equity,34,No,No,,56
AC003188,2025-10-19,A0361,RM001,Product Education,Real Estate Income Fund II,Real Estate,79,Yes,Yes,13.0,50
AC003189,2025-07-04,A0023,RM001,In-person Meeting,Global Infrastructure Partners IV,Infrastructure,86,Yes,Yes,10.0,51
AC003190,2025-09-20,A0340,RM016,Follow-up Call,Value-Add Real Estate Fund IV,Real Estate,48,Yes,Yes,7.0,37
AC003191,2025-06-03,A0202,RM002,Due Diligence Meeting,Global Infrastructure Partners IV,Infrastructure,91,No,No,,76
AC003192,2025-05-11,A0285,RM011,Due Diligence Meeting,Core Infrastructure Income Fund III,Infrastructure,72,No,No,,67
AC003193,2025-09-30,A0352,RM002,Webinar,Direct Lending Income Fund V,Private Credit,91,Yes,Yes,20.0,49
AC003194,2026-02-23,A0232,RM012,Webinar,Core Infrastructure Income Fund III,Infrastructure,38,Yes,Yes,29.0,48
AC003195,2025-05-12,A0041,RM008,Webinar,Opportunistic Credit Fund II,Private Credit,63,Yes,Yes,26.0,64
AC003196,2025-05-23,A0001,RM006,In-person Meeting,Value-Add Real Estate Fund IV,Real Estate,62,Yes,No,27.0,90
AC003197,2026-04-06,A0198,RM014,Webinar,Global Infrastructure Partners IV,Infrastructure,66,Yes,Yes,4.0,62
AC003198,2025-09-18,A0382,RM010,Follow-up Call,Global Infrastructure Partners IV,Infrastructure,74,Yes,Yes,16.0,24
AC003199,2025-09-29,A0230,RM001,In-person Meeting,Senior Direct Lending Fund VI,Private Credit,67,No,No,,84
AC003200,2026-02-23,A0145,RM006,Due Diligence Meeting,Core Infrastructure Income Fund III,Infrastructure,65,No,No,,61
AC003201,2025-08-25,A0017,RM002,Product Education,Core Infrastructure Income Fund III,Infrastructure,59,No,No,,36
AC003202,2026-02-26,A0367,RM002,Intro Call,Real Estate Income Fund II,Real Estate,65,Yes,Yes,7.0,59
AC003203,2025-12-14,A0124,RM007,Intro Call,Senior Direct Lending Fund VI,Private Credit,80,Yes,Yes,13.0,35
AC003204,2025-09-03,A0285,RM011,Portfolio Review,Global Infrastructure Partners IV,Infrastructure,96,Yes,No,26.0,84
AC003205,2026-03-24,A0281,RM009,Portfolio Review,Global Infrastructure Partners IV,Infrastructure,55,Yes,Yes,5.0,66
AC003206,2025-12-25,A0096,RM010,Intro Call,Growth Equity Partners III,Private Equity,75,Yes,No,14.0,42
AC003207,2025-06-25,A0026,RM011,Intro Call,Opportunistic Real Estate Fund VI,Real Estate,66,No,No,,59
AC003208,2025-05-13,A0150,RM006,Webinar,Opportunistic Real Estate Fund VI,Real Estate,56,Yes,Yes,8.0,43
AC003209,2026-01-01,A0120,RM009,Due Diligence Meeting,Senior Direct Lending Fund VI,Private Credit,82,Yes,Yes,8.0,42
AC003210,2025-05-10,A0285,RM011,Follow-up Call,Opportunistic Real Estate Fund VI,Real Estate,60,No,No,,29
AC003211,2025-08-07,A0333,RM006,In-person Meeting,Private Equity Buyout Fund VII,Private Equity,70,No,No,,59
AC003212,2025-09-20,A0082,RM003,In-person Meeting,Senior Direct Lending Fund VI,Private Credit,74,Yes,Yes,11.0,92
AC003213,2025-11-08,A0210,RM012,Product Education,Global Infrastructure Partners IV,Infrastructure,61,Yes,Yes,16.0,33
AC003214,2025-09-06,A0020,RM014,Webinar,Opportunistic Real Estate Fund VI,Real Estate,61,Yes,Yes,24.0,47
AC003215,2025-10-18,A0078,RM016,Product Education,Value-Add Real Estate Fund IV,Real Estate,89,Yes,No,25.0,21
AC003216,2025-12-30,A0310,RM010,Portfolio Review,Opportunistic Real Estate Fund VI,Real Estate,62,Yes,Yes,16.0,57
AC003217,2025-11-17,A0323,RM016,Product Education,Real Estate Income Fund II,Real Estate,77,Yes,No,3.0,53
AC003218,2026-04-02,A0317,RM011,Webinar,Direct Lending Income Fund V,Private Credit,66,Yes,Yes,27.0,59
AC003219,2025-09-25,A0050,RM015,Webinar,Private Equity Buyout Fund VII,Private Equity,50,Yes,Yes,4.0,63
AC003220,2025-10-29,A0221,RM001,Follow-up Call,Senior Direct Lending Fund VI,Private Credit,60,Yes,Yes,11.0,17
AC003221,2026-04-01,A0170,RM012,In-person Meeting,Growth Equity Partners III,Private Equity,83,Yes,Yes,24.0,83
AC003222,2025-07-17,A0399,RM006,In-person Meeting,Opportunistic Real Estate Fund VI,Real Estate,58,Yes,Yes,3.0,81
AC003223,2025-10-03,A0264,RM003,Follow-up Call,Growth Equity Partners III,Private Equity,50,Yes,Yes,24.0,38
AC003224,2025-06-05,A0374,RM009,Intro Call,Direct Lending Income Fund V,Private Credit,62,Yes,Yes,11.0,44
AC003225,2025-11-11,A0052,RM006,In-person Meeting,Opportunistic Credit Fund II,Private Credit,89,Yes,No,7.0,59
AC003226,2025-05-20,A0182,RM013,Due Diligence Meeting,Opportunistic Credit Fund II,Private Credit,56,Yes,No,7.0,47
AC003227,2026-04-10,A0314,RM016,Intro Call,Core Infrastructure Income Fund III,Infrastructure,33,No,No,,34
AC003228,2025-07-23,A0143,RM009,In-person Meeting,Direct Lending Income Fund V,Private Credit,96,Yes,Yes,28.0,57
AC003229,2026-02-10,A0256,RM015,Portfolio Review,Value-Add Real Estate Fund IV,Real Estate,64,No,No,,63
AC003230,2025-11-15,A0203,RM006,Webinar,Growth Equity Partners III,Private Equity,52,No,No,,54
AC003231,2025-10-25,A0399,RM006,Portfolio Review,Real Estate Income Fund II,Real Estate,48,No,No,,58
AC003232,2025-10-09,A0062,RM016,Follow-up Call,Value-Add Real Estate Fund IV,Real Estate,85,No,No,,51
AC003233,2026-03-29,A0374,RM009,Product Education,Direct Lending Income Fund V,Private Credit,61,Yes,Yes,22.0,58
AC003234,2025-12-15,A0157,RM016,Intro Call,Growth Equity Partners III,Private Equity,71,No,No,,27
AC003235,2025-06-08,A0186,RM006,Webinar,Real Estate Income Fund II,Real Estate,62,No,No,,49
AC003236,2025-08-27,A0210,RM012,Portfolio Review,Opportunistic Real Estate Fund VI,Real Estate,38,No,No,,78
AC003237,2025-11-05,A0100,RM006,Follow-up Call,Senior Direct Lending Fund VI,Private Credit,64,Yes,Yes,14.0,20
AC003238,2026-03-19,A0387,RM006,Due Diligence Meeting,Senior Direct Lending Fund VI,Private Credit,72,No,No,,103
AC003239,2025-10-16,A0365,RM011,In-person Meeting,Value-Add Real Estate Fund IV,Real Estate,80,Yes,Yes,2.0,58
AC003240,2026-02-03,A0391,RM012,Intro Call,Real Estate Income Fund II,Real Estate,43,No,No,,22
AC003241,2025-11-18,A0400,RM006,Follow-up Call,Opportunistic Credit Fund II,Private Credit,85,Yes,Yes,19.0,42
AC003242,2025-12-19,A0273,RM012,Product Education,Opportunistic Real Estate Fund VI,Real Estate,74,Yes,Yes,28.0,39
AC003243,2025-09-04,A0182,RM013,Follow-up Call,Opportunistic Credit Fund II,Private Credit,36,Yes,Yes,12.0,34
AC003244,2025-09-21,A0342,RM003,Portfolio Review,Opportunistic Real Estate Fund VI,Real Estate,64,Yes,Yes,9.0,69
AC003245,2025-06-28,A0013,RM011,Follow-up Call,Core Infrastructure Income Fund III,Infrastructure,35,No,No,,32
AC003246,2026-04-25,A0338,RM007,Product Education,Opportunistic Credit Fund II,Private Credit,57,No,No,,24
AC003247,2026-03-10,A0198,RM014,Follow-up Call,Private Equity Buyout Fund VII,Private Equity,62,Yes,Yes,27.0,20
AC003248,2026-03-31,A0274,RM001,In-person Meeting,Growth Equity Partners III,Private Equity,58,Yes,Yes,16.0,96
AC003249,2025-05-31,A0146,RM016,Intro Call,Global Infrastructure Partners IV,Infrastructure,72,Yes,Yes,22.0,10
AC003250,2025-07-31,A0143,RM009,Follow-up Call,Private Equity Buyout Fund VII,Private Equity,70,Yes,Yes,28.0,47
AC003251,2025-12-17,A0017,RM002,Due Diligence Meeting,Growth Equity Partners III,Private Equity,75,Yes,Yes,19.0,75
AC003252,2026-02-26,A0171,RM016,Follow-up Call,Global Infrastructure Partners IV,Infrastructure,67,Yes,Yes,8.0,37
AC003253,2025-05-05,A0160,RM002,Portfolio Review,Value-Add Real Estate Fund IV,Real Estate,90,Yes,No,9.0,81
AC003254,2025-09-28,A0085,RM002,Due Diligence Meeting,Value-Add Real Estate Fund IV,Real Estate,77,Yes,Yes,14.0,49
AC003255,2025-05-22,A0095,RM003,Intro Call,Senior Direct Lending Fund VI,Private Credit,64,No,No,,29
AC003256,2025-09-30,A0234,RM008,Follow-up Call,Global Infrastructure Partners IV,Infrastructure,70,Yes,Yes,8.0,36
AC003257,2026-03-28,A0121,RM010,Intro Call,Value-Add Real Estate Fund IV,Real Estate,66,Yes,Yes,29.0,21
AC003258,2025-10-10,A0336,RM005,Follow-up Call,Value-Add Real Estate Fund IV,Real Estate,64,Yes,Yes,19.0,37
AC003259,2026-01-20,A0040,RM001,Intro Call,Private Equity Buyout Fund VII,Private Equity,63,No,No,,19
AC003260,2025-08-18,A0232,RM012,Intro Call,Senior Direct Lending Fund VI,Private Credit,44,Yes,Yes,29.0,33
AC003261,2026-04-25,A0058,RM007,Follow-up Call,Core Infrastructure Income Fund III,Infrastructure,53,No,No,,37
AC003262,2025-07-06,A0210,RM012,In-person Meeting,Direct Lending Income Fund V,Private Credit,66,No,No,,58
AC003263,2026-03-23,A0221,RM001,Webinar,Global Infrastructure Partners IV,Infrastructure,55,No,No,,72
AC003264,2025-09-21,A0259,RM007,In-person Meeting,Direct Lending Income Fund V,Private Credit,70,No,No,,112
AC003265,2025-12-18,A0172,RM009,In-person Meeting,Global Infrastructure Partners IV,Infrastructure,62,No,No,,82
AC003266,2025-05-23,A0202,RM002,Product Education,Global Infrastructure Partners IV,Infrastructure,81,Yes,Yes,12.0,39
AC003267,2026-03-14,A0065,RM005,Intro Call,Senior Direct Lending Fund VI,Private Credit,85,Yes,No,5.0,20
AC003268,2025-10-19,A0186,RM006,Intro Call,Direct Lending Income Fund V,Private Credit,50,No,No,,35
AC003269,2025-09-29,A0145,RM006,Portfolio Review,Opportunistic Credit Fund II,Private Credit,62,Yes,Yes,13.0,93
AC003270,2026-02-01,A0271,RM014,Webinar,Core Infrastructure Income Fund III,Infrastructure,49,Yes,No,4.0,66
AC003271,2025-10-22,A0174,RM016,Product Education,Senior Direct Lending Fund VI,Private Credit,68,No,No,,30
AC003272,2025-12-14,A0318,RM005,In-person Meeting,Direct Lending Income Fund V,Private Credit,92,Yes,Yes,19.0,88
AC003273,2025-11-13,A0171,RM016,Portfolio Review,Value-Add Real Estate Fund IV,Real Estate,59,Yes,Yes,15.0,74
AC003274,2026-02-17,A0090,RM014,Follow-up Call,Senior Direct Lending Fund VI,Private Credit,54,No,No,,33
AC003275,2025-09-17,A0103,RM005,Webinar,Senior Direct Lending Fund VI,Private Credit,48,No,No,,56
AC003276,2026-01-01,A0021,RM010,Due Diligence Meeting,Real Estate Income Fund II,Real Estate,86,Yes,Yes,4.0,88
AC003277,2025-07-17,A0215,RM005,Webinar,Growth Equity Partners III,Private Equity,71,Yes,No,4.0,43
AC003278,2025-07-14,A0336,RM005,Intro Call,Value-Add Real Estate Fund IV,Real Estate,60,No,No,,38
AC003279,2025-09-11,A0312,RM009,Intro Call,Real Estate Income Fund II,Real Estate,70,No,No,,40
AC003280,2026-02-12,A0174,RM016,Product Education,Opportunistic Credit Fund II,Private Credit,45,Yes,No,10.0,30
AC003281,2025-09-12,A0071,RM003,Follow-up Call,Opportunistic Real Estate Fund VI,Real Estate,49,No,No,,31
AC003282,2026-03-09,A0343,RM004,Portfolio Review,Real Estate Income Fund II,Real Estate,70,Yes,Yes,18.0,82
AC003283,2026-03-18,A0025,RM011,Follow-up Call,Direct Lending Income Fund V,Private Credit,53,No,No,,33
AC003284,2025-10-06,A0156,RM004,Webinar,Value-Add Real Estate Fund IV,Real Estate,34,Yes,Yes,7.0,56
AC003285,2025-10-22,A0343,RM004,Follow-up Call,Private Equity Buyout Fund VII,Private Equity,68,Yes,Yes,15.0,48
AC003286,2025-08-05,A0154,RM002,In-person Meeting,Opportunistic Credit Fund II,Private Credit,69,Yes,Yes,15.0,55
AC003287,2026-03-25,A0042,RM009,In-person Meeting,Global Infrastructure Partners IV,Infrastructure,63,Yes,Yes,15.0,93
AC003288,2025-05-07,A0100,RM006,Portfolio Review,Value-Add Real Estate Fund IV,Real Estate,77,Yes,Yes,18.0,88
AC003289,2025-08-04,A0239,RM003,Portfolio Review,Opportunistic Credit Fund II,Private Credit,80,Yes,Yes,13.0,83
AC003290,2025-11-18,A0054,RM003,Webinar,Global Infrastructure Partners IV,Infrastructure,69,Yes,Yes,28.0,54
AC003291,2025-06-14,A0265,RM001,Follow-up Call,Opportunistic Real Estate Fund VI,Real Estate,60,Yes,No,3.0,33
AC003292,2025-05-12,A0174,RM016,Due Diligence Meeting,Real Estate Income Fund II,Real Estate,64,Yes,Yes,21.0,108
AC003293,2026-02-27,A0127,RM014,Webinar,Real Estate Income Fund II,Real Estate,66,No,No,,42
AC003294,2025-05-25,A0093,RM012,Follow-up Call,Opportunistic Credit Fund II,Private Credit,56,No,No,,28
AC003295,2025-06-17,A0333,RM006,Webinar,Growth Equity Partners III,Private Equity,35,Yes,No,12.0,49
AC003296,2025-12-30,A0155,RM011,Portfolio Review,Value-Add Real Estate Fund IV,Real Estate,61,Yes,Yes,6.0,94
AC003297,2025-08-22,A0299,RM006,Follow-up Call,Direct Lending Income Fund V,Private Credit,61,Yes,Yes,7.0,59
AC003298,2025-12-19,A0175,RM007,Follow-up Call,Direct Lending Income Fund V,Private Credit,59,Yes,No,5.0,43
AC003299,2026-02-25,A0033,RM009,Intro Call,Growth Equity Partners III,Private Equity,68,Yes,Yes,24.0,39
AC003300,2026-02-08,A0175,RM007,Follow-up Call,Value-Add Real Estate Fund IV,Real Estate,53,Yes,Yes,18.0,39
AC003301,2025-11-20,A0201,RM008,Product Education,Opportunistic Credit Fund II,Private Credit,95,Yes,Yes,25.0,42
AC003302,2025-05-24,A0183,RM014,Webinar,Opportunistic Credit Fund II,Private Credit,45,Yes,Yes,6.0,44
AC003303,2025-10-08,A0331,RM013,Webinar,Growth Equity Partners III,Private Equity,57,No,No,,34
AC003304,2025-05-22,A0364,RM003,Due Diligence Meeting,Private Equity Buyout Fund VII,Private Equity,80,Yes,Yes,5.0,98
AC003305,2025-05-21,A0322,RM006,Webinar,Senior Direct Lending Fund VI,Private Credit,36,No,No,,50
AC003306,2026-03-23,A0233,RM004,Intro Call,Direct Lending Income Fund V,Private Credit,30,Yes,Yes,19.0,14
AC003307,2025-10-22,A0217,RM006,Product Education,Global Infrastructure Partners IV,Infrastructure,55,No,No,,21
AC003308,2026-02-28,A0259,RM007,Webinar,Private Equity Buyout Fund VII,Private Equity,59,No,No,,56
AC003309,2025-05-11,A0108,RM008,Due Diligence Meeting,Opportunistic Real Estate Fund VI,Real Estate,62,Yes,Yes,15.0,67
AC003310,2025-09-09,A0328,RM013,Follow-up Call,Opportunistic Real Estate Fund VI,Real Estate,36,Yes,No,8.0,33
AC003311,2026-03-20,A0343,RM004,Product Education,Opportunistic Credit Fund II,Private Credit,68,Yes,Yes,20.0,37
AC003312,2025-11-04,A0101,RM005,Intro Call,Opportunistic Credit Fund II,Private Credit,41,Yes,No,21.0,21
AC003313,2025-06-12,A0362,RM014,Follow-up Call,Private Equity Buyout Fund VII,Private Equity,46,No,No,,41
AC003314,2026-03-14,A0342,RM003,Webinar,Real Estate Income Fund II,Real Estate,55,Yes,No,7.0,58
AC003315,2025-11-23,A0171,RM016,Portfolio Review,Core Infrastructure Income Fund III,Infrastructure,72,No,No,,66
AC003316,2025-11-01,A0363,RM012,Follow-up Call,Core Infrastructure Income Fund III,Infrastructure,87,Yes,Yes,9.0,34
AC003317,2025-07-25,A0044,RM005,In-person Meeting,Opportunistic Real Estate Fund VI,Real Estate,68,Yes,Yes,4.0,44
AC003318,2025-08-15,A0015,RM005,Due Diligence Meeting,Direct Lending Income Fund V,Private Credit,98,Yes,Yes,8.0,99
AC003319,2025-12-31,A0134,RM006,Webinar,Direct Lending Income Fund V,Private Credit,28,Yes,No,6.0,47
AC003320,2025-10-01,A0228,RM009,In-person Meeting,Direct Lending Income Fund V,Private Credit,78,Yes,Yes,9.0,55
AC003321,2026-03-31,A0137,RM008,Intro Call,Opportunistic Credit Fund II,Private Credit,40,Yes,No,29.0,27
AC003322,2026-02-21,A0377,RM013,Portfolio Review,Senior Direct Lending Fund VI,Private Credit,47,No,No,,76
AC003323,2025-05-27,A0096,RM010,Webinar,Global Infrastructure Partners IV,Infrastructure,84,Yes,Yes,21.0,49
AC003324,2025-10-07,A0107,RM004,Due Diligence Meeting,Private Equity Buyout Fund VII,Private Equity,85,Yes,Yes,27.0,54
AC003325,2025-08-06,A0256,RM015,Follow-up Call,Growth Equity Partners III,Private Equity,44,No,No,,25
AC003326,2025-10-01,A0003,RM001,Intro Call,Senior Direct Lending Fund VI,Private Credit,38,No,No,,36
AC003327,2026-02-16,A0296,RM001,Webinar,Opportunistic Credit Fund II,Private Credit,64,Yes,Yes,12.0,46
AC003328,2025-12-12,A0146,RM016,In-person Meeting,Senior Direct Lending Fund VI,Private Credit,92,No,No,,96
AC003329,2026-01-11,A0396,RM016,Product Education,Opportunistic Credit Fund II,Private Credit,43,No,No,,45
AC003330,2025-10-15,A0280,RM004,Webinar,Real Estate Income Fund II,Real Estate,63,Yes,Yes,29.0,44
AC003331,2025-06-08,A0024,RM008,Intro Call,Growth Equity Partners III,Private Equity,42,Yes,Yes,20.0,41
AC003332,2026-03-28,A0034,RM014,Intro Call,Growth Equity Partners III,Private Equity,44,No,No,,24
AC003333,2025-08-25,A0033,RM009,Webinar,Direct Lending Income Fund V,Private Credit,50,Yes,Yes,21.0,43
AC003334,2025-07-26,A0382,RM010,Product Education,Private Equity Buyout Fund VII,Private Equity,65,Yes,No,16.0,36
AC003335,2026-02-28,A0277,RM006,Webinar,Real Estate Income Fund II,Real Estate,61,Yes,Yes,27.0,52
AC003336,2025-05-10,A0172,RM009,In-person Meeting,Opportunistic Real Estate Fund VI,Real Estate,51,Yes,Yes,2.0,74
AC003337,2025-05-28,A0073,RM002,Intro Call,Opportunistic Credit Fund II,Private Credit,53,No,No,,36
AC003338,2026-03-31,A0347,RM003,In-person Meeting,Core Infrastructure Income Fund III,Infrastructure,46,Yes,Yes,6.0,76
AC003339,2025-10-26,A0073,RM002,In-person Meeting,Opportunistic Credit Fund II,Private Credit,77,Yes,Yes,7.0,87
AC003340,2025-08-19,A0286,RM008,Intro Call,Value-Add Real Estate Fund IV,Real Estate,44,No,No,,33
AC003341,2026-02-22,A0310,RM010,Intro Call,Growth Equity Partners III,Private Equity,35,No,No,,26
AC003342,2025-05-04,A0111,RM006,Intro Call,Opportunistic Real Estate Fund VI,Real Estate,46,Yes,No,14.0,22
AC003343,2025-07-22,A0200,RM007,In-person Meeting,Real Estate Income Fund II,Real Estate,80,Yes,Yes,12.0,75
AC003344,2026-01-18,A0083,RM012,Webinar,Direct Lending Income Fund V,Private Credit,38,No,No,,57
AC003345,2025-07-28,A0147,RM016,Intro Call,Opportunistic Credit Fund II,Private Credit,56,Yes,No,13.0,32
AC003346,2026-01-30,A0388,RM012,Webinar,Real Estate Income Fund II,Real Estate,39,No,No,,63
AC003347,2026-04-05,A0280,RM004,Portfolio Review,Global Infrastructure Partners IV,Infrastructure,82,Yes,No,23.0,92
AC003348,2025-09-18,A0341,RM002,In-person Meeting,Senior Direct Lending Fund VI,Private Credit,89,Yes,Yes,13.0,85
AC003349,2025-12-28,A0215,RM005,In-person Meeting,Private Equity Buyout Fund VII,Private Equity,80,Yes,Yes,23.0,63
AC003350,2025-10-23,A0092,RM009,In-person Meeting,Real Estate Income Fund II,Real Estate,81,Yes,No,7.0,53
AC003351,2026-01-01,A0289,RM008,Intro Call,Direct Lending Income Fund V,Private Credit,74,No,No,,17
AC003352,2026-03-17,A0199,RM014,Follow-up Call,Core Infrastructure Income Fund III,Infrastructure,74,Yes,No,10.0,57
AC003353,2025-07-06,A0063,RM016,Portfolio Review,Opportunistic Real Estate Fund VI,Real Estate,62,No,No,,75
AC003354,2025-11-27,A0164,RM001,In-person Meeting,Direct Lending Income Fund V,Private Credit,69,No,No,,80
AC003355,2025-10-09,A0256,RM015,Intro Call,Value-Add Real Estate Fund IV,Real Estate,48,Yes,Yes,19.0,31
AC003356,2025-10-22,A0299,RM006,Portfolio Review,Global Infrastructure Partners IV,Infrastructure,90,Yes,Yes,26.0,71
AC003357,2025-10-15,A0093,RM012,In-person Meeting,Senior Direct Lending Fund VI,Private Credit,65,Yes,Yes,8.0,85
AC003358,2025-07-09,A0347,RM003,Follow-up Call,Real Estate Income Fund II,Real Estate,44,No,No,,44
AC003359,2025-11-19,A0147,RM016,Follow-up Call,Private Equity Buyout Fund VII,Private Equity,62,Yes,No,13.0,52
AC003360,2025-09-26,A0102,RM002,Webinar,Core Infrastructure Income Fund III,Infrastructure,55,No,No,,39
AC003361,2026-01-23,A0071,RM003,Intro Call,Private Equity Buyout Fund VII,Private Equity,31,No,No,,42
AC003362,2025-07-11,A0326,RM014,Intro Call,Global Infrastructure Partners IV,Infrastructure,59,No,No,,45
AC003363,2025-10-13,A0138,RM016,Follow-up Call,Opportunistic Credit Fund II,Private Credit,78,No,No,,39
AC003364,2026-01-28,A0193,RM004,Follow-up Call,Private Equity Buyout Fund VII,Private Equity,81,Yes,Yes,21.0,33
AC003365,2025-09-04,A0083,RM012,Due Diligence Meeting,Global Infrastructure Partners IV,Infrastructure,67,Yes,Yes,8.0,60
AC003366,2026-04-14,A0278,RM011,Portfolio Review,Growth Equity Partners III,Private Equity,70,Yes,Yes,10.0,49
AC003367,2025-10-18,A0319,RM014,Portfolio Review,Senior Direct Lending Fund VI,Private Credit,92,No,No,,52
AC003368,2025-06-30,A0130,RM009,Intro Call,Global Infrastructure Partners IV,Infrastructure,71,Yes,Yes,24.0,40
AC003369,2025-07-01,A0380,RM003,Product Education,Growth Equity Partners III,Private Equity,57,Yes,No,28.0,25
AC003370,2025-06-28,A0017,RM002,Product Education,Real Estate Income Fund II,Real Estate,59,Yes,Yes,28.0,46
AC003371,2025-10-10,A0047,RM011,Follow-up Call,Opportunistic Credit Fund II,Private Credit,64,Yes,Yes,14.0,33
AC003372,2025-12-25,A0236,RM006,Webinar,Opportunistic Credit Fund II,Private Credit,79,Yes,Yes,9.0,40
AC003373,2025-05-30,A0285,RM011,Product Education,Growth Equity Partners III,Private Equity,75,No,No,,44
AC003374,2025-11-18,A0096,RM010,Intro Call,Opportunistic Credit Fund II,Private Credit,66,Yes,Yes,7.0,41
AC003375,2026-02-08,A0222,RM010,In-person Meeting,Real Estate Income Fund II,Real Estate,82,Yes,Yes,29.0,47
AC003376,2025-10-29,A0121,RM010,In-person Meeting,Senior Direct Lending Fund VI,Private Credit,91,Yes,Yes,11.0,96
AC003377,2025-07-05,A0222,RM010,Intro Call,Direct Lending Income Fund V,Private Credit,59,Yes,Yes,24.0,37
AC003378,2026-02-26,A0267,RM007,Portfolio Review,Growth Equity Partners III,Private Equity,93,Yes,Yes,11.0,65
AC003379,2025-10-24,A0391,RM012,Due Diligence Meeting,Private Equity Buyout Fund VII,Private Equity,52,Yes,No,12.0,66
AC003380,2025-09-20,A0183,RM014,Intro Call,Growth Equity Partners III,Private Equity,44,No,No,,34
AC003381,2026-04-06,A0261,RM005,Product Education,Opportunistic Credit Fund II,Private Credit,69,Yes,Yes,15.0,34
AC003382,2025-07-27,A0232,RM012,Intro Call,Direct Lending Income Fund V,Private Credit,32,Yes,Yes,20.0,41
AC003383,2026-02-08,A0120,RM009,Webinar,Private Equity Buyout Fund VII,Private Equity,47,No,No,,50
AC003384,2025-08-03,A0096,RM010,Intro Call,Opportunistic Real Estate Fund VI,Real Estate,64,Yes,Yes,18.0,33
AC003385,2026-03-07,A0398,RM007,In-person Meeting,Direct Lending Income Fund V,Private Credit,96,Yes,Yes,28.0,90
AC003386,2026-02-24,A0075,RM001,Portfolio Review,Opportunistic Real Estate Fund VI,Real Estate,75,No,No,,77
AC003387,2025-10-24,A0323,RM016,In-person Meeting,Direct Lending Income Fund V,Private Credit,85,Yes,Yes,10.0,95
AC003388,2026-03-27,A0052,RM006,Follow-up Call,Private Equity Buyout Fund VII,Private Equity,48,No,No,,21
AC003389,2026-03-17,A0326,RM014,In-person Meeting,Global Infrastructure Partners IV,Infrastructure,57,Yes,Yes,14.0,75
AC003390,2025-08-05,A0068,RM004,Due Diligence Meeting,Private Equity Buyout Fund VII,Private Equity,76,Yes,No,2.0,99
AC003391,2025-12-05,A0389,RM004,Webinar,Value-Add Real Estate Fund IV,Real Estate,56,No,No,,39
AC003392,2025-07-19,A0278,RM011,Intro Call,Growth Equity Partners III,Private Equity,43,No,No,,37
AC003393,2025-11-15,A0033,RM009,Follow-up Call,Real Estate Income Fund II,Real Estate,64,Yes,Yes,17.0,34
AC003394,2025-11-16,A0280,RM004,Follow-up Call,Opportunistic Credit Fund II,Private Credit,64,Yes,Yes,23.0,44
AC003395,2025-11-24,A0241,RM014,Intro Call,Value-Add Real Estate Fund IV,Real Estate,32,Yes,Yes,7.0,39
AC003396,2025-09-06,A0128,RM002,In-person Meeting,Direct Lending Income Fund V,Private Credit,70,Yes,Yes,3.0,71
AC003397,2025-09-17,A0098,RM009,Due Diligence Meeting,Direct Lending Income Fund V,Private Credit,87,Yes,No,27.0,81
AC003398,2025-12-04,A0293,RM001,Webinar,Opportunistic Real Estate Fund VI,Real Estate,67,Yes,No,12.0,59
AC003399,2026-04-26,A0301,RM012,Intro Call,Opportunistic Real Estate Fund VI,Real Estate,52,Yes,Yes,19.0,44
AC003400,2025-10-22,A0124,RM007,Portfolio Review,Global Infrastructure Partners IV,Infrastructure,81,Yes,Yes,21.0,56
AC003401,2025-07-09,A0347,RM003,Product Education,Global Infrastructure Partners IV,Infrastructure,49,Yes,No,15.0,37
AC003402,2025-09-14,A0102,RM002,Portfolio Review,Opportunistic Real Estate Fund VI,Real Estate,60,Yes,No,4.0,57
AC003403,2025-12-24,A0029,RM002,Intro Call,Global Infrastructure Partners IV,Infrastructure,54,Yes,Yes,5.0,32
AC003404,2025-12-07,A0239,RM003,Product Education,Opportunistic Credit Fund II,Private Credit,68,Yes,Yes,10.0,40
AC003405,2025-10-05,A0037,RM013,In-person Meeting,Growth Equity Partners III,Private Equity,70,No,No,,68
AC003406,2026-01-11,A0105,RM004,Product Education,Private Equity Buyout Fund VII,Private Equity,57,No,No,,27
AC003407,2026-03-07,A0201,RM008,Webinar,Value-Add Real Estate Fund IV,Real Estate,89,Yes,Yes,22.0,57
AC003408,2026-03-20,A0108,RM008,In-person Meeting,Opportunistic Credit Fund II,Private Credit,52,No,No,,86
AC003409,2025-07-09,A0078,RM016,Follow-up Call,Growth Equity Partners III,Private Equity,74,Yes,Yes,4.0,40
AC003410,2025-06-27,A0285,RM011,Webinar,Private Equity Buyout Fund VII,Private Equity,51,No,No,,51
AC003411,2025-06-30,A0219,RM011,In-person Meeting,Opportunistic Real Estate Fund VI,Real Estate,74,No,No,,116
AC003412,2025-08-14,A0340,RM016,Product Education,Value-Add Real Estate Fund IV,Real Estate,57,Yes,Yes,15.0,48
AC003413,2026-01-22,A0233,RM004,Intro Call,Direct Lending Income Fund V,Private Credit,45,Yes,Yes,19.0,23
AC003414,2026-04-08,A0193,RM004,Intro Call,Senior Direct Lending Fund VI,Private Credit,55,Yes,Yes,3.0,29
AC003415,2025-05-09,A0098,RM009,Intro Call,Opportunistic Credit Fund II,Private Credit,56,No,No,,21
AC003416,2025-12-14,A0323,RM016,Due Diligence Meeting,Global Infrastructure Partners IV,Infrastructure,75,No,No,,105
AC003417,2026-01-22,A0071,RM003,Due Diligence Meeting,Private Equity Buyout Fund VII,Private Equity,72,Yes,Yes,22.0,104
AC003418,2025-07-28,A0093,RM012,Intro Call,Global Infrastructure Partners IV,Infrastructure,51,Yes,Yes,29.0,16
AC003419,2025-06-23,A0340,RM016,Follow-up Call,Core Infrastructure Income Fund III,Infrastructure,51,Yes,Yes,2.0,53
AC003420,2025-10-31,A0301,RM012,Follow-up Call,Global Infrastructure Partners IV,Infrastructure,73,Yes,No,17.0,24
AC003421,2025-12-14,A0248,RM013,In-person Meeting,Private Equity Buyout Fund VII,Private Equity,52,Yes,Yes,5.0,38
AC003422,2026-02-21,A0019,RM006,Portfolio Review,Growth Equity Partners III,Private Equity,56,Yes,Yes,2.0,66
AC003423,2025-09-20,A0046,RM009,Due Diligence Meeting,Real Estate Income Fund II,Real Estate,77,No,No,,52
AC003424,2025-07-05,A0199,RM014,Due Diligence Meeting,Value-Add Real Estate Fund IV,Real Estate,80,Yes,Yes,9.0,50
AC003425,2025-08-15,A0305,RM007,Product Education,Opportunistic Credit Fund II,Private Credit,49,Yes,Yes,17.0,18
AC003426,2025-05-05,A0186,RM006,Product Education,Private Equity Buyout Fund VII,Private Equity,70,Yes,Yes,23.0,64
AC003427,2025-10-08,A0009,RM010,Intro Call,Opportunistic Credit Fund II,Private Credit,62,Yes,Yes,2.0,40
AC003428,2025-08-10,A0067,RM016,Follow-up Call,Core Infrastructure Income Fund III,Infrastructure,60,Yes,No,5.0,45
AC003429,2025-12-08,A0236,RM006,Webinar,Direct Lending Income Fund V,Private Credit,73,Yes,Yes,10.0,40
AC003430,2025-09-12,A0281,RM009,Due Diligence Meeting,Growth Equity Partners III,Private Equity,72,No,No,,84
AC003431,2026-03-23,A0017,RM002,Follow-up Call,Senior Direct Lending Fund VI,Private Credit,58,Yes,No,8.0,19
AC003432,2025-10-24,A0020,RM014,Portfolio Review,Opportunistic Credit Fund II,Private Credit,69,Yes,Yes,24.0,60
AC003433,2025-05-26,A0098,RM009,Product Education,Global Infrastructure Partners IV,Infrastructure,84,No,No,,40
AC003434,2025-08-11,A0031,RM010,Product Education,Real Estate Income Fund II,Real Estate,75,No,No,,39
AC003435,2025-09-04,A0217,RM006,Product Education,Opportunistic Credit Fund II,Private Credit,52,Yes,Yes,5.0,26
AC003436,2025-08-01,A0045,RM016,Follow-up Call,Private Equity Buyout Fund VII,Private Equity,61,Yes,Yes,29.0,24
AC003437,2026-01-31,A0261,RM005,Due Diligence Meeting,Direct Lending Income Fund V,Private Credit,77,No,No,,66
AC003438,2026-01-23,A0317,RM011,Due Diligence Meeting,Opportunistic Credit Fund II,Private Credit,85,Yes,Yes,6.0,77
AC003439,2025-12-23,A0390,RM001,Intro Call,Private Equity Buyout Fund VII,Private Equity,54,Yes,Yes,3.0,23
AC003440,2025-05-06,A0381,RM004,Webinar,Real Estate Income Fund II,Real Estate,35,No,No,,66
AC003441,2026-01-22,A0103,RM005,In-person Meeting,Private Equity Buyout Fund VII,Private Equity,53,No,No,,64
AC003442,2025-09-12,A0016,RM002,Follow-up Call,Core Infrastructure Income Fund III,Infrastructure,74,Yes,Yes,26.0,20
AC003443,2025-10-05,A0126,RM013,In-person Meeting,Private Equity Buyout Fund VII,Private Equity,64,No,No,,77
AC003444,2026-01-04,A0287,RM006,Product Education,Opportunistic Real Estate Fund VI,Real Estate,73,Yes,Yes,25.0,35
AC003445,2025-05-14,A0026,RM011,Product Education,Growth Equity Partners III,Private Equity,50,Yes,Yes,13.0,20
AC003446,2025-09-29,A0141,RM003,Portfolio Review,Global Infrastructure Partners IV,Infrastructure,83,No,No,,89
AC003447,2025-05-21,A0113,RM003,Product Education,Direct Lending Income Fund V,Private Credit,65,Yes,No,5.0,20
AC003448,2026-02-25,A0080,RM006,Due Diligence Meeting,Senior Direct Lending Fund VI,Private Credit,87,No,No,,94
AC003449,2026-02-05,A0286,RM008,In-person Meeting,Core Infrastructure Income Fund III,Infrastructure,58,No,No,,74
AC003450,2025-07-28,A0267,RM007,Follow-up Call,Core Infrastructure Income Fund III,Infrastructure,68,No,No,,23
AC003451,2026-04-20,A0212,RM007,Follow-up Call,Opportunistic Credit Fund II,Private Credit,69,No,No,,27
AC003452,2025-11-23,A0364,RM003,Portfolio Review,Private Equity Buyout Fund VII,Private Equity,71,No,No,,43
AC003453,2025-09-18,A0036,RM008,Intro Call,Value-Add Real Estate Fund IV,Real Estate,57,Yes,Yes,8.0,31
AC003454,2025-08-23,A0054,RM003,Webinar,Private Equity Buyout Fund VII,Private Equity,70,Yes,Yes,5.0,41
AC003455,2026-03-22,A0150,RM006,Webinar,Global Infrastructure Partners IV,Infrastructure,59,No,No,,46
AC003456,2025-05-18,A0265,RM001,Follow-up Call,Growth Equity Partners III,Private Equity,55,No,No,,39
AC003457,2025-06-27,A0234,RM008,Portfolio Review,Private Equity Buyout Fund VII,Private Equity,71,No,No,,70
AC003458,2025-07-08,A0029,RM002,Follow-up Call,Real Estate Income Fund II,Real Estate,59,Yes,No,3.0,46
AC003459,2025-05-13,A0385,RM001,Follow-up Call,Opportunistic Credit Fund II,Private Credit,55,Yes,No,19.0,52
AC003460,2026-04-07,A0116,RM005,Intro Call,Opportunistic Real Estate Fund VI,Real Estate,53,No,No,,30
AC003461,2025-12-29,A0141,RM003,Follow-up Call,Growth Equity Partners III,Private Equity,66,No,No,,49
AC003462,2025-07-02,A0251,RM007,Webinar,Core Infrastructure Income Fund III,Infrastructure,43,Yes,Yes,2.0,39
AC003463,2025-06-30,A0380,RM003,In-person Meeting,Global Infrastructure Partners IV,Infrastructure,63,Yes,Yes,28.0,102
AC003464,2025-08-30,A0271,RM014,Intro Call,Growth Equity Partners III,Private Equity,44,Yes,Yes,27.0,35
AC003465,2025-07-13,A0383,RM010,Portfolio Review,Global Infrastructure Partners IV,Infrastructure,55,Yes,Yes,25.0,82
AC003466,2025-11-12,A0069,RM016,Follow-up Call,Direct Lending Income Fund V,Private Credit,75,Yes,No,28.0,41
AC003467,2025-10-01,A0249,RM001,Portfolio Review,Private Equity Buyout Fund VII,Private Equity,76,Yes,Yes,14.0,91
AC003468,2025-08-03,A0335,RM006,Follow-up Call,Growth Equity Partners III,Private Equity,42,Yes,Yes,2.0,49
AC003469,2026-02-20,A0202,RM002,In-person Meeting,Value-Add Real Estate Fund IV,Real Estate,80,Yes,No,7.0,60
AC003470,2026-03-10,A0142,RM013,Webinar,Opportunistic Credit Fund II,Private Credit,65,No,No,,48
AC003471,2025-12-02,A0397,RM013,Follow-up Call,Core Infrastructure Income Fund III,Infrastructure,49,Yes,Yes,24.0,39
AC003472,2026-04-06,A0049,RM011,Follow-up Call,Opportunistic Real Estate Fund VI,Real Estate,58,No,No,,36
AC003473,2025-05-25,A0162,RM015,Intro Call,Opportunistic Real Estate Fund VI,Real Estate,44,Yes,No,3.0,31
AC003474,2025-09-07,A0347,RM003,Webinar,Private Equity Buyout Fund VII,Private Equity,52,Yes,Yes,3.0,55
AC003475,2025-06-17,A0359,RM013,Due Diligence Meeting,Opportunistic Credit Fund II,Private Credit,51,No,No,,106
AC003476,2025-06-09,A0396,RM016,Follow-up Call,Core Infrastructure Income Fund III,Infrastructure,46,No,No,,25
AC003477,2025-11-28,A0351,RM007,Product Education,Real Estate Income Fund II,Real Estate,57,Yes,Yes,14.0,23
AC003478,2025-06-06,A0024,RM008,In-person Meeting,Growth Equity Partners III,Private Equity,60,Yes,Yes,22.0,89
AC003479,2026-04-03,A0373,RM005,Follow-up Call,Growth Equity Partners III,Private Equity,46,Yes,No,18.0,45
AC003480,2025-12-18,A0172,RM009,Intro Call,Real Estate Income Fund II,Real Estate,53,No,No,,25
AC003481,2025-05-06,A0263,RM014,Due Diligence Meeting,Direct Lending Income Fund V,Private Credit,65,Yes,No,26.0,94
AC003482,2025-06-01,A0154,RM002,Webinar,Global Infrastructure Partners IV,Infrastructure,52,Yes,Yes,23.0,75
AC003483,2026-01-08,A0331,RM013,In-person Meeting,Direct Lending Income Fund V,Private Credit,57,Yes,Yes,21.0,91
AC003484,2025-06-05,A0231,RM003,Intro Call,Real Estate Income Fund II,Real Estate,56,Yes,No,22.0,22
AC003485,2026-03-26,A0341,RM002,Due Diligence Meeting,Direct Lending Income Fund V,Private Credit,84,No,No,,93
AC003486,2025-07-25,A0071,RM003,Webinar,Opportunistic Real Estate Fund VI,Real Estate,37,Yes,Yes,7.0,33
AC003487,2025-10-04,A0068,RM004,Follow-up Call,Direct Lending Income Fund V,Private Credit,75,Yes,Yes,27.0,37
AC003488,2025-10-16,A0175,RM007,Webinar,Core Infrastructure Income Fund III,Infrastructure,50,Yes,No,16.0,35
AC003489,2025-07-25,A0003,RM001,Due Diligence Meeting,Opportunistic Real Estate Fund VI,Real Estate,55,No,No,,59
AC003490,2025-05-09,A0280,RM004,In-person Meeting,Direct Lending Income Fund V,Private Credit,97,No,No,,70
AC003491,2026-01-30,A0112,RM013,Due Diligence Meeting,Core Infrastructure Income Fund III,Infrastructure,91,Yes,No,15.0,116
AC003492,2025-10-05,A0225,RM016,Webinar,Direct Lending Income Fund V,Private Credit,43,Yes,Yes,20.0,69
AC003493,2025-09-29,A0029,RM002,Follow-up Call,Opportunistic Credit Fund II,Private Credit,67,No,No,,21
AC003494,2025-08-08,A0062,RM016,Follow-up Call,Value-Add Real Estate Fund IV,Real Estate,80,Yes,Yes,13.0,43
AC003495,2026-02-09,A0251,RM007,Product Education,Direct Lending Income Fund V,Private Credit,48,No,No,,29
AC003496,2025-12-17,A0116,RM005,Intro Call,Private Equity Buyout Fund VII,Private Equity,53,No,No,,41
AC003497,2026-01-11,A0078,RM016,Follow-up Call,Growth Equity Partners III,Private Equity,79,No,No,,35
AC003498,2025-06-12,A0087,RM013,Intro Call,Real Estate Income Fund II,Real Estate,80,Yes,No,23.0,36
AC003499,2025-10-27,A0078,RM016,In-person Meeting,Private Equity Buyout Fund VII,Private Equity,90,No,No,,93
AC003500,2025-12-16,A0251,RM007,Follow-up Call,Global Infrastructure Partners IV,Infrastructure,33,Yes,No,19.0,16
AC003501,2025-07-11,A0061,RM006,Product Education,Core Infrastructure Income Fund III,Infrastructure,68,Yes,Yes,16.0,29
AC003502,2025-11-25,A0142,RM013,In-person Meeting,Growth Equity Partners III,Private Equity,89,Yes,Yes,10.0,65
AC003503,2025-08-11,A0279,RM008,In-person Meeting,Direct Lending Income Fund V,Private Credit,37,Yes,No,4.0,48
AC003504,2026-03-14,A0203,RM006,In-person Meeting,Global Infrastructure Partners IV,Infrastructure,61,No,No,,64
AC003505,2025-05-28,A0239,RM003,Webinar,Opportunistic Credit Fund II,Private Credit,61,Yes,Yes,14.0,30
AC003506,2026-01-21,A0096,RM010,Product Education,Global Infrastructure Partners IV,Infrastructure,96,Yes,Yes,26.0,26
AC003507,2025-10-30,A0373,RM005,Follow-up Call,Growth Equity Partners III,Private Equity,49,Yes,Yes,5.0,29
AC003508,2025-12-10,A0165,RM011,Intro Call,Opportunistic Real Estate Fund VI,Real Estate,67,No,No,,36
AC003509,2026-03-14,A0108,RM008,Intro Call,Real Estate Income Fund II,Real Estate,34,No,No,,44
AC003510,2026-01-01,A0362,RM014,Follow-up Call,Growth Equity Partners III,Private Equity,56,No,No,,56
AC003511,2025-05-11,A0265,RM001,Follow-up Call,Real Estate Income Fund II,Real Estate,42,No,No,,22
AC003512,2026-04-25,A0249,RM001,Intro Call,Direct Lending Income Fund V,Private Credit,68,Yes,No,23.0,39
AC003513,2026-02-06,A0352,RM002,Due Diligence Meeting,Value-Add Real Estate Fund IV,Real Estate,90,Yes,Yes,14.0,61
AC003514,2025-06-21,A0026,RM011,Follow-up Call,Private Equity Buyout Fund VII,Private Equity,36,Yes,No,26.0,28
AC003515,2025-10-04,A0340,RM016,Intro Call,Private Equity Buyout Fund VII,Private Equity,41,Yes,Yes,26.0,25
AC003516,2026-02-14,A0276,RM005,Intro Call,Global Infrastructure Partners IV,Infrastructure,50,No,No,,10
AC003517,2025-10-01,A0141,RM003,Intro Call,Senior Direct Lending Fund VI,Private Credit,60,Yes,Yes,20.0,24
AC003518,2025-06-13,A0097,RM009,Webinar,Direct Lending Income Fund V,Private Credit,57,No,No,,56
AC003519,2026-03-27,A0036,RM008,Webinar,Core Infrastructure Income Fund III,Infrastructure,50,No,No,,40
AC003520,2026-04-01,A0377,RM013,In-person Meeting,Opportunistic Real Estate Fund VI,Real Estate,63,No,No,,66
AC003521,2025-12-30,A0050,RM015,Webinar,Opportunistic Real Estate Fund VI,Real Estate,33,No,No,,40
AC003522,2026-01-23,A0098,RM009,Webinar,Direct Lending Income Fund V,Private Credit,71,No,No,,33
AC003523,2025-09-02,A0280,RM004,Portfolio Review,Opportunistic Real Estate Fund VI,Real Estate,100,Yes,Yes,7.0,67
AC003524,2026-03-22,A0289,RM008,Follow-up Call,Private Equity Buyout Fund VII,Private Equity,73,No,No,,35
AC003525,2026-04-16,A0059,RM002,Product Education,Private Equity Buyout Fund VII,Private Equity,70,No,No,,32
AC003526,2025-10-02,A0331,RM013,Webinar,Real Estate Income Fund II,Real Estate,39,No,No,,68
AC003527,2025-12-22,A0203,RM006,Follow-up Call,Core Infrastructure Income Fund III,Infrastructure,59,No,No,,30
AC003528,2025-06-08,A0342,RM003,Follow-up Call,Opportunistic Real Estate Fund VI,Real Estate,39,Yes,Yes,20.0,34
AC003529,2025-08-13,A0032,RM001,Intro Call,Senior Direct Lending Fund VI,Private Credit,71,Yes,Yes,24.0,33
AC003530,2025-07-18,A0020,RM014,In-person Meeting,Senior Direct Lending Fund VI,Private Credit,77,Yes,Yes,12.0,58
AC003531,2025-12-04,A0257,RM004,Follow-up Call,Growth Equity Partners III,Private Equity,67,Yes,Yes,13.0,48
AC003532,2025-11-27,A0054,RM003,Due Diligence Meeting,Global Infrastructure Partners IV,Infrastructure,72,Yes,Yes,4.0,52
AC003533,2025-12-28,A0208,RM014,In-person Meeting,Value-Add Real Estate Fund IV,Real Estate,91,Yes,Yes,15.0,111
AC003534,2025-05-16,A0008,RM010,Follow-up Call,Real Estate Income Fund II,Real Estate,56,Yes,No,10.0,10
AC003535,2025-06-22,A0318,RM005,Follow-up Call,Private Equity Buyout Fund VII,Private Equity,49,Yes,Yes,16.0,31
AC003536,2025-06-04,A0359,RM013,Due Diligence Meeting,Growth Equity Partners III,Private Equity,56,No,No,,89
AC003537,2025-12-11,A0340,RM016,In-person Meeting,Growth Equity Partners III,Private Equity,69,Yes,Yes,22.0,99
AC003538,2025-10-17,A0385,RM001,Product Education,Opportunistic Real Estate Fund VI,Real Estate,71,No,No,,26
AC003539,2025-06-18,A0362,RM014,In-person Meeting,Value-Add Real Estate Fund IV,Real Estate,63,Yes,Yes,23.0,82
AC003540,2025-07-22,A0179,RM015,Follow-up Call,Growth Equity Partners III,Private Equity,54,Yes,Yes,9.0,38
AC003541,2025-09-18,A0156,RM004,Intro Call,Private Equity Buyout Fund VII,Private Equity,31,No,No,,19
AC003542,2026-03-11,A0358,RM012,Webinar,Opportunistic Real Estate Fund VI,Real Estate,61,Yes,Yes,7.0,66
AC003543,2025-06-17,A0371,RM009,Portfolio Review,Private Equity Buyout Fund VII,Private Equity,69,Yes,No,17.0,65
AC003544,2025-05-05,A0391,RM012,Follow-up Call,Growth Equity Partners III,Private Equity,34,Yes,No,17.0,32
AC003545,2026-01-17,A0311,RM004,Intro Call,Opportunistic Real Estate Fund VI,Real Estate,69,Yes,Yes,27.0,26
AC003546,2025-07-07,A0073,RM002,Product Education,Real Estate Income Fund II,Real Estate,42,No,No,,27
AC003547,2025-06-21,A0380,RM003,Webinar,Opportunistic Real Estate Fund VI,Real Estate,53,Yes,Yes,5.0,61
AC003548,2025-06-10,A0381,RM004,Portfolio Review,Core Infrastructure Income Fund III,Infrastructure,42,No,No,,66
AC003549,2025-05-14,A0271,RM014,In-person Meeting,Core Infrastructure Income Fund III,Infrastructure,66,Yes,Yes,10.0,91
AC003550,2025-05-21,A0343,RM004,Webinar,Opportunistic Credit Fund II,Private Credit,78,No,No,,42
AC003551,2025-12-27,A0225,RM016,Follow-up Call,Private Equity Buyout Fund VII,Private Equity,54,Yes,Yes,6.0,28
AC003552,2025-05-03,A0379,RM010,Portfolio Review,Value-Add Real Estate Fund IV,Real Estate,52,No,No,,93
AC003553,2025-06-26,A0034,RM014,In-person Meeting,Value-Add Real Estate Fund IV,Real Estate,58,No,No,,69
AC003554,2026-01-17,A0343,RM004,Follow-up Call,Direct Lending Income Fund V,Private Credit,70,Yes,Yes,3.0,26
AC003555,2025-08-09,A0024,RM008,Portfolio Review,Senior Direct Lending Fund VI,Private Credit,47,Yes,Yes,11.0,75
AC003556,2025-07-16,A0129,RM011,Due Diligence Meeting,Core Infrastructure Income Fund III,Infrastructure,84,Yes,Yes,8.0,77
AC003557,2026-01-12,A0048,RM007,Follow-up Call,Senior Direct Lending Fund VI,Private Credit,80,Yes,Yes,18.0,43
AC003558,2025-10-29,A0192,RM004,Follow-up Call,Private Equity Buyout Fund VII,Private Equity,94,Yes,Yes,2.0,34
AC003559,2026-02-07,A0089,RM012,Follow-up Call,Senior Direct Lending Fund VI,Private Credit,77,Yes,Yes,21.0,30
AC003560,2025-07-06,A0382,RM010,Intro Call,Real Estate Income Fund II,Real Estate,79,Yes,Yes,3.0,46
AC003561,2025-05-10,A0225,RM016,Follow-up Call,Opportunistic Credit Fund II,Private Credit,50,Yes,No,9.0,20
AC003562,2025-05-03,A0359,RM013,Follow-up Call,Opportunistic Real Estate Fund VI,Real Estate,40,Yes,Yes,23.0,29
AC003563,2026-01-07,A0105,RM004,Intro Call,Global Infrastructure Partners IV,Infrastructure,34,Yes,Yes,7.0,60
AC003564,2025-09-26,A0014,RM013,Intro Call,Global Infrastructure Partners IV,Infrastructure,40,No,No,,31
AC003565,2025-08-01,A0316,RM001,In-person Meeting,Value-Add Real Estate Fund IV,Real Estate,75,Yes,Yes,24.0,50
AC003566,2025-11-03,A0285,RM011,In-person Meeting,Real Estate Income Fund II,Real Estate,86,Yes,Yes,26.0,97
AC003567,2025-09-23,A0219,RM011,Product Education,Growth Equity Partners III,Private Equity,46,Yes,Yes,14.0,24
AC003568,2025-12-30,A0331,RM013,In-person Meeting,Private Equity Buyout Fund VII,Private Equity,72,No,No,,82
AC003569,2025-11-17,A0340,RM016,In-person Meeting,Private Equity Buyout Fund VII,Private Equity,47,No,No,,76
AC003570,2025-09-21,A0236,RM006,Product Education,Value-Add Real Estate Fund IV,Real Estate,84,Yes,No,26.0,39
AC003571,2025-09-13,A0388,RM012,Portfolio Review,Private Equity Buyout Fund VII,Private Equity,52,No,No,,85
AC003572,2025-07-04,A0293,RM001,Due Diligence Meeting,Global Infrastructure Partners IV,Infrastructure,100,Yes,Yes,27.0,95
AC003573,2025-10-25,A0276,RM005,Webinar,Global Infrastructure Partners IV,Infrastructure,64,No,No,,54
AC003574,2025-06-06,A0142,RM013,Follow-up Call,Real Estate Income Fund II,Real Estate,78,No,No,,40
AC003575,2026-02-01,A0001,RM006,Portfolio Review,Senior Direct Lending Fund VI,Private Credit,72,Yes,Yes,5.0,102
AC003576,2025-08-17,A0093,RM012,In-person Meeting,Direct Lending Income Fund V,Private Credit,71,Yes,Yes,15.0,76
AC003577,2025-05-13,A0310,RM010,Follow-up Call,Opportunistic Real Estate Fund VI,Real Estate,51,Yes,Yes,3.0,39
AC003578,2026-04-29,A0288,RM015,Product Education,Private Equity Buyout Fund VII,Private Equity,47,Yes,Yes,11.0,57
AC003579,2026-02-16,A0127,RM014,Due Diligence Meeting,Value-Add Real Estate Fund IV,Real Estate,91,Yes,Yes,23.0,53
AC003580,2025-07-31,A0252,RM008,Due Diligence Meeting,Value-Add Real Estate Fund IV,Real Estate,79,Yes,No,28.0,55
AC003581,2025-06-21,A0071,RM003,In-person Meeting,Global Infrastructure Partners IV,Infrastructure,62,Yes,Yes,21.0,58
AC003582,2025-05-07,A0099,RM001,Follow-up Call,Value-Add Real Estate Fund IV,Real Estate,79,Yes,No,29.0,51
AC003583,2025-10-18,A0381,RM004,Portfolio Review,Growth Equity Partners III,Private Equity,43,Yes,Yes,11.0,40
AC003584,2026-04-21,A0165,RM011,Follow-up Call,Value-Add Real Estate Fund IV,Real Estate,64,No,No,,40
AC003585,2026-02-25,A0094,RM005,Intro Call,Senior Direct Lending Fund VI,Private Credit,57,No,No,,36
AC003586,2025-09-18,A0195,RM005,Portfolio Review,Real Estate Income Fund II,Real Estate,71,Yes,Yes,14.0,90
AC003587,2026-02-13,A0150,RM006,Follow-up Call,Opportunistic Credit Fund II,Private Credit,78,No,No,,36
AC003588,2026-02-13,A0296,RM001,Webinar,Real Estate Income Fund II,Real Estate,52,No,No,,61
AC003589,2025-06-13,A0387,RM006,Portfolio Review,Core Infrastructure Income Fund III,Infrastructure,63,No,No,,73
AC003590,2025-11-11,A0237,RM008,Intro Call,Real Estate Income Fund II,Real Estate,55,No,No,,19
AC003591,2025-09-22,A0237,RM008,In-person Meeting,Private Equity Buyout Fund VII,Private Equity,73,Yes,Yes,17.0,65
AC003592,2025-05-27,A0142,RM013,Webinar,Senior Direct Lending Fund VI,Private Credit,62,No,No,,66
AC003593,2026-04-10,A0227,RM015,In-person Meeting,Direct Lending Income Fund V,Private Credit,54,Yes,Yes,4.0,63
AC003594,2025-07-16,A0121,RM010,Follow-up Call,Private Equity Buyout Fund VII,Private Equity,78,No,No,,32
AC003595,2026-01-29,A0001,RM006,Intro Call,Opportunistic Credit Fund II,Private Credit,34,No,No,,26
AC003596,2026-01-29,A0343,RM004,Follow-up Call,Core Infrastructure Income Fund III,Infrastructure,50,No,No,,37
AC003597,2025-06-09,A0173,RM016,Follow-up Call,Value-Add Real Estate Fund IV,Real Estate,50,Yes,Yes,3.0,23
AC003598,2025-11-28,A0197,RM010,Follow-up Call,Opportunistic Credit Fund II,Private Credit,71,Yes,No,5.0,27
AC003599,2026-04-10,A0031,RM010,Follow-up Call,Opportunistic Credit Fund II,Private Credit,65,Yes,No,13.0,46
AC003600,2025-06-08,A0339,RM004,Intro Call,Opportunistic Credit Fund II,Private Credit,58,No,No,,39
AC003601,2026-02-03,A0062,RM016,Intro Call,Real Estate Income Fund II,Real Estate,75,No,No,,39
AC003602,2026-03-13,A0162,RM015,Due Diligence Meeting,Real Estate Income Fund II,Real Estate,62,Yes,Yes,27.0,86
AC003603,2026-02-15,A0340,RM016,In-person Meeting,Opportunistic Credit Fund II,Private Credit,76,Yes,Yes,24.0,73
AC003604,2025-09-17,A0183,RM014,Follow-up Call,Opportunistic Credit Fund II,Private Credit,47,Yes,No,18.0,31
AC003605,2026-02-07,A0373,RM005,Webinar,Growth Equity Partners III,Private Equity,53,Yes,Yes,5.0,32
AC003606,2025-08-07,A0076,RM007,Webinar,Real Estate Income Fund II,Real Estate,43,Yes,No,7.0,54
AC003607,2025-11-08,A0290,RM015,Portfolio Review,Real Estate Income Fund II,Real Estate,56,No,No,,69
AC003608,2025-08-07,A0396,RM016,In-person Meeting,Core Infrastructure Income Fund III,Infrastructure,74,Yes,No,19.0,68
AC003609,2025-09-28,A0220,RM015,Intro Call,Opportunistic Credit Fund II,Private Credit,67,Yes,Yes,22.0,35
AC003610,2026-04-29,A0280,RM004,Portfolio Review,Senior Direct Lending Fund VI,Private Credit,83,Yes,Yes,26.0,64
AC003611,2026-01-24,A0154,RM002,In-person Meeting,Real Estate Income Fund II,Real Estate,68,No,No,,86
AC003612,2025-09-27,A0305,RM007,Webinar,Senior Direct Lending Fund VI,Private Credit,49,No,No,,52
AC003613,2025-08-18,A0363,RM012,Follow-up Call,Opportunistic Real Estate Fund VI,Real Estate,82,Yes,Yes,8.0,45
AC003614,2025-07-26,A0285,RM011,Follow-up Call,Opportunistic Credit Fund II,Private Credit,68,Yes,Yes,28.0,53
AC003615,2025-06-27,A0374,RM009,Webinar,Value-Add Real Estate Fund IV,Real Estate,72,Yes,Yes,18.0,53
AC003616,2025-10-26,A0236,RM006,Intro Call,Global Infrastructure Partners IV,Infrastructure,53,No,No,,50
AC003617,2026-02-23,A0232,RM012,In-person Meeting,Private Equity Buyout Fund VII,Private Equity,71,No,No,,82
AC003618,2025-07-28,A0116,RM005,Follow-up Call,Direct Lending Income Fund V,Private Credit,56,No,No,,21
AC003619,2025-12-20,A0288,RM015,Product Education,Global Infrastructure Partners IV,Infrastructure,41,Yes,Yes,6.0,29
AC003620,2025-12-30,A0349,RM014,In-person Meeting,Growth Equity Partners III,Private Equity,99,Yes,Yes,18.0,126
AC003621,2025-12-01,A0260,RM001,Follow-up Call,Direct Lending Income Fund V,Private Credit,61,No,No,,35
AC003622,2025-11-14,A0089,RM012,Intro Call,Direct Lending Income Fund V,Private Credit,57,No,No,,53
AC003623,2026-02-22,A0218,RM006,In-person Meeting,Core Infrastructure Income Fund III,Infrastructure,93,Yes,No,14.0,61
AC003624,2025-06-22,A0307,RM014,Product Education,Growth Equity Partners III,Private Equity,59,No,No,,38
AC003625,2025-11-01,A0375,RM010,Follow-up Call,Direct Lending Income Fund V,Private Credit,35,No,No,,25
AC003626,2026-02-13,A0056,RM011,Intro Call,Growth Equity Partners III,Private Equity,54,Yes,No,12.0,27
AC003627,2025-12-23,A0046,RM009,Product Education,Value-Add Real Estate Fund IV,Real Estate,72,No,No,,34
AC003628,2026-04-09,A0165,RM011,Due Diligence Meeting,Value-Add Real Estate Fund IV,Real Estate,99,Yes,Yes,24.0,48
AC003629,2026-03-15,A0046,RM009,Webinar,Opportunistic Credit Fund II,Private Credit,74,Yes,Yes,18.0,40
AC003630,2026-03-25,A0396,RM016,In-person Meeting,Real Estate Income Fund II,Real Estate,46,No,No,,74
AC003631,2025-07-03,A0171,RM016,In-person Meeting,Direct Lending Income Fund V,Private Credit,71,Yes,No,5.0,80
AC003632,2026-02-16,A0211,RM006,In-person Meeting,Core Infrastructure Income Fund III,Infrastructure,86,Yes,Yes,13.0,66
AC003633,2026-02-03,A0087,RM013,Product Education,Opportunistic Credit Fund II,Private Credit,65,No,No,,45
AC003634,2025-12-09,A0181,RM003,Product Education,Opportunistic Real Estate Fund VI,Real Estate,47,Yes,No,28.0,39
AC003635,2026-03-19,A0397,RM013,In-person Meeting,Core Infrastructure Income Fund III,Infrastructure,55,Yes,No,27.0,90
AC003636,2025-09-23,A0196,RM009,Portfolio Review,Opportunistic Credit Fund II,Private Credit,70,Yes,Yes,20.0,89
AC003637,2025-10-05,A0006,RM012,Intro Call,Private Equity Buyout Fund VII,Private Equity,65,No,No,,16
AC003638,2025-05-18,A0093,RM012,Follow-up Call,Opportunistic Real Estate Fund VI,Real Estate,53,No,No,,28
AC003639,2025-05-31,A0396,RM016,Due Diligence Meeting,Direct Lending Income Fund V,Private Credit,63,No,No,,87
AC003640,2025-05-01,A0398,RM007,Follow-up Call,Opportunistic Credit Fund II,Private Credit,84,Yes,Yes,7.0,31
AC003641,2025-05-14,A0077,RM005,Intro Call,Core Infrastructure Income Fund III,Infrastructure,27,Yes,Yes,14.0,29
AC003642,2026-01-16,A0249,RM001,In-person Meeting,Core Infrastructure Income Fund III,Infrastructure,68,Yes,Yes,21.0,72
AC003643,2025-05-24,A0030,RM009,Follow-up Call,Senior Direct Lending Fund VI,Private Credit,86,Yes,No,6.0,34
AC003644,2025-12-14,A0232,RM012,Follow-up Call,Opportunistic Real Estate Fund VI,Real Estate,48,No,No,,33
AC003645,2026-01-09,A0046,RM009,Webinar,Growth Equity Partners III,Private Equity,66,Yes,No,25.0,64
AC003646,2025-07-09,A0333,RM006,Intro Call,Private Equity Buyout Fund VII,Private Equity,24,Yes,No,15.0,28
AC003647,2026-03-11,A0376,RM012,Intro Call,Senior Direct Lending Fund VI,Private Credit,67,Yes,Yes,6.0,49
AC003648,2025-09-12,A0062,RM016,Product Education,Global Infrastructure Partners IV,Infrastructure,71,No,No,,30
AC003649,2025-11-11,A0186,RM006,Follow-up Call,Senior Direct Lending Fund VI,Private Credit,77,No,No,,45
AC003650,2025-12-17,A0036,RM008,Webinar,Senior Direct Lending Fund VI,Private Credit,48,Yes,No,22.0,54
AC003651,2025-05-04,A0129,RM011,Follow-up Call,Opportunistic Credit Fund II,Private Credit,72,Yes,Yes,9.0,29
AC003652,2025-11-07,A0026,RM011,Follow-up Call,Growth Equity Partners III,Private Equity,36,No,No,,23
AC003653,2025-06-11,A0099,RM001,Due Diligence Meeting,Growth Equity Partners III,Private Equity,100,Yes,Yes,26.0,81
AC003654,2025-06-03,A0398,RM007,In-person Meeting,Senior Direct Lending Fund VI,Private Credit,100,No,No,,89
AC003655,2026-03-12,A0021,RM010,Portfolio Review,Opportunistic Credit Fund II,Private Credit,81,No,No,,105
AC003656,2025-09-25,A0343,RM004,Follow-up Call,Value-Add Real Estate Fund IV,Real Estate,57,Yes,No,11.0,32
AC003657,2025-05-11,A0031,RM010,Intro Call,Value-Add Real Estate Fund IV,Real Estate,48,No,No,,32
AC003658,2025-06-06,A0210,RM012,Product Education,Private Equity Buyout Fund VII,Private Equity,71,Yes,No,28.0,54
AC003659,2025-06-10,A0182,RM013,Product Education,Core Infrastructure Income Fund III,Infrastructure,46,No,No,,35
AC003660,2026-01-31,A0373,RM005,Webinar,Real Estate Income Fund II,Real Estate,65,No,No,,50
AC003661,2026-02-26,A0072,RM009,Follow-up Call,Opportunistic Real Estate Fund VI,Real Estate,89,No,No,,39
AC003662,2025-06-28,A0064,RM011,Webinar,Real Estate Income Fund II,Real Estate,43,Yes,Yes,17.0,63
AC003663,2026-02-23,A0305,RM007,In-person Meeting,Real Estate Income Fund II,Real Estate,85,Yes,Yes,23.0,102
AC003664,2025-06-08,A0295,RM009,Follow-up Call,Growth Equity Partners III,Private Equity,54,No,No,,24
AC003665,2025-10-04,A0283,RM010,In-person Meeting,Direct Lending Income Fund V,Private Credit,80,Yes,Yes,4.0,63
AC003666,2025-05-18,A0014,RM013,Portfolio Review,Direct Lending Income Fund V,Private Credit,64,No,No,,61
AC003667,2025-05-31,A0098,RM009,Portfolio Review,Growth Equity Partners III,Private Equity,80,Yes,Yes,2.0,74
AC003668,2025-09-28,A0340,RM016,Intro Call,Global Infrastructure Partners IV,Infrastructure,57,Yes,Yes,10.0,16
AC003669,2025-05-18,A0240,RM005,Follow-up Call,Private Equity Buyout Fund VII,Private Equity,72,Yes,No,21.0,45
AC003670,2026-03-25,A0241,RM014,In-person Meeting,Growth Equity Partners III,Private Equity,50,No,No,,85
AC003671,2026-03-24,A0112,RM013,Due Diligence Meeting,Value-Add Real Estate Fund IV,Real Estate,84,Yes,Yes,5.0,55
AC003672,2025-09-16,A0098,RM009,Webinar,Global Infrastructure Partners IV,Infrastructure,58,Yes,Yes,3.0,54
AC003673,2025-05-26,A0380,RM003,In-person Meeting,Value-Add Real Estate Fund IV,Real Estate,58,Yes,Yes,27.0,100
AC003674,2026-04-16,A0296,RM001,In-person Meeting,Growth Equity Partners III,Private Equity,66,Yes,Yes,3.0,93
AC003675,2025-12-26,A0046,RM009,Intro Call,Real Estate Income Fund II,Real Estate,63,No,No,,30
AC003676,2025-06-23,A0374,RM009,Follow-up Call,Global Infrastructure Partners IV,Infrastructure,56,Yes,Yes,22.0,52
AC003677,2025-07-16,A0233,RM004,In-person Meeting,Opportunistic Credit Fund II,Private Credit,74,Yes,No,5.0,101
AC003678,2025-05-28,A0127,RM014,Follow-up Call,Growth Equity Partners III,Private Equity,58,No,No,,46
AC003679,2025-06-24,A0155,RM011,In-person Meeting,Opportunistic Credit Fund II,Private Credit,63,Yes,Yes,21.0,62
AC003680,2025-07-10,A0295,RM009,Intro Call,Value-Add Real Estate Fund IV,Real Estate,56,Yes,No,5.0,45
AC003681,2025-10-29,A0146,RM016,In-person Meeting,Senior Direct Lending Fund VI,Private Credit,81,No,No,,76
AC003682,2025-12-25,A0232,RM012,Intro Call,Real Estate Income Fund II,Real Estate,40,Yes,No,24.0,30
AC003683,2025-11-05,A0289,RM008,Webinar,Real Estate Income Fund II,Real Estate,63,Yes,No,2.0,51
AC003684,2025-05-13,A0071,RM003,In-person Meeting,Core Infrastructure Income Fund III,Infrastructure,76,Yes,Yes,3.0,81
AC003685,2026-04-01,A0379,RM010,In-person Meeting,Value-Add Real Estate Fund IV,Real Estate,65,Yes,Yes,18.0,78
AC003686,2025-09-30,A0139,RM008,Webinar,Global Infrastructure Partners IV,Infrastructure,63,No,No,,54
AC003687,2025-11-10,A0167,RM008,Intro Call,Core Infrastructure Income Fund III,Infrastructure,45,No,No,,50
AC003688,2025-11-02,A0283,RM010,Intro Call,Direct Lending Income Fund V,Private Credit,42,No,No,,34
AC003689,2025-06-24,A0245,RM010,Product Education,Opportunistic Credit Fund II,Private Credit,81,Yes,Yes,3.0,26
AC003690,2026-04-17,A0175,RM007,Product Education,Core Infrastructure Income Fund III,Infrastructure,58,No,No,,21
AC003691,2026-01-28,A0261,RM005,In-person Meeting,Core Infrastructure Income Fund III,Infrastructure,69,No,No,,92
AC003692,2025-05-11,A0362,RM014,Webinar,Value-Add Real Estate Fund IV,Real Estate,62,No,No,,43
AC003693,2025-05-06,A0326,RM014,In-person Meeting,Growth Equity Partners III,Private Equity,55,Yes,No,27.0,73
AC003694,2026-03-25,A0334,RM007,In-person Meeting,Growth Equity Partners III,Private Equity,49,Yes,Yes,5.0,98
AC003695,2025-10-25,A0097,RM009,In-person Meeting,Senior Direct Lending Fund VI,Private Credit,64,Yes,Yes,25.0,72
AC003696,2025-10-31,A0167,RM008,Follow-up Call,Direct Lending Income Fund V,Private Credit,58,No,No,,38
AC003697,2026-02-20,A0222,RM010,Webinar,Global Infrastructure Partners IV,Infrastructure,62,No,No,,52
AC003698,2025-05-03,A0021,RM010,Follow-up Call,Opportunistic Real Estate Fund VI,Real Estate,65,No,No,,23
AC003699,2025-08-21,A0314,RM016,Product Education,Real Estate Income Fund II,Real Estate,35,Yes,Yes,26.0,19
AC003700,2025-11-17,A0123,RM004,Webinar,Core Infrastructure Income Fund III,Infrastructure,60,Yes,No,21.0,57
AC003701,2026-03-19,A0107,RM004,Intro Call,Core Infrastructure Income Fund III,Infrastructure,47,No,No,,54
AC003702,2025-12-21,A0098,RM009,In-person Meeting,Private Equity Buyout Fund VII,Private Equity,80,Yes,Yes,4.0,62
AC003703,2025-12-26,A0107,RM004,Intro Call,Opportunistic Credit Fund II,Private Credit,56,Yes,Yes,14.0,45
AC003704,2026-04-20,A0129,RM011,Intro Call,Direct Lending Income Fund V,Private Credit,59,Yes,Yes,3.0,40
AC003705,2025-06-03,A0242,RM015,Webinar,Opportunistic Real Estate Fund VI,Real Estate,56,Yes,Yes,4.0,63
AC003706,2025-09-25,A0233,RM004,Follow-up Call,Global Infrastructure Partners IV,Infrastructure,44,Yes,Yes,4.0,23
AC003707,2025-09-06,A0096,RM010,In-person Meeting,Opportunistic Credit Fund II,Private Credit,82,Yes,Yes,7.0,69
AC003708,2025-11-28,A0075,RM001,In-person Meeting,Direct Lending Income Fund V,Private Credit,68,Yes,Yes,17.0,69
AC003709,2025-07-30,A0335,RM006,Intro Call,Global Infrastructure Partners IV,Infrastructure,48,Yes,No,28.0,45
AC003710,2026-02-18,A0034,RM014,Follow-up Call,Opportunistic Real Estate Fund VI,Real Estate,55,No,No,,42
AC003711,2026-03-28,A0203,RM006,Intro Call,Real Estate Income Fund II,Real Estate,64,Yes,Yes,24.0,37
AC003712,2026-02-21,A0205,RM014,Webinar,Private Equity Buyout Fund VII,Private Equity,38,No,No,,51
AC003713,2026-02-11,A0231,RM003,Follow-up Call,Global Infrastructure Partners IV,Infrastructure,57,Yes,Yes,20.0,42
AC003714,2025-07-23,A0351,RM007,In-person Meeting,Senior Direct Lending Fund VI,Private Credit,52,No,No,,77
AC003715,2025-07-03,A0251,RM007,Intro Call,Senior Direct Lending Fund VI,Private Credit,38,No,No,,31
AC003716,2025-10-06,A0391,RM012,Follow-up Call,Real Estate Income Fund II,Real Estate,57,No,No,,29
AC003717,2025-10-09,A0346,RM016,In-person Meeting,Opportunistic Real Estate Fund VI,Real Estate,87,Yes,No,18.0,61
AC003718,2025-05-31,A0078,RM016,Follow-up Call,Private Equity Buyout Fund VII,Private Equity,75,Yes,Yes,5.0,26
AC003719,2025-05-02,A0093,RM012,Intro Call,Private Equity Buyout Fund VII,Private Equity,34,Yes,Yes,2.0,26
AC003720,2026-01-30,A0132,RM007,Webinar,Core Infrastructure Income Fund III,Infrastructure,50,Yes,Yes,27.0,48
AC003721,2025-09-22,A0152,RM015,In-person Meeting,Private Equity Buyout Fund VII,Private Equity,86,Yes,Yes,23.0,69
AC003722,2025-05-16,A0221,RM001,Product Education,Global Infrastructure Partners IV,Infrastructure,54,No,No,,34
AC003723,2026-02-07,A0089,RM012,Webinar,Core Infrastructure Income Fund III,Infrastructure,58,Yes,Yes,12.0,60
AC003724,2025-06-10,A0082,RM003,In-person Meeting,Real Estate Income Fund II,Real Estate,53,Yes,Yes,16.0,116
AC003725,2026-01-22,A0149,RM014,Due Diligence Meeting,Core Infrastructure Income Fund III,Infrastructure,78,No,No,,74
AC003726,2026-04-29,A0273,RM012,Product Education,Core Infrastructure Income Fund III,Infrastructure,68,No,No,,41
AC003727,2025-06-08,A0279,RM008,Due Diligence Meeting,Opportunistic Credit Fund II,Private Credit,58,Yes,Yes,25.0,86
AC003728,2025-09-24,A0393,RM013,Due Diligence Meeting,Direct Lending Income Fund V,Private Credit,66,Yes,No,26.0,89
AC003729,2025-11-09,A0074,RM008,Follow-up Call,Opportunistic Credit Fund II,Private Credit,48,Yes,No,2.0,34
AC003730,2025-05-26,A0153,RM010,Due Diligence Meeting,Senior Direct Lending Fund VI,Private Credit,100,Yes,Yes,24.0,85
AC003731,2026-02-27,A0388,RM012,In-person Meeting,Real Estate Income Fund II,Real Estate,83,No,No,,64
AC003732,2025-07-31,A0279,RM008,Webinar,Direct Lending Income Fund V,Private Credit,26,No,No,,46
AC003733,2025-12-09,A0237,RM008,In-person Meeting,Senior Direct Lending Fund VI,Private Credit,60,No,No,,53
AC003734,2025-06-30,A0215,RM005,Portfolio Review,Opportunistic Real Estate Fund VI,Real Estate,81,Yes,Yes,7.0,69
AC003735,2026-01-22,A0030,RM009,Follow-up Call,Core Infrastructure Income Fund III,Infrastructure,71,Yes,Yes,6.0,45
AC003736,2026-01-19,A0356,RM002,Follow-up Call,Opportunistic Credit Fund II,Private Credit,77,Yes,Yes,12.0,20
AC003737,2025-09-14,A0252,RM008,Follow-up Call,Growth Equity Partners III,Private Equity,63,Yes,No,23.0,56
AC003738,2025-10-14,A0229,RM002,Follow-up Call,Direct Lending Income Fund V,Private Credit,45,No,No,,40
AC003739,2025-08-08,A0215,RM005,Product Education,Core Infrastructure Income Fund III,Infrastructure,81,No,No,,22
AC003740,2026-01-30,A0152,RM015,Webinar,Private Equity Buyout Fund VII,Private Equity,62,Yes,Yes,23.0,24
AC003741,2025-08-07,A0096,RM010,Webinar,Global Infrastructure Partners IV,Infrastructure,73,No,No,,36
AC003742,2025-10-18,A0307,RM014,Product Education,Opportunistic Credit Fund II,Private Credit,53,Yes,Yes,11.0,22
AC003743,2025-12-08,A0202,RM002,Follow-up Call,Senior Direct Lending Fund VI,Private Credit,75,Yes,Yes,11.0,13
AC003744,2025-11-03,A0017,RM002,Intro Call,Senior Direct Lending Fund VI,Private Credit,49,No,No,,50
AC003745,2026-03-24,A0156,RM004,Portfolio Review,Opportunistic Credit Fund II,Private Credit,40,No,No,,83
AC003746,2026-01-10,A0372,RM002,In-person Meeting,Direct Lending Income Fund V,Private Credit,71,Yes,No,8.0,80
AC003747,2025-11-20,A0146,RM016,Portfolio Review,Senior Direct Lending Fund VI,Private Credit,86,Yes,Yes,26.0,62
AC003748,2025-09-27,A0165,RM011,Webinar,Private Equity Buyout Fund VII,Private Equity,79,Yes,Yes,12.0,65
AC003749,2025-11-15,A0251,RM007,Due Diligence Meeting,Global Infrastructure Partners IV,Infrastructure,66,No,No,,39
AC003750,2026-03-27,A0326,RM014,Follow-up Call,Value-Add Real Estate Fund IV,Real Estate,46,Yes,No,2.0,25
AC003751,2025-09-14,A0272,RM012,Portfolio Review,Global Infrastructure Partners IV,Infrastructure,53,Yes,Yes,9.0,28
AC003752,2026-04-08,A0342,RM003,Follow-up Call,Real Estate Income Fund II,Real Estate,33,Yes,Yes,22.0,34
AC003753,2025-06-30,A0041,RM008,In-person Meeting,Core Infrastructure Income Fund III,Infrastructure,61,Yes,Yes,5.0,67
AC003754,2025-08-06,A0371,RM009,Portfolio Review,Direct Lending Income Fund V,Private Credit,66,Yes,Yes,5.0,79
AC003755,2025-09-01,A0362,RM014,Webinar,Senior Direct Lending Fund VI,Private Credit,52,No,No,,55
AC003756,2025-07-19,A0204,RM004,Product Education,Opportunistic Real Estate Fund VI,Real Estate,53,No,No,,23
AC003757,2026-01-24,A0251,RM007,In-person Meeting,Direct Lending Income Fund V,Private Credit,62,No,No,,65
AC003758,2025-06-05,A0078,RM016,In-person Meeting,Real Estate Income Fund II,Real Estate,92,Yes,Yes,17.0,47
AC003759,2025-08-22,A0181,RM003,Intro Call,Opportunistic Credit Fund II,Private Credit,42,No,No,,22
AC003760,2025-09-29,A0074,RM008,Follow-up Call,Global Infrastructure Partners IV,Infrastructure,63,Yes,Yes,21.0,23
AC003761,2025-08-28,A0012,RM012,Intro Call,Opportunistic Credit Fund II,Private Credit,56,No,No,,47
AC003762,2026-03-09,A0396,RM016,Follow-up Call,Private Equity Buyout Fund VII,Private Equity,36,No,No,,46
AC003763,2026-04-04,A0098,RM009,Product Education,Real Estate Income Fund II,Real Estate,76,No,No,,39
AC003764,2025-11-14,A0238,RM015,Follow-up Call,Real Estate Income Fund II,Real Estate,64,No,No,,24
AC003765,2025-11-06,A0114,RM016,Webinar,Senior Direct Lending Fund VI,Private Credit,42,Yes,Yes,20.0,53
AC003766,2025-12-28,A0144,RM007,Intro Call,Private Equity Buyout Fund VII,Private Equity,55,No,No,,29
AC003767,2025-06-15,A0155,RM011,Follow-up Call,Direct Lending Income Fund V,Private Credit,51,No,No,,32
AC003768,2025-06-29,A0127,RM014,Due Diligence Meeting,Value-Add Real Estate Fund IV,Real Estate,99,No,No,,42
AC003769,2026-02-02,A0257,RM004,Intro Call,Core Infrastructure Income Fund III,Infrastructure,69,Yes,Yes,21.0,25
AC003770,2026-04-03,A0386,RM003,Product Education,Private Equity Buyout Fund VII,Private Equity,81,No,No,,43
AC003771,2026-03-09,A0172,RM009,Follow-up Call,Opportunistic Real Estate Fund VI,Real Estate,54,No,No,,41
AC003772,2026-03-02,A0391,RM012,Portfolio Review,Direct Lending Income Fund V,Private Credit,55,Yes,Yes,3.0,79
AC003773,2026-02-28,A0272,RM012,In-person Meeting,Senior Direct Lending Fund VI,Private Credit,82,No,No,,57
AC003774,2025-07-07,A0245,RM010,Webinar,Private Equity Buyout Fund VII,Private Equity,75,No,No,,37
AC003775,2025-12-03,A0091,RM009,Product Education,Direct Lending Income Fund V,Private Credit,79,No,No,,31
AC003776,2025-08-22,A0026,RM011,In-person Meeting,Global Infrastructure Partners IV,Infrastructure,56,Yes,Yes,4.0,77
AC003777,2026-04-02,A0342,RM003,Intro Call,Opportunistic Real Estate Fund VI,Real Estate,50,No,No,,31
AC003778,2026-03-05,A0231,RM003,Follow-up Call,Opportunistic Credit Fund II,Private Credit,44,Yes,Yes,16.0,33
AC003779,2025-09-06,A0165,RM011,Follow-up Call,Core Infrastructure Income Fund III,Infrastructure,66,Yes,Yes,6.0,33
AC003780,2025-12-31,A0328,RM013,Webinar,Global Infrastructure Partners IV,Infrastructure,49,No,No,,34
AC003781,2026-01-08,A0118,RM013,Follow-up Call,Direct Lending Income Fund V,Private Credit,54,No,No,,32
AC003782,2025-11-01,A0320,RM009,In-person Meeting,Global Infrastructure Partners IV,Infrastructure,78,Yes,Yes,27.0,55
AC003783,2026-02-04,A0125,RM013,Product Education,Growth Equity Partners III,Private Equity,75,Yes,Yes,24.0,34
AC003784,2025-11-29,A0369,RM011,Portfolio Review,Core Infrastructure Income Fund III,Infrastructure,68,Yes,Yes,6.0,79
AC003785,2026-02-28,A0102,RM002,Follow-up Call,Core Infrastructure Income Fund III,Infrastructure,60,No,No,,39
AC003786,2026-02-23,A0049,RM011,Due Diligence Meeting,Direct Lending Income Fund V,Private Credit,88,Yes,Yes,19.0,49
AC003787,2025-12-21,A0283,RM010,Portfolio Review,Direct Lending Income Fund V,Private Credit,75,Yes,No,27.0,62
AC003788,2025-07-13,A0059,RM002,In-person Meeting,Core Infrastructure Income Fund III,Infrastructure,47,No,No,,79
AC003789,2026-03-28,A0382,RM010,Follow-up Call,Growth Equity Partners III,Private Equity,82,Yes,No,28.0,29
AC003790,2026-01-30,A0265,RM001,Intro Call,Opportunistic Real Estate Fund VI,Real Estate,50,No,No,,38
AC003791,2026-03-15,A0088,RM014,Product Education,Opportunistic Real Estate Fund VI,Real Estate,50,No,No,,28
AC003792,2026-03-13,A0076,RM007,Follow-up Call,Core Infrastructure Income Fund III,Infrastructure,63,Yes,Yes,4.0,52
AC003793,2025-06-07,A0370,RM009,Intro Call,Real Estate Income Fund II,Real Estate,54,No,No,,48
AC003794,2026-02-15,A0245,RM010,Intro Call,Global Infrastructure Partners IV,Infrastructure,54,Yes,Yes,16.0,32
AC003795,2026-02-17,A0356,RM002,Portfolio Review,Real Estate Income Fund II,Real Estate,63,Yes,No,20.0,104
AC003796,2026-04-11,A0039,RM001,Intro Call,Global Infrastructure Partners IV,Infrastructure,74,No,No,,32
AC003797,2025-07-18,A0371,RM009,Follow-up Call,Senior Direct Lending Fund VI,Private Credit,50,No,No,,46
AC003798,2026-03-16,A0205,RM014,Intro Call,Real Estate Income Fund II,Real Estate,49,No,No,,42
AC003799,2025-12-21,A0272,RM012,Follow-up Call,Direct Lending Income Fund V,Private Credit,53,Yes,Yes,8.0,38
AC003800,2025-11-19,A0145,RM006,Webinar,Private Equity Buyout Fund VII,Private Equity,46,Yes,Yes,4.0,48
AC003801,2025-11-14,A0026,RM011,Due Diligence Meeting,Global Infrastructure Partners IV,Infrastructure,64,Yes,Yes,9.0,65
AC003802,2025-07-03,A0385,RM001,Follow-up Call,Real Estate Income Fund II,Real Estate,59,Yes,No,10.0,24
AC003803,2026-03-30,A0399,RM006,Follow-up Call,Core Infrastructure Income Fund III,Infrastructure,55,Yes,Yes,15.0,22
AC003804,2025-07-26,A0142,RM013,Portfolio Review,Opportunistic Credit Fund II,Private Credit,77,Yes,Yes,10.0,57
AC003805,2025-11-02,A0379,RM010,Follow-up Call,Direct Lending Income Fund V,Private Credit,52,No,No,,32
AC003806,2025-11-30,A0061,RM006,Product Education,Private Equity Buyout Fund VII,Private Equity,64,No,No,,44
AC003807,2025-10-22,A0054,RM003,In-person Meeting,Growth Equity Partners III,Private Equity,80,Yes,Yes,10.0,99
AC003808,2025-10-20,A0029,RM002,Follow-up Call,Growth Equity Partners III,Private Equity,79,No,No,,23
AC003809,2025-08-11,A0152,RM015,Follow-up Call,Opportunistic Credit Fund II,Private Credit,74,Yes,No,22.0,34
AC003810,2026-02-13,A0024,RM008,Product Education,Opportunistic Real Estate Fund VI,Real Estate,57,No,No,,34
AC003811,2026-02-10,A0154,RM002,In-person Meeting,Growth Equity Partners III,Private Equity,62,No,No,,79
AC003812,2026-01-31,A0049,RM011,Product Education,Opportunistic Real Estate Fund VI,Real Estate,76,No,No,,28
AC003813,2025-06-21,A0296,RM001,Portfolio Review,Senior Direct Lending Fund VI,Private Credit,68,Yes,Yes,10.0,76
AC003814,2025-09-16,A0337,RM002,Due Diligence Meeting,Private Equity Buyout Fund VII,Private Equity,96,Yes,Yes,22.0,112
AC003815,2025-07-02,A0279,RM008,Due Diligence Meeting,Global Infrastructure Partners IV,Infrastructure,60,Yes,Yes,13.0,54
AC003816,2025-11-29,A0073,RM002,In-person Meeting,Global Infrastructure Partners IV,Infrastructure,68,Yes,Yes,3.0,83
AC003817,2026-03-07,A0311,RM004,Portfolio Review,Private Equity Buyout Fund VII,Private Equity,83,Yes,Yes,14.0,53
AC003818,2025-05-12,A0095,RM003,In-person Meeting,Core Infrastructure Income Fund III,Infrastructure,100,Yes,Yes,23.0,67
AC003819,2025-11-20,A0309,RM008,Product Education,Direct Lending Income Fund V,Private Credit,71,Yes,Yes,26.0,49
AC003820,2026-01-25,A0228,RM009,Product Education,Growth Equity Partners III,Private Equity,63,Yes,No,4.0,39
AC003821,2025-12-25,A0143,RM009,Follow-up Call,Real Estate Income Fund II,Real Estate,55,Yes,Yes,23.0,28
AC003822,2026-03-18,A0031,RM010,Due Diligence Meeting,Opportunistic Credit Fund II,Private Credit,72,Yes,No,9.0,69
AC003823,2025-05-15,A0335,RM006,Due Diligence Meeting,Growth Equity Partners III,Private Equity,75,Yes,Yes,25.0,91
AC003824,2025-08-27,A0376,RM012,Follow-up Call,Value-Add Real Estate Fund IV,Real Estate,81,Yes,Yes,4.0,34
AC003825,2025-06-27,A0271,RM014,Follow-up Call,Direct Lending Income Fund V,Private Credit,54,Yes,Yes,7.0,34
AC003826,2025-10-28,A0388,RM012,Webinar,Global Infrastructure Partners IV,Infrastructure,47,Yes,Yes,17.0,42
AC003827,2025-09-04,A0373,RM005,In-person Meeting,Real Estate Income Fund II,Real Estate,76,Yes,Yes,17.0,90
AC003828,2026-02-09,A0071,RM003,Follow-up Call,Senior Direct Lending Fund VI,Private Credit,56,No,No,,33
AC003829,2025-08-24,A0297,RM006,Due Diligence Meeting,Growth Equity Partners III,Private Equity,92,Yes,Yes,10.0,16
AC003830,2025-07-13,A0136,RM010,Product Education,Private Equity Buyout Fund VII,Private Equity,55,Yes,Yes,20.0,37
AC003831,2025-09-25,A0195,RM005,Portfolio Review,Value-Add Real Estate Fund IV,Real Estate,88,Yes,Yes,17.0,63
AC003832,2025-08-28,A0057,RM015,Product Education,Core Infrastructure Income Fund III,Infrastructure,42,No,No,,30
AC003833,2025-05-25,A0392,RM009,Follow-up Call,Real Estate Income Fund II,Real Estate,59,No,No,,13
AC003834,2026-04-17,A0295,RM009,Due Diligence Meeting,Private Equity Buyout Fund VII,Private Equity,74,Yes,Yes,13.0,71
AC003835,2025-11-27,A0101,RM005,Follow-up Call,Private Equity Buyout Fund VII,Private Equity,53,No,No,,17
AC003836,2025-08-03,A0144,RM007,In-person Meeting,Private Equity Buyout Fund VII,Private Equity,67,No,No,,83
AC003837,2025-11-08,A0170,RM012,Due Diligence Meeting,Real Estate Income Fund II,Real Estate,87,Yes,No,25.0,93
AC003838,2026-03-04,A0305,RM007,Product Education,Value-Add Real Estate Fund IV,Real Estate,66,Yes,Yes,16.0,38
AC003839,2025-08-21,A0371,RM009,Product Education,Opportunistic Real Estate Fund VI,Real Estate,66,Yes,Yes,16.0,31
AC003840,2026-01-06,A0121,RM010,Intro Call,Private Equity Buyout Fund VII,Private Equity,62,Yes,Yes,23.0,54
AC003841,2025-08-19,A0188,RM004,In-person Meeting,Private Equity Buyout Fund VII,Private Equity,95,Yes,Yes,11.0,74
AC003842,2025-12-25,A0238,RM015,Intro Call,Direct Lending Income Fund V,Private Credit,46,No,No,,29
AC003843,2025-10-25,A0154,RM002,Intro Call,Opportunistic Real Estate Fund VI,Real Estate,62,No,No,,30
AC003844,2025-08-21,A0200,RM007,Follow-up Call,Real Estate Income Fund II,Real Estate,70,No,No,,42
AC003845,2025-12-17,A0036,RM008,Follow-up Call,Value-Add Real Estate Fund IV,Real Estate,68,Yes,Yes,18.0,35
AC003846,2026-03-12,A0061,RM006,Portfolio Review,Global Infrastructure Partners IV,Infrastructure,75,Yes,Yes,20.0,87
AC003847,2025-06-15,A0157,RM016,Due Diligence Meeting,Private Equity Buyout Fund VII,Private Equity,100,Yes,Yes,3.0,61
AC003848,2026-02-27,A0367,RM002,Follow-up Call,Senior Direct Lending Fund VI,Private Credit,62,No,No,,29
AC003849,2025-11-08,A0136,RM010,Follow-up Call,Opportunistic Credit Fund II,Private Credit,56,Yes,Yes,3.0,31
AC003850,2025-05-25,A0095,RM003,Webinar,Global Infrastructure Partners IV,Infrastructure,74,Yes,Yes,22.0,32
AC003851,2026-02-24,A0302,RM001,Intro Call,Private Equity Buyout Fund VII,Private Equity,51,No,No,,40
AC003852,2025-06-10,A0382,RM010,Webinar,Direct Lending Income Fund V,Private Credit,68,Yes,Yes,29.0,55
AC003853,2025-09-06,A0183,RM014,In-person Meeting,Value-Add Real Estate Fund IV,Real Estate,66,Yes,Yes,12.0,41
AC003854,2025-09-16,A0006,RM012,Intro Call,Private Equity Buyout Fund VII,Private Equity,76,Yes,No,18.0,31
AC003855,2025-05-15,A0279,RM008,Follow-up Call,Senior Direct Lending Fund VI,Private Credit,52,No,No,,20
AC003856,2025-05-17,A0165,RM011,Follow-up Call,Direct Lending Income Fund V,Private Credit,81,Yes,Yes,4.0,43
AC003857,2026-01-22,A0274,RM001,Follow-up Call,Core Infrastructure Income Fund III,Infrastructure,39,No,No,,29
AC003858,2026-03-10,A0105,RM004,Product Education,Senior Direct Lending Fund VI,Private Credit,52,Yes,Yes,5.0,42
AC003859,2025-06-24,A0001,RM006,Webinar,Value-Add Real Estate Fund IV,Real Estate,53,No,No,,51
AC003860,2025-11-13,A0132,RM007,In-person Meeting,Opportunistic Credit Fund II,Private Credit,90,Yes,Yes,17.0,59
AC003861,2026-04-10,A0285,RM011,Product Education,Opportunistic Credit Fund II,Private Credit,81,Yes,Yes,11.0,35
AC003862,2025-12-19,A0154,RM002,Due Diligence Meeting,Global Infrastructure Partners IV,Infrastructure,71,Yes,Yes,14.0,105
AC003863,2025-07-05,A0080,RM006,Intro Call,Global Infrastructure Partners IV,Infrastructure,43,Yes,No,19.0,31
AC003864,2025-06-12,A0186,RM006,Product Education,Opportunistic Real Estate Fund VI,Real Estate,67,Yes,Yes,15.0,24
AC003865,2026-04-19,A0305,RM007,Due Diligence Meeting,Global Infrastructure Partners IV,Infrastructure,68,Yes,Yes,5.0,56
AC003866,2026-01-23,A0043,RM003,Intro Call,Value-Add Real Estate Fund IV,Real Estate,58,Yes,No,11.0,21
AC003867,2025-07-28,A0280,RM004,Due Diligence Meeting,Private Equity Buyout Fund VII,Private Equity,87,Yes,Yes,14.0,34
AC003868,2025-06-27,A0272,RM012,Webinar,Senior Direct Lending Fund VI,Private Credit,39,Yes,Yes,18.0,48
AC003869,2026-03-09,A0144,RM007,In-person Meeting,Direct Lending Income Fund V,Private Credit,82,Yes,Yes,10.0,59
AC003870,2026-03-19,A0390,RM001,Product Education,Growth Equity Partners III,Private Equity,61,No,No,,25
AC003871,2025-06-05,A0356,RM002,Webinar,Senior Direct Lending Fund VI,Private Credit,54,Yes,Yes,4.0,54
AC003872,2026-01-17,A0120,RM009,Webinar,Opportunistic Credit Fund II,Private Credit,43,No,No,,52
AC003873,2026-03-14,A0017,RM002,Webinar,Growth Equity Partners III,Private Equity,31,No,No,,71
AC003874,2025-06-09,A0117,RM010,Product Education,Opportunistic Credit Fund II,Private Credit,46,No,No,,50
AC003875,2025-06-04,A0074,RM008,Intro Call,Senior Direct Lending Fund VI,Private Credit,51,No,No,,33
AC003876,2026-03-27,A0219,RM011,Follow-up Call,Senior Direct Lending Fund VI,Private Credit,63,No,No,,36
AC003877,2025-11-01,A0369,RM011,In-person Meeting,Opportunistic Real Estate Fund VI,Real Estate,95,No,No,,89
AC003878,2025-10-24,A0345,RM016,Portfolio Review,Senior Direct Lending Fund VI,Private Credit,81,No,No,,85
AC003879,2025-07-27,A0117,RM010,Intro Call,Opportunistic Credit Fund II,Private Credit,42,Yes,Yes,8.0,37
AC003880,2026-03-30,A0172,RM009,Product Education,Growth Equity Partners III,Private Equity,51,Yes,No,10.0,43
AC003881,2025-06-19,A0018,RM007,Portfolio Review,Global Infrastructure Partners IV,Infrastructure,80,Yes,Yes,28.0,58
AC003882,2026-03-05,A0218,RM006,In-person Meeting,Senior Direct Lending Fund VI,Private Credit,99,Yes,Yes,25.0,88
AC003883,2026-01-10,A0026,RM011,Follow-up Call,Global Infrastructure Partners IV,Infrastructure,60,Yes,Yes,27.0,27
AC003884,2025-07-31,A0375,RM010,Webinar,Value-Add Real Estate Fund IV,Real Estate,46,No,No,,39
AC003885,2025-07-24,A0343,RM004,Due Diligence Meeting,Opportunistic Credit Fund II,Private Credit,94,Yes,Yes,21.0,89
AC003886,2026-01-28,A0078,RM016,Webinar,Senior Direct Lending Fund VI,Private Credit,83,Yes,Yes,4.0,54
AC003887,2025-06-20,A0284,RM016,Due Diligence Meeting,Direct Lending Income Fund V,Private Credit,78,No,No,,75
AC003888,2025-07-24,A0228,RM009,Follow-up Call,Private Equity Buyout Fund VII,Private Equity,60,No,No,,35
AC003889,2025-10-24,A0326,RM014,In-person Meeting,Global Infrastructure Partners IV,Infrastructure,69,Yes,Yes,14.0,112
AC003890,2025-05-29,A0190,RM009,Intro Call,Growth Equity Partners III,Private Equity,56,Yes,Yes,21.0,38
AC003891,2026-04-20,A0071,RM003,Follow-up Call,Real Estate Income Fund II,Real Estate,49,Yes,Yes,9.0,31
AC003892,2026-02-18,A0258,RM009,Follow-up Call,Direct Lending Income Fund V,Private Credit,54,Yes,Yes,25.0,37
AC003893,2025-11-23,A0031,RM010,Webinar,Core Infrastructure Income Fund III,Infrastructure,60,No,No,,48
AC003894,2025-10-23,A0234,RM008,Webinar,Growth Equity Partners III,Private Equity,54,Yes,No,27.0,50
AC003895,2026-01-06,A0078,RM016,Follow-up Call,Opportunistic Real Estate Fund VI,Real Estate,81,Yes,Yes,16.0,41
AC003896,2025-11-13,A0278,RM011,Follow-up Call,Opportunistic Real Estate Fund VI,Real Estate,49,Yes,No,21.0,24
AC003897,2025-07-21,A0335,RM006,Due Diligence Meeting,Opportunistic Real Estate Fund VI,Real Estate,62,Yes,No,17.0,88
AC003898,2025-10-30,A0038,RM012,Webinar,Senior Direct Lending Fund VI,Private Credit,62,Yes,Yes,2.0,57
AC003899,2026-02-25,A0157,RM016,Product Education,Growth Equity Partners III,Private Equity,85,Yes,Yes,7.0,45
AC003900,2026-01-18,A0297,RM006,Follow-up Call,Private Equity Buyout Fund VII,Private Equity,87,No,No,,30
AC003901,2025-07-31,A0060,RM006,Webinar,Real Estate Income Fund II,Real Estate,46,Yes,No,5.0,43
AC003902,2025-08-10,A0228,RM009,Follow-up Call,Opportunistic Credit Fund II,Private Credit,71,No,No,,35
AC003903,2026-01-20,A0273,RM012,Portfolio Review,Opportunistic Real Estate Fund VI,Real Estate,88,Yes,No,11.0,72
AC003904,2025-06-16,A0138,RM016,Intro Call,Value-Add Real Estate Fund IV,Real Estate,63,No,No,,35
AC003905,2025-09-01,A0337,RM002,Product Education,Growth Equity Partners III,Private Equity,70,Yes,Yes,20.0,32
AC003906,2026-03-29,A0203,RM006,Follow-up Call,Value-Add Real Estate Fund IV,Real Estate,54,Yes,Yes,3.0,47
AC003907,2025-12-22,A0253,RM004,Follow-up Call,Global Infrastructure Partners IV,Infrastructure,52,Yes,Yes,3.0,33
AC003908,2025-11-27,A0049,RM011,Follow-up Call,Core Infrastructure Income Fund III,Infrastructure,53,Yes,Yes,23.0,39
AC003909,2026-02-22,A0013,RM011,Follow-up Call,Direct Lending Income Fund V,Private Credit,61,No,No,,28
AC003910,2025-08-27,A0024,RM008,Follow-up Call,Opportunistic Real Estate Fund VI,Real Estate,53,Yes,Yes,10.0,29
AC003911,2026-04-06,A0362,RM014,Intro Call,Opportunistic Real Estate Fund VI,Real Estate,33,Yes,Yes,18.0,50
AC003912,2025-08-16,A0350,RM007,Intro Call,Global Infrastructure Partners IV,Infrastructure,49,Yes,Yes,18.0,40
AC003913,2025-08-16,A0326,RM014,Due Diligence Meeting,Opportunistic Real Estate Fund VI,Real Estate,72,Yes,Yes,19.0,47
AC003914,2025-08-02,A0072,RM009,Webinar,Opportunistic Real Estate Fund VI,Real Estate,68,Yes,No,19.0,42
AC003915,2025-05-23,A0208,RM014,In-person Meeting,Opportunistic Credit Fund II,Private Credit,80,Yes,Yes,27.0,49
AC003916,2026-01-21,A0324,RM008,Follow-up Call,Opportunistic Credit Fund II,Private Credit,67,No,No,,35
AC003917,2025-07-06,A0275,RM005,Intro Call,Growth Equity Partners III,Private Equity,23,Yes,Yes,4.0,42
AC003918,2026-02-14,A0041,RM008,Due Diligence Meeting,Senior Direct Lending Fund VI,Private Credit,86,No,No,,84
AC003919,2026-02-26,A0357,RM010,Follow-up Call,Global Infrastructure Partners IV,Infrastructure,60,No,No,,37
AC003920,2025-12-07,A0059,RM002,Follow-up Call,Direct Lending Income Fund V,Private Credit,39,Yes,No,29.0,33
AC003921,2026-01-08,A0062,RM016,Follow-up Call,Growth Equity Partners III,Private Equity,77,Yes,Yes,24.0,48
AC003922,2025-11-03,A0360,RM013,Follow-up Call,Opportunistic Credit Fund II,Private Credit,85,Yes,No,23.0,36
AC003923,2025-05-16,A0193,RM004,Portfolio Review,Direct Lending Income Fund V,Private Credit,80,Yes,Yes,26.0,53
AC003924,2025-08-01,A0145,RM006,Follow-up Call,Real Estate Income Fund II,Real Estate,50,Yes,No,28.0,43
AC003925,2025-08-14,A0222,RM010,In-person Meeting,Private Equity Buyout Fund VII,Private Equity,80,Yes,Yes,29.0,37
AC003926,2026-01-22,A0396,RM016,Intro Call,Private Equity Buyout Fund VII,Private Equity,34,No,No,,30
AC003927,2025-12-28,A0043,RM003,Due Diligence Meeting,Senior Direct Lending Fund VI,Private Credit,71,Yes,Yes,28.0,71
AC003928,2025-11-02,A0307,RM014,In-person Meeting,Core Infrastructure Income Fund III,Infrastructure,68,Yes,Yes,28.0,68
AC003929,2025-07-23,A0127,RM014,Follow-up Call,Private Equity Buyout Fund VII,Private Equity,66,Yes,Yes,20.0,40
AC003930,2025-10-07,A0041,RM008,Intro Call,Core Infrastructure Income Fund III,Infrastructure,49,Yes,No,13.0,30
AC003931,2025-10-29,A0169,RM010,Webinar,Direct Lending Income Fund V,Private Credit,66,Yes,Yes,16.0,44
AC003932,2025-09-20,A0220,RM015,Intro Call,Real Estate Income Fund II,Real Estate,59,Yes,No,2.0,27
AC003933,2026-04-09,A0075,RM001,Follow-up Call,Private Equity Buyout Fund VII,Private Equity,76,Yes,Yes,8.0,30
AC003934,2025-11-01,A0158,RM007,Intro Call,Core Infrastructure Income Fund III,Infrastructure,46,No,No,,52
AC003935,2025-10-23,A0257,RM004,Due Diligence Meeting,Opportunistic Real Estate Fund VI,Real Estate,74,Yes,Yes,13.0,77
AC003936,2026-02-11,A0232,RM012,Follow-up Call,Value-Add Real Estate Fund IV,Real Estate,48,Yes,No,28.0,29
AC003937,2025-10-21,A0294,RM012,Due Diligence Meeting,Real Estate Income Fund II,Real Estate,76,Yes,Yes,21.0,75
AC003938,2025-09-27,A0339,RM004,Intro Call,Opportunistic Credit Fund II,Private Credit,49,No,No,,22
AC003939,2026-01-05,A0160,RM002,Follow-up Call,Real Estate Income Fund II,Real Estate,61,Yes,Yes,24.0,32
AC003940,2026-04-15,A0170,RM012,In-person Meeting,Value-Add Real Estate Fund IV,Real Estate,74,Yes,Yes,4.0,86
AC003941,2025-08-28,A0198,RM014,Webinar,Opportunistic Credit Fund II,Private Credit,66,Yes,Yes,11.0,27
AC003942,2026-02-22,A0228,RM009,Due Diligence Meeting,Real Estate Income Fund II,Real Estate,93,Yes,Yes,6.0,78
AC003943,2025-08-01,A0037,RM013,Due Diligence Meeting,Direct Lending Income Fund V,Private Credit,82,Yes,Yes,21.0,77
AC003944,2025-06-28,A0118,RM013,Due Diligence Meeting,Value-Add Real Estate Fund IV,Real Estate,73,Yes,Yes,10.0,89
AC003945,2026-02-16,A0062,RM016,Webinar,Value-Add Real Estate Fund IV,Real Estate,74,Yes,Yes,2.0,39
AC003946,2025-05-09,A0150,RM006,Product Education,Direct Lending Income Fund V,Private Credit,82,Yes,Yes,11.0,23
AC003947,2025-05-22,A0391,RM012,In-person Meeting,Senior Direct Lending Fund VI,Private Credit,47,Yes,Yes,3.0,79
AC003948,2025-12-24,A0233,RM004,Intro Call,Direct Lending Income Fund V,Private Credit,56,Yes,No,28.0,33
AC003949,2025-07-01,A0173,RM016,Follow-up Call,Opportunistic Credit Fund II,Private Credit,37,Yes,Yes,13.0,25
AC003950,2026-02-19,A0228,RM009,In-person Meeting,Core Infrastructure Income Fund III,Infrastructure,100,Yes,Yes,27.0,75
AC003951,2025-11-27,A0273,RM012,In-person Meeting,Opportunistic Credit Fund II,Private Credit,76,No,No,,88
AC003952,2026-02-21,A0174,RM016,Follow-up Call,Core Infrastructure Income Fund III,Infrastructure,59,Yes,Yes,21.0,22
AC003953,2025-10-10,A0181,RM003,Webinar,Opportunistic Real Estate Fund VI,Real Estate,39,No,No,,41
AC003954,2025-11-08,A0285,RM011,In-person Meeting,Private Equity Buyout Fund VII,Private Equity,73,No,No,,75
AC003955,2025-08-04,A0026,RM011,Follow-up Call,Direct Lending Income Fund V,Private Credit,53,Yes,No,21.0,18
AC003956,2026-01-04,A0215,RM005,Intro Call,Direct Lending Income Fund V,Private Credit,44,No,No,,19
AC003957,2025-10-31,A0220,RM015,Due Diligence Meeting,Global Infrastructure Partners IV,Infrastructure,95,Yes,Yes,3.0,71
AC003958,2025-08-02,A0307,RM014,Webinar,Opportunistic Real Estate Fund VI,Real Estate,41,No,No,,63
AC003959,2025-12-03,A0397,RM013,In-person Meeting,Global Infrastructure Partners IV,Infrastructure,70,No,No,,69
AC003960,2025-11-01,A0323,RM016,In-person Meeting,Global Infrastructure Partners IV,Infrastructure,100,No,No,,87
AC003961,2025-08-08,A0200,RM007,Follow-up Call,Growth Equity Partners III,Private Equity,72,No,No,,40
AC003962,2025-12-05,A0062,RM016,In-person Meeting,Real Estate Income Fund II,Real Estate,88,Yes,No,28.0,59
AC003963,2025-07-19,A0236,RM006,Follow-up Call,Private Equity Buyout Fund VII,Private Equity,76,No,No,,23
AC003964,2026-03-25,A0338,RM007,Due Diligence Meeting,Opportunistic Real Estate Fund VI,Real Estate,77,No,No,,68
AC003965,2026-01-20,A0373,RM005,Intro Call,Value-Add Real Estate Fund IV,Real Estate,42,Yes,Yes,2.0,29
AC003966,2026-02-10,A0334,RM007,Due Diligence Meeting,Real Estate Income Fund II,Real Estate,57,Yes,No,15.0,66
AC003967,2026-01-10,A0069,RM016,Portfolio Review,Senior Direct Lending Fund VI,Private Credit,75,No,No,,61
AC003968,2025-10-12,A0289,RM008,Intro Call,Opportunistic Credit Fund II,Private Credit,68,Yes,No,5.0,26
AC003969,2025-09-24,A0349,RM014,Product Education,Real Estate Income Fund II,Real Estate,89,Yes,Yes,16.0,21
AC003970,2026-03-25,A0276,RM005,Follow-up Call,Core Infrastructure Income Fund III,Infrastructure,76,Yes,Yes,7.0,35
AC003971,2025-09-17,A0278,RM011,Follow-up Call,Direct Lending Income Fund V,Private Credit,59,Yes,No,24.0,32
AC003972,2025-06-21,A0199,RM014,In-person Meeting,Opportunistic Credit Fund II,Private Credit,73,No,No,,48
AC003973,2026-03-21,A0257,RM004,Intro Call,Direct Lending Income Fund V,Private Credit,63,Yes,Yes,3.0,44
AC003974,2026-02-02,A0111,RM006,Due Diligence Meeting,Value-Add Real Estate Fund IV,Real Estate,48,No,No,,48
AC003975,2025-06-19,A0033,RM009,Webinar,Real Estate Income Fund II,Real Estate,60,Yes,Yes,7.0,44
AC003976,2026-04-20,A0335,RM006,Due Diligence Meeting,Value-Add Real Estate Fund IV,Real Estate,72,Yes,Yes,7.0,53
AC003977,2026-03-08,A0378,RM003,Portfolio Review,Senior Direct Lending Fund VI,Private Credit,49,Yes,Yes,24.0,93
AC003978,2025-12-27,A0343,RM004,Due Diligence Meeting,Real Estate Income Fund II,Real Estate,86,Yes,No,5.0,84
AC003979,2025-08-08,A0127,RM014,Due Diligence Meeting,Core Infrastructure Income Fund III,Infrastructure,82,Yes,Yes,22.0,99
AC003980,2025-12-10,A0034,RM014,In-person Meeting,Core Infrastructure Income Fund III,Infrastructure,65,Yes,Yes,5.0,102
AC003981,2026-01-14,A0106,RM001,Due Diligence Meeting,Core Infrastructure Income Fund III,Infrastructure,72,No,No,,58
AC003982,2025-10-08,A0341,RM002,Follow-up Call,Opportunistic Credit Fund II,Private Credit,74,Yes,Yes,5.0,21
AC003983,2025-11-12,A0265,RM001,Intro Call,Senior Direct Lending Fund VI,Private Credit,51,Yes,No,24.0,53
AC003984,2025-09-21,A0388,RM012,Follow-up Call,Core Infrastructure Income Fund III,Infrastructure,49,No,No,,20
AC003985,2025-11-07,A0131,RM006,In-person Meeting,Core Infrastructure Income Fund III,Infrastructure,51,No,No,,80
AC003986,2025-10-27,A0221,RM001,Follow-up Call,Value-Add Real Estate Fund IV,Real Estate,43,Yes,No,2.0,35
AC003987,2025-05-08,A0323,RM016,Follow-up Call,Opportunistic Real Estate Fund VI,Real Estate,84,Yes,Yes,22.0,55
AC003988,2026-04-14,A0089,RM012,Intro Call,Direct Lending Income Fund V,Private Credit,50,Yes,Yes,27.0,31
AC003989,2025-09-08,A0387,RM006,Follow-up Call,Opportunistic Credit Fund II,Private Credit,64,Yes,Yes,10.0,12
AC003990,2025-10-22,A0237,RM008,Product Education,Global Infrastructure Partners IV,Infrastructure,57,No,No,,26
AC003991,2025-07-19,A0005,RM006,Intro Call,Value-Add Real Estate Fund IV,Real Estate,46,Yes,Yes,21.0,38
AC003992,2025-12-31,A0014,RM013,In-person Meeting,Private Equity Buyout Fund VII,Private Equity,67,Yes,Yes,18.0,61
AC003993,2025-11-05,A0350,RM007,In-person Meeting,Private Equity Buyout Fund VII,Private Equity,85,Yes,Yes,22.0,85
AC003994,2026-03-01,A0260,RM001,Due Diligence Meeting,Global Infrastructure Partners IV,Infrastructure,86,No,No,,81
AC003995,2025-07-13,A0310,RM010,In-person Meeting,Direct Lending Income Fund V,Private Credit,57,Yes,No,7.0,80
AC003996,2026-02-25,A0320,RM009,Follow-up Call,Opportunistic Credit Fund II,Private Credit,67,Yes,Yes,6.0,52
AC003997,2025-12-08,A0168,RM013,Intro Call,Value-Add Real Estate Fund IV,Real Estate,47,Yes,No,19.0,36
AC003998,2025-12-27,A0324,RM008,In-person Meeting,Opportunistic Real Estate Fund VI,Real Estate,71,Yes,No,9.0,80
AC003999,2026-03-30,A0374,RM009,Portfolio Review,Opportunistic Credit Fund II,Private Credit,92,No,No,,54
AC004000,2025-07-10,A0062,RM016,Webinar,Core Infrastructure Income Fund III,Infrastructure,70,Yes,Yes,14.0,48
AC004001,2025-11-11,A0310,RM010,Product Education,Global Infrastructure Partners IV,Infrastructure,60,No,No,,37
AC004002,2025-09-17,A0117,RM010,In-person Meeting,Real Estate Income Fund II,Real Estate,63,Yes,No,28.0,78
AC004003,2025-09-02,A0121,RM010,In-person Meeting,Private Equity Buyout Fund VII,Private Equity,82,Yes,No,23.0,69
AC004004,2025-07-08,A0164,RM001,Webinar,Core Infrastructure Income Fund III,Infrastructure,45,No,No,,53
AC004005,2026-04-11,A0343,RM004,In-person Meeting,Opportunistic Credit Fund II,Private Credit,73,Yes,Yes,16.0,87
AC004006,2025-07-06,A0012,RM012,Portfolio Review,Direct Lending Income Fund V,Private Credit,82,Yes,Yes,25.0,108
AC004007,2026-01-14,A0173,RM016,Product Education,Real Estate Income Fund II,Real Estate,53,Yes,No,25.0,10
AC004008,2026-04-10,A0276,RM005,Intro Call,Private Equity Buyout Fund VII,Private Equity,72,Yes,No,25.0,50
AC004009,2025-06-11,A0039,RM001,Due Diligence Meeting,Direct Lending Income Fund V,Private Credit,85,Yes,No,11.0,77
AC004010,2026-01-08,A0323,RM016,Due Diligence Meeting,Real Estate Income Fund II,Real Estate,76,Yes,Yes,17.0,68
AC004011,2025-08-05,A0377,RM013,Intro Call,Global Infrastructure Partners IV,Infrastructure,47,Yes,Yes,27.0,33
AC004012,2025-07-02,A0033,RM009,Follow-up Call,Opportunistic Credit Fund II,Private Credit,63,No,No,,47
AC004013,2025-09-23,A0054,RM003,Portfolio Review,Core Infrastructure Income Fund III,Infrastructure,72,Yes,Yes,9.0,80
AC004014,2025-07-07,A0391,RM012,Intro Call,Global Infrastructure Partners IV,Infrastructure,43,No,No,,32
AC004015,2026-01-05,A0072,RM009,Follow-up Call,Senior Direct Lending Fund VI,Private Credit,69,No,No,,40
AC004016,2025-08-27,A0031,RM010,Product Education,Opportunistic Credit Fund II,Private Credit,79,Yes,No,4.0,12
AC004017,2025-10-29,A0382,RM010,Follow-up Call,Opportunistic Credit Fund II,Private Credit,74,Yes,Yes,3.0,19
AC004018,2026-02-26,A0356,RM002,Follow-up Call,Opportunistic Real Estate Fund VI,Real Estate,75,Yes,Yes,7.0,43
AC004019,2025-12-14,A0265,RM001,In-person Meeting,Value-Add Real Estate Fund IV,Real Estate,57,No,No,,54
AC004020,2025-09-30,A0221,RM001,Portfolio Review,Real Estate Income Fund II,Real Estate,55,Yes,Yes,7.0,89
AC004021,2025-06-23,A0369,RM011,Product Education,Opportunistic Credit Fund II,Private Credit,73,No,No,,28
AC004022,2025-08-15,A0265,RM001,In-person Meeting,Private Equity Buyout Fund VII,Private Equity,51,Yes,Yes,28.0,68
AC004023,2025-09-30,A0266,RM010,Portfolio Review,Direct Lending Income Fund V,Private Credit,78,Yes,No,18.0,78
AC004024,2025-08-30,A0341,RM002,Product Education,Growth Equity Partners III,Private Equity,70,Yes,No,20.0,34
AC004025,2026-03-16,A0263,RM014,In-person Meeting,Core Infrastructure Income Fund III,Infrastructure,57,Yes,Yes,8.0,54
AC004026,2026-03-18,A0200,RM007,In-person Meeting,Opportunistic Credit Fund II,Private Credit,86,No,No,,73
AC004027,2026-03-02,A0151,RM003,In-person Meeting,Direct Lending Income Fund V,Private Credit,80,No,No,,54
AC004028,2026-03-24,A0200,RM007,Webinar,Real Estate Income Fund II,Real Estate,51,Yes,No,3.0,53
AC004029,2025-10-11,A0206,RM004,Webinar,Direct Lending Income Fund V,Private Credit,66,Yes,No,15.0,35
AC004030,2026-04-12,A0142,RM013,Product Education,Real Estate Income Fund II,Real Estate,79,Yes,No,9.0,27
AC004031,2025-07-16,A0181,RM003,Product Education,Real Estate Income Fund II,Real Estate,43,Yes,No,15.0,42
AC004032,2026-03-12,A0326,RM014,Follow-up Call,Core Infrastructure Income Fund III,Infrastructure,51,Yes,Yes,14.0,30
AC004033,2025-08-02,A0166,RM013,In-person Meeting,Real Estate Income Fund II,Real Estate,68,Yes,Yes,29.0,95
AC004034,2025-06-26,A0014,RM013,Portfolio Review,Growth Equity Partners III,Private Equity,66,Yes,Yes,15.0,93
AC004035,2025-09-28,A0107,RM004,Due Diligence Meeting,Senior Direct Lending Fund VI,Private Credit,83,Yes,Yes,20.0,71
AC004036,2025-09-15,A0089,RM012,In-person Meeting,Value-Add Real Estate Fund IV,Real Estate,65,Yes,Yes,15.0,73
AC004037,2025-10-29,A0323,RM016,In-person Meeting,Direct Lending Income Fund V,Private Credit,85,Yes,Yes,21.0,111
AC004038,2025-07-05,A0181,RM003,Follow-up Call,Growth Equity Partners III,Private Equity,47,Yes,Yes,16.0,34
AC004039,2025-05-26,A0106,RM001,Portfolio Review,Core Infrastructure Income Fund III,Infrastructure,75,Yes,Yes,11.0,65
AC004040,2026-02-27,A0327,RM004,Follow-up Call,Real Estate Income Fund II,Real Estate,75,No,No,,36
AC004041,2026-01-07,A0009,RM010,Due Diligence Meeting,Value-Add Real Estate Fund IV,Real Estate,77,No,No,,88
AC004042,2025-12-13,A0062,RM016,Webinar,Real Estate Income Fund II,Real Estate,100,Yes,Yes,11.0,66
AC004043,2025-08-10,A0335,RM006,Follow-up Call,Opportunistic Credit Fund II,Private Credit,64,Yes,Yes,19.0,22
AC004044,2025-05-10,A0220,RM015,In-person Meeting,Real Estate Income Fund II,Real Estate,90,Yes,Yes,8.0,102
AC004045,2025-08-28,A0316,RM001,Follow-up Call,Private Equity Buyout Fund VII,Private Equity,56,No,No,,29
AC004046,2025-07-15,A0340,RM016,Webinar,Senior Direct Lending Fund VI,Private Credit,50,Yes,No,25.0,54
AC004047,2025-06-23,A0377,RM013,Webinar,Growth Equity Partners III,Private Equity,33,Yes,Yes,19.0,56
AC004048,2025-08-30,A0026,RM011,Follow-up Call,Direct Lending Income Fund V,Private Credit,51,Yes,No,8.0,38
AC004049,2025-05-04,A0325,RM006,Follow-up Call,Senior Direct Lending Fund VI,Private Credit,56,No,No,,36
AC004050,2025-11-14,A0287,RM006,Follow-up Call,Core Infrastructure Income Fund III,Infrastructure,75,Yes,Yes,12.0,32
AC004051,2025-11-05,A0076,RM007,In-person Meeting,Real Estate Income Fund II,Real Estate,80,Yes,No,10.0,94
AC004052,2025-12-31,A0373,RM005,Webinar,Core Infrastructure Income Fund III,Infrastructure,48,Yes,Yes,25.0,54
AC004053,2025-10-12,A0158,RM007,Due Diligence Meeting,Growth Equity Partners III,Private Equity,76,Yes,No,20.0,65
AC004054,2025-08-05,A0352,RM002,Webinar,Opportunistic Credit Fund II,Private Credit,66,Yes,Yes,24.0,40
AC004055,2025-12-26,A0243,RM013,Follow-up Call,Real Estate Income Fund II,Real Estate,94,Yes,Yes,2.0,41
AC004056,2026-04-16,A0208,RM014,In-person Meeting,Opportunistic Real Estate Fund VI,Real Estate,82,No,No,,44
AC004057,2025-07-26,A0058,RM007,In-person Meeting,Opportunistic Real Estate Fund VI,Real Estate,85,Yes,Yes,21.0,70
AC004058,2026-03-04,A0367,RM002,In-person Meeting,Private Equity Buyout Fund VII,Private Equity,83,Yes,Yes,21.0,63
AC004059,2026-01-23,A0225,RM016,In-person Meeting,Growth Equity Partners III,Private Equity,67,No,No,,76
AC004060,2025-08-14,A0005,RM006,Product Education,Direct Lending Income Fund V,Private Credit,74,No,No,,16
AC004061,2025-06-15,A0009,RM010,Intro Call,Real Estate Income Fund II,Real Estate,55,No,No,,37
AC004062,2025-06-30,A0317,RM011,Intro Call,Private Equity Buyout Fund VII,Private Equity,60,Yes,No,25.0,33
AC004063,2025-08-04,A0059,RM002,In-person Meeting,Opportunistic Real Estate Fund VI,Real Estate,59,Yes,Yes,9.0,112
AC004064,2025-06-06,A0239,RM003,Due Diligence Meeting,Core Infrastructure Income Fund III,Infrastructure,80,Yes,Yes,15.0,56
AC004065,2025-08-23,A0276,RM005,Webinar,Opportunistic Credit Fund II,Private Credit,72,Yes,No,11.0,38
AC004066,2026-03-04,A0106,RM001,Product Education,Real Estate Income Fund II,Real Estate,58,No,No,,35
AC004067,2025-12-02,A0229,RM002,Product Education,Real Estate Income Fund II,Real Estate,62,Yes,Yes,4.0,15
AC004068,2025-05-25,A0092,RM009,Portfolio Review,Private Equity Buyout Fund VII,Private Equity,77,Yes,Yes,3.0,56
AC004069,2025-10-08,A0380,RM003,In-person Meeting,Growth Equity Partners III,Private Equity,68,Yes,Yes,18.0,84
AC004070,2026-04-08,A0343,RM004,Follow-up Call,Growth Equity Partners III,Private Equity,73,Yes,No,29.0,14
AC004071,2025-11-28,A0108,RM008,Due Diligence Meeting,Core Infrastructure Income Fund III,Infrastructure,63,Yes,Yes,28.0,83
AC004072,2025-09-15,A0210,RM012,Webinar,Private Equity Buyout Fund VII,Private Equity,37,Yes,Yes,29.0,62
AC004073,2025-09-10,A0199,RM014,Due Diligence Meeting,Value-Add Real Estate Fund IV,Real Estate,81,No,No,,85
AC004074,2025-08-14,A0386,RM003,Due Diligence Meeting,Senior Direct Lending Fund VI,Private Credit,100,Yes,Yes,24.0,78
AC004075,2026-02-14,A0154,RM002,Intro Call,Private Equity Buyout Fund VII,Private Equity,50,No,No,,45
AC004076,2025-07-24,A0226,RM006,Product Education,Real Estate Income Fund II,Real Estate,67,Yes,Yes,5.0,18
AC004077,2025-10-04,A0372,RM002,Product Education,Senior Direct Lending Fund VI,Private Credit,70,No,No,,43
AC004078,2025-08-18,A0059,RM002,In-person Meeting,Opportunistic Credit Fund II,Private Credit,56,Yes,No,28.0,101
AC004079,2025-08-21,A0220,RM015,Product Education,Senior Direct Lending Fund VI,Private Credit,79,Yes,Yes,8.0,30
AC004080,2026-02-08,A0036,RM008,Follow-up Call,Private Equity Buyout Fund VII,Private Equity,54,No,No,,27
AC004081,2025-08-20,A0249,RM001,Webinar,Opportunistic Credit Fund II,Private Credit,58,No,No,,55
AC004082,2025-05-04,A0142,RM013,Follow-up Call,Private Equity Buyout Fund VII,Private Equity,63,Yes,Yes,29.0,36
AC004083,2025-07-15,A0389,RM004,Webinar,Opportunistic Credit Fund II,Private Credit,50,No,No,,65
AC004084,2025-05-30,A0165,RM011,Due Diligence Meeting,Private Equity Buyout Fund VII,Private Equity,94,Yes,Yes,24.0,62
AC004085,2026-01-19,A0048,RM007,Due Diligence Meeting,Global Infrastructure Partners IV,Infrastructure,91,No,No,,48
AC004086,2025-08-19,A0338,RM007,Follow-up Call,Global Infrastructure Partners IV,Infrastructure,48,Yes,No,15.0,39
AC004087,2026-02-03,A0333,RM006,Intro Call,Core Infrastructure Income Fund III,Infrastructure,35,No,No,,34
AC004088,2026-01-02,A0281,RM009,Follow-up Call,Core Infrastructure Income Fund III,Infrastructure,40,No,No,,29
AC004089,2025-05-11,A0305,RM007,Due Diligence Meeting,Real Estate Income Fund II,Real Estate,75,Yes,No,17.0,114
AC004090,2025-07-20,A0099,RM001,Follow-up Call,Direct Lending Income Fund V,Private Credit,73,Yes,Yes,21.0,23
AC004091,2025-05-09,A0259,RM007,Product Education,Senior Direct Lending Fund VI,Private Credit,70,No,No,,46
AC004092,2025-10-20,A0019,RM006,Webinar,Value-Add Real Estate Fund IV,Real Estate,44,Yes,Yes,4.0,38
AC004093,2025-07-26,A0071,RM003,Product Education,Direct Lending Income Fund V,Private Credit,53,No,No,,43
AC004094,2025-05-28,A0373,RM005,Due Diligence Meeting,Opportunistic Credit Fund II,Private Credit,66,No,No,,66
AC004095,2025-05-26,A0299,RM006,Portfolio Review,Opportunistic Real Estate Fund VI,Real Estate,71,No,No,,54
AC004096,2025-05-29,A0088,RM014,Webinar,Core Infrastructure Income Fund III,Infrastructure,40,No,No,,33
AC004097,2025-08-31,A0040,RM001,Due Diligence Meeting,Core Infrastructure Income Fund III,Infrastructure,100,Yes,Yes,12.0,51
AC004098,2025-12-17,A0382,RM010,In-person Meeting,Growth Equity Partners III,Private Equity,84,No,No,,78
AC004099,2025-07-15,A0040,RM001,Webinar,Growth Equity Partners III,Private Equity,56,Yes,Yes,16.0,51
AC004100,2026-04-16,A0097,RM009,Intro Call,Core Infrastructure Income Fund III,Infrastructure,47,Yes,No,11.0,32
AC004101,2025-10-30,A0065,RM005,In-person Meeting,Core Infrastructure Income Fund III,Infrastructure,91,Yes,Yes,3.0,67
AC004102,2026-02-14,A0005,RM006,Follow-up Call,Real Estate Income Fund II,Real Estate,61,Yes,Yes,27.0,48
AC004103,2026-01-20,A0119,RM007,Webinar,Global Infrastructure Partners IV,Infrastructure,62,No,No,,63
AC004104,2026-03-30,A0392,RM009,Intro Call,Growth Equity Partners III,Private Equity,69,Yes,Yes,17.0,30
AC004105,2026-02-18,A0130,RM009,Due Diligence Meeting,Senior Direct Lending Fund VI,Private Credit,96,No,No,,76
AC004106,2026-04-05,A0200,RM007,Webinar,Growth Equity Partners III,Private Equity,67,Yes,Yes,29.0,37
AC004107,2025-07-18,A0305,RM007,Webinar,Real Estate Income Fund II,Real Estate,56,No,No,,26
AC004108,2025-09-24,A0221,RM001,In-person Meeting,Direct Lending Income Fund V,Private Credit,61,No,No,,60
AC004109,2026-03-01,A0302,RM001,In-person Meeting,Private Equity Buyout Fund VII,Private Equity,61,Yes,Yes,28.0,74
AC004110,2025-09-10,A0270,RM012,In-person Meeting,Senior Direct Lending Fund VI,Private Credit,63,No,No,,96
AC004111,2025-10-30,A0245,RM010,Follow-up Call,Opportunistic Real Estate Fund VI,Real Estate,80,Yes,Yes,4.0,34
AC004112,2025-12-11,A0261,RM005,Follow-up Call,Opportunistic Credit Fund II,Private Credit,52,Yes,Yes,2.0,38
AC004113,2025-09-27,A0325,RM006,Due Diligence Meeting,Growth Equity Partners III,Private Equity,77,Yes,Yes,2.0,55
AC004114,2026-02-27,A0289,RM008,In-person Meeting,Real Estate Income Fund II,Real Estate,78,Yes,No,19.0,106
AC004115,2025-07-22,A0323,RM016,Webinar,Real Estate Income Fund II,Real Estate,54,Yes,Yes,21.0,34
AC004116,2025-12-20,A0052,RM006,In-person Meeting,Core Infrastructure Income Fund III,Infrastructure,72,No,No,,44
AC004117,2025-10-22,A0276,RM005,In-person Meeting,Senior Direct Lending Fund VI,Private Credit,79,Yes,Yes,16.0,50
AC004118,2025-07-20,A0299,RM006,Portfolio Review,Senior Direct Lending Fund VI,Private Credit,86,Yes,No,3.0,64
AC004119,2025-08-15,A0114,RM016,In-person Meeting,Global Infrastructure Partners IV,Infrastructure,58,Yes,No,10.0,93
AC004120,2026-01-18,A0347,RM003,Intro Call,Core Infrastructure Income Fund III,Infrastructure,50,Yes,No,20.0,29
AC004121,2026-01-12,A0116,RM005,Follow-up Call,Opportunistic Credit Fund II,Private Credit,51,Yes,Yes,3.0,43
AC004122,2025-07-09,A0094,RM005,Webinar,Private Equity Buyout Fund VII,Private Equity,37,No,No,,60
AC004123,2025-06-26,A0344,RM001,Product Education,Global Infrastructure Partners IV,Infrastructure,70,Yes,Yes,9.0,27
AC004124,2026-04-30,A0095,RM003,In-person Meeting,Global Infrastructure Partners IV,Infrastructure,94,Yes,Yes,23.0,76
AC004125,2025-06-01,A0165,RM011,Webinar,Senior Direct Lending Fund VI,Private Credit,77,Yes,Yes,13.0,42
AC004126,2025-06-14,A0143,RM009,Intro Call,Private Equity Buyout Fund VII,Private Equity,63,Yes,No,18.0,18
AC004127,2026-01-18,A0359,RM013,Webinar,Opportunistic Credit Fund II,Private Credit,37,Yes,Yes,8.0,53
AC004128,2025-10-15,A0183,RM014,Webinar,Value-Add Real Estate Fund IV,Real Estate,58,Yes,No,2.0,69
AC004129,2026-02-10,A0281,RM009,Follow-up Call,Private Equity Buyout Fund VII,Private Equity,75,Yes,Yes,15.0,31
AC004130,2025-09-18,A0323,RM016,In-person Meeting,Opportunistic Real Estate Fund VI,Real Estate,98,Yes,Yes,25.0,106
AC004131,2025-05-21,A0254,RM002,In-person Meeting,Private Equity Buyout Fund VII,Private Equity,59,Yes,Yes,18.0,93
AC004132,2026-03-06,A0378,RM003,Product Education,Growth Equity Partners III,Private Equity,50,No,No,,46
AC004133,2026-04-14,A0326,RM014,Follow-up Call,Real Estate Income Fund II,Real Estate,36,No,No,,40
AC004134,2026-01-17,A0157,RM016,Intro Call,Private Equity Buyout Fund VII,Private Equity,70,Yes,No,5.0,53
AC004135,2026-03-29,A0382,RM010,In-person Meeting,Real Estate Income Fund II,Real Estate,88,No,No,,83
AC004136,2025-07-29,A0207,RM008,Webinar,Direct Lending Income Fund V,Private Credit,47,No,No,,71
AC004137,2025-12-25,A0013,RM011,Webinar,Direct Lending Income Fund V,Private Credit,31,No,No,,56
AC004138,2025-06-21,A0098,RM009,Intro Call,Growth Equity Partners III,Private Equity,70,No,No,,25
AC004139,2026-04-02,A0250,RM010,In-person Meeting,Core Infrastructure Income Fund III,Infrastructure,75,Yes,Yes,29.0,68
AC004140,2026-03-31,A0056,RM011,Due Diligence Meeting,Private Equity Buyout Fund VII,Private Equity,95,Yes,Yes,3.0,73
AC004141,2025-11-23,A0234,RM008,Product Education,Opportunistic Credit Fund II,Private Credit,73,Yes,No,14.0,47
AC004142,2025-09-25,A0142,RM013,Portfolio Review,Real Estate Income Fund II,Real Estate,86,Yes,Yes,16.0,62
AC004143,2025-08-04,A0212,RM007,Product Education,Opportunistic Credit Fund II,Private Credit,82,Yes,No,14.0,31
AC004144,2026-03-07,A0001,RM006,Webinar,Opportunistic Real Estate Fund VI,Real Estate,55,Yes,Yes,16.0,38
AC004145,2026-02-28,A0342,RM003,Webinar,Value-Add Real Estate Fund IV,Real Estate,43,No,No,,42
AC004146,2026-03-16,A0142,RM013,Webinar,Value-Add Real Estate Fund IV,Real Estate,75,No,No,,40
AC004147,2025-06-04,A0049,RM011,Due Diligence Meeting,Direct Lending Income Fund V,Private Credit,82,Yes,No,20.0,101
AC004148,2025-08-03,A0174,RM016,In-person Meeting,Core Infrastructure Income Fund III,Infrastructure,72,Yes,Yes,18.0,51
AC004149,2026-03-28,A0194,RM002,Portfolio Review,Real Estate Income Fund II,Real Estate,81,Yes,Yes,12.0,64
AC004150,2026-01-09,A0257,RM004,Portfolio Review,Opportunistic Real Estate Fund VI,Real Estate,76,No,No,,63
AC004151,2025-06-17,A0207,RM008,Follow-up Call,Real Estate Income Fund II,Real Estate,31,No,No,,42
AC004152,2025-05-06,A0020,RM014,Intro Call,Global Infrastructure Partners IV,Infrastructure,53,No,No,,16
AC004153,2025-11-23,A0346,RM016,Webinar,Opportunistic Real Estate Fund VI,Real Estate,66,Yes,Yes,9.0,57
AC004154,2025-12-10,A0183,RM014,Webinar,Global Infrastructure Partners IV,Infrastructure,46,Yes,No,26.0,65
AC004155,2025-06-06,A0030,RM009,Webinar,Global Infrastructure Partners IV,Infrastructure,72,No,No,,35
AC004156,2025-09-14,A0315,RM016,Webinar,Direct Lending Income Fund V,Private Credit,47,Yes,Yes,17.0,65
AC004157,2025-10-22,A0267,RM007,Webinar,Opportunistic Real Estate Fund VI,Real Estate,71,Yes,Yes,2.0,33
AC004158,2025-12-20,A0261,RM005,Follow-up Call,Growth Equity Partners III,Private Equity,56,Yes,Yes,26.0,37
AC004159,2026-04-28,A0172,RM009,Intro Call,Core Infrastructure Income Fund III,Infrastructure,38,Yes,Yes,2.0,40
AC004160,2025-06-11,A0162,RM015,Intro Call,Growth Equity Partners III,Private Equity,45,Yes,Yes,20.0,26
AC004161,2026-01-20,A0212,RM007,Follow-up Call,Growth Equity Partners III,Private Equity,53,Yes,No,19.0,20
AC004162,2025-05-28,A0024,RM008,Intro Call,Private Equity Buyout Fund VII,Private Equity,51,No,No,,19
AC004163,2025-10-11,A0113,RM003,Intro Call,Value-Add Real Estate Fund IV,Real Estate,49,Yes,Yes,24.0,35
AC004164,2025-11-30,A0398,RM007,Due Diligence Meeting,Opportunistic Real Estate Fund VI,Real Estate,84,Yes,Yes,24.0,78
AC004165,2026-02-27,A0270,RM012,Product Education,Senior Direct Lending Fund VI,Private Credit,72,No,No,,44
AC004166,2026-04-04,A0167,RM008,Follow-up Call,Value-Add Real Estate Fund IV,Real Estate,59,No,No,,29
AC004167,2025-12-02,A0082,RM003,In-person Meeting,Opportunistic Real Estate Fund VI,Real Estate,71,Yes,Yes,14.0,69
AC004168,2026-02-28,A0303,RM014,Portfolio Review,Core Infrastructure Income Fund III,Infrastructure,75,No,No,,71
AC004169,2026-02-24,A0098,RM009,Follow-up Call,Core Infrastructure Income Fund III,Infrastructure,79,No,No,,18
AC004170,2025-10-30,A0059,RM002,Follow-up Call,Direct Lending Income Fund V,Private Credit,55,Yes,Yes,15.0,34
AC004171,2026-03-28,A0054,RM003,Webinar,Global Infrastructure Partners IV,Infrastructure,63,No,No,,52
AC004172,2026-01-23,A0296,RM001,Intro Call,Growth Equity Partners III,Private Equity,46,Yes,No,19.0,20
AC004173,2025-05-11,A0259,RM007,Follow-up Call,Value-Add Real Estate Fund IV,Real Estate,70,Yes,Yes,25.0,25
AC004174,2025-11-14,A0029,RM002,In-person Meeting,Opportunistic Real Estate Fund VI,Real Estate,80,Yes,Yes,27.0,55
AC004175,2026-02-14,A0041,RM008,Webinar,Real Estate Income Fund II,Real Estate,66,Yes,Yes,20.0,43
AC004176,2026-01-09,A0256,RM015,Product Education,Value-Add Real Estate Fund IV,Real Estate,59,No,No,,55
AC004177,2025-11-08,A0229,RM002,In-person Meeting,Opportunistic Real Estate Fund VI,Real Estate,61,No,No,,71
AC004178,2025-07-21,A0278,RM011,Intro Call,Growth Equity Partners III,Private Equity,51,No,No,,44
AC004179,2025-08-02,A0064,RM011,Webinar,Global Infrastructure Partners IV,Infrastructure,50,Yes,Yes,6.0,52
AC004180,2025-05-04,A0295,RM009,Follow-up Call,Core Infrastructure Income Fund III,Infrastructure,53,No,No,,32
AC004181,2025-08-07,A0374,RM009,Intro Call,Private Equity Buyout Fund VII,Private Equity,76,No,No,,32
AC004182,2026-04-17,A0240,RM005,Webinar,Opportunistic Real Estate Fund VI,Real Estate,61,Yes,Yes,21.0,51
AC004183,2025-12-25,A0071,RM003,Follow-up Call,Opportunistic Real Estate Fund VI,Real Estate,54,No,No,,46
AC004184,2026-04-02,A0276,RM005,Webinar,Core Infrastructure Income Fund III,Infrastructure,65,No,No,,39
AC004185,2025-05-20,A0131,RM006,In-person Meeting,Opportunistic Real Estate Fund VI,Real Estate,60,Yes,Yes,20.0,113
AC004186,2025-08-13,A0024,RM008,Webinar,Private Equity Buyout Fund VII,Private Equity,39,No,No,,46
AC004187,2026-02-03,A0115,RM012,In-person Meeting,Core Infrastructure Income Fund III,Infrastructure,72,No,No,,87
AC004188,2025-10-21,A0362,RM014,Due Diligence Meeting,Core Infrastructure Income Fund III,Infrastructure,73,Yes,Yes,14.0,99
AC004189,2025-10-19,A0162,RM015,In-person Meeting,Opportunistic Credit Fund II,Private Credit,64,No,No,,57
AC004190,2026-03-13,A0343,RM004,Due Diligence Meeting,Senior Direct Lending Fund VI,Private Credit,80,Yes,Yes,11.0,45
AC004191,2026-03-24,A0202,RM002,In-person Meeting,Real Estate Income Fund II,Real Estate,73,Yes,Yes,13.0,62
AC004192,2025-11-05,A0204,RM004,In-person Meeting,Private Equity Buyout Fund VII,Private Equity,65,Yes,Yes,25.0,79
AC004193,2025-06-14,A0004,RM016,In-person Meeting,Growth Equity Partners III,Private Equity,63,No,No,,90
AC004194,2025-07-05,A0257,RM004,Product Education,Opportunistic Credit Fund II,Private Credit,67,Yes,Yes,5.0,45
AC004195,2026-02-17,A0037,RM013,In-person Meeting,Global Infrastructure Partners IV,Infrastructure,70,No,No,,37
AC004196,2025-12-01,A0191,RM014,In-person Meeting,Senior Direct Lending Fund VI,Private Credit,48,No,No,,77
AC004197,2026-03-13,A0098,RM009,Product Education,Direct Lending Income Fund V,Private Credit,94,Yes,Yes,16.0,29
AC004198,2026-02-25,A0152,RM015,Intro Call,Direct Lending Income Fund V,Private Credit,66,Yes,Yes,20.0,29
AC004199,2025-09-02,A0213,RM016,Due Diligence Meeting,Senior Direct Lending Fund VI,Private Credit,67,No,No,,79
AC004200,2026-02-19,A0008,RM010,Follow-up Call,Global Infrastructure Partners IV,Infrastructure,64,Yes,Yes,5.0,42
AC004201,2025-09-06,A0108,RM008,Intro Call,Real Estate Income Fund II,Real Estate,48,No,No,,32
AC004202,2025-11-21,A0398,RM007,Intro Call,Growth Equity Partners III,Private Equity,91,Yes,Yes,3.0,44
AC004203,2025-12-03,A0025,RM011,Intro Call,Senior Direct Lending Fund VI,Private Credit,47,Yes,No,24.0,50
AC004204,2026-02-17,A0121,RM010,Intro Call,Core Infrastructure Income Fund III,Infrastructure,61,Yes,Yes,28.0,31
AC004205,2025-07-19,A0121,RM010,In-person Meeting,Real Estate Income Fund II,Real Estate,86,No,No,,85
AC004206,2026-01-22,A0147,RM016,Portfolio Review,Real Estate Income Fund II,Real Estate,70,No,No,,86
AC004207,2025-10-22,A0278,RM011,In-person Meeting,Real Estate Income Fund II,Real Estate,71,Yes,Yes,23.0,91
AC004208,2026-02-11,A0095,RM003,Intro Call,Value-Add Real Estate Fund IV,Real Estate,82,Yes,Yes,9.0,35
AC004209,2026-01-12,A0183,RM014,Follow-up Call,Senior Direct Lending Fund VI,Private Credit,60,Yes,Yes,9.0,42
AC004210,2025-07-30,A0260,RM001,Due Diligence Meeting,Direct Lending Income Fund V,Private Credit,84,Yes,No,10.0,80
AC004211,2026-02-17,A0122,RM006,Due Diligence Meeting,Private Equity Buyout Fund VII,Private Equity,100,No,No,,77
AC004212,2025-11-22,A0382,RM010,Portfolio Review,Opportunistic Real Estate Fund VI,Real Estate,87,No,No,,70
AC004213,2025-12-10,A0396,RM016,Webinar,Real Estate Income Fund II,Real Estate,57,Yes,Yes,6.0,70
AC004214,2026-03-03,A0043,RM003,Due Diligence Meeting,Global Infrastructure Partners IV,Infrastructure,88,Yes,Yes,7.0,68
AC004215,2026-04-16,A0132,RM007,Webinar,Growth Equity Partners III,Private Equity,64,Yes,No,10.0,45
AC004216,2026-01-22,A0076,RM007,Due Diligence Meeting,Direct Lending Income Fund V,Private Credit,79,Yes,Yes,3.0,70
AC004217,2025-06-06,A0069,RM016,Follow-up Call,Value-Add Real Estate Fund IV,Real Estate,69,Yes,Yes,11.0,35
AC004218,2025-09-17,A0196,RM009,Webinar,Opportunistic Real Estate Fund VI,Real Estate,64,Yes,Yes,18.0,56
AC004219,2026-01-26,A0227,RM015,In-person Meeting,Private Equity Buyout Fund VII,Private Equity,66,Yes,Yes,9.0,56
AC004220,2025-05-17,A0171,RM016,In-person Meeting,Growth Equity Partners III,Private Equity,94,Yes,Yes,19.0,59
AC004221,2025-12-08,A0102,RM002,Follow-up Call,Real Estate Income Fund II,Real Estate,66,No,No,,41
AC004222,2025-06-12,A0105,RM004,Due Diligence Meeting,Global Infrastructure Partners IV,Infrastructure,66,Yes,No,4.0,101
AC004223,2025-07-31,A0399,RM006,Webinar,Direct Lending Income Fund V,Private Credit,49,No,No,,37
AC004224,2025-10-25,A0370,RM009,Intro Call,Private Equity Buyout Fund VII,Private Equity,52,Yes,No,2.0,16
AC004225,2026-01-08,A0030,RM009,Follow-up Call,Core Infrastructure Income Fund III,Infrastructure,100,Yes,No,19.0,26
AC004226,2026-01-11,A0265,RM001,In-person Meeting,Global Infrastructure Partners IV,Infrastructure,75,Yes,Yes,26.0,45
AC004227,2025-10-31,A0183,RM014,Intro Call,Senior Direct Lending Fund VI,Private Credit,43,Yes,Yes,11.0,41
AC004228,2025-08-09,A0279,RM008,Intro Call,Value-Add Real Estate Fund IV,Real Estate,22,No,No,,21
AC004229,2025-05-23,A0239,RM003,Follow-up Call,Opportunistic Credit Fund II,Private Credit,68,No,No,,28
AC004230,2025-12-09,A0354,RM014,Due Diligence Meeting,Value-Add Real Estate Fund IV,Real Estate,68,Yes,Yes,11.0,69
AC004231,2025-09-24,A0027,RM006,In-person Meeting,Private Equity Buyout Fund VII,Private Equity,86,Yes,Yes,4.0,60
AC004232,2026-03-16,A0136,RM010,Webinar,Global Infrastructure Partners IV,Infrastructure,59,No,No,,44
AC004233,2026-01-16,A0398,RM007,Intro Call,Value-Add Real Estate Fund IV,Real Estate,66,No,No,,55
AC004234,2025-11-30,A0065,RM005,Portfolio Review,Opportunistic Credit Fund II,Private Credit,90,Yes,Yes,25.0,72
AC004235,2025-09-09,A0046,RM009,Follow-up Call,Value-Add Real Estate Fund IV,Real Estate,70,No,No,,33
AC004236,2025-12-06,A0296,RM001,Follow-up Call,Value-Add Real Estate Fund IV,Real Estate,68,No,No,,42
AC004237,2025-08-26,A0317,RM011,Follow-up Call,Direct Lending Income Fund V,Private Credit,74,No,No,,36
AC004238,2025-08-30,A0273,RM012,Follow-up Call,Opportunistic Real Estate Fund VI,Real Estate,65,No,No,,54
AC004239,2025-09-23,A0317,RM011,In-person Meeting,Direct Lending Income Fund V,Private Credit,81,No,No,,52
AC004240,2025-11-06,A0281,RM009,Follow-up Call,Private Equity Buyout Fund VII,Private Equity,74,No,No,,30
AC004241,2025-07-12,A0048,RM007,Intro Call,Growth Equity Partners III,Private Equity,68,Yes,Yes,29.0,26
AC004242,2026-04-06,A0245,RM010,In-person Meeting,Growth Equity Partners III,Private Equity,94,Yes,Yes,8.0,73
AC004243,2025-08-14,A0317,RM011,Intro Call,Core Infrastructure Income Fund III,Infrastructure,64,Yes,No,25.0,40
AC004244,2026-02-19,A0343,RM004,Webinar,Opportunistic Real Estate Fund VI,Real Estate,65,Yes,Yes,8.0,44
AC004245,2025-06-26,A0094,RM005,Follow-up Call,Opportunistic Credit Fund II,Private Credit,43,No,No,,62
AC004246,2025-08-12,A0046,RM009,Due Diligence Meeting,Private Equity Buyout Fund VII,Private Equity,81,Yes,Yes,4.0,63
AC004247,2025-05-28,A0319,RM014,Follow-up Call,Private Equity Buyout Fund VII,Private Equity,79,No,No,,26
AC004248,2025-09-01,A0097,RM009,Follow-up Call,Growth Equity Partners III,Private Equity,47,Yes,No,16.0,43
AC004249,2026-03-05,A0017,RM002,Follow-up Call,Senior Direct Lending Fund VI,Private Credit,57,No,No,,26
AC004250,2026-04-09,A0334,RM007,Product Education,Opportunistic Real Estate Fund VI,Real Estate,59,No,No,,46
AC004251,2026-01-29,A0200,RM007,Webinar,Value-Add Real Estate Fund IV,Real Estate,61,No,No,,50
AC004252,2026-01-18,A0124,RM007,In-person Meeting,Value-Add Real Estate Fund IV,Real Estate,86,Yes,Yes,9.0,82
AC004253,2025-08-23,A0007,RM004,Product Education,Growth Equity Partners III,Private Equity,94,Yes,Yes,19.0,40
AC004254,2026-01-19,A0017,RM002,Intro Call,Senior Direct Lending Fund VI,Private Credit,42,No,No,,34
AC004255,2025-12-02,A0323,RM016,Due Diligence Meeting,Private Equity Buyout Fund VII,Private Equity,93,Yes,Yes,15.0,79
AC004256,2025-10-15,A0196,RM009,Intro Call,Opportunistic Real Estate Fund VI,Real Estate,51,Yes,No,18.0,49
AC004257,2025-05-21,A0054,RM003,Intro Call,Opportunistic Credit Fund II,Private Credit,69,Yes,Yes,3.0,30
AC004258,2025-10-04,A0140,RM007,Follow-up Call,Private Equity Buyout Fund VII,Private Equity,63,No,No,,39
AC004259,2026-03-25,A0060,RM006,Follow-up Call,Core Infrastructure Income Fund III,Infrastructure,49,No,No,,43
AC004260,2025-12-26,A0040,RM001,Follow-up Call,Global Infrastructure Partners IV,Infrastructure,69,Yes,Yes,13.0,15
AC004261,2025-10-23,A0105,RM004,Follow-up Call,Growth Equity Partners III,Private Equity,57,Yes,Yes,24.0,37
AC004262,2025-09-03,A0220,RM015,Product Education,Growth Equity Partners III,Private Equity,71,No,No,,29
AC004263,2025-07-17,A0077,RM005,Follow-up Call,Growth Equity Partners III,Private Equity,38,Yes,Yes,16.0,61
AC004264,2026-03-16,A0132,RM007,Portfolio Review,Core Infrastructure Income Fund III,Infrastructure,68,Yes,Yes,5.0,64
AC004265,2025-07-18,A0191,RM014,Product Education,Opportunistic Real Estate Fund VI,Real Estate,52,No,No,,43
AC004266,2025-08-08,A0167,RM008,Follow-up Call,Opportunistic Real Estate Fund VI,Real Estate,48,Yes,Yes,27.0,33
AC004267,2025-12-18,A0046,RM009,Follow-up Call,Senior Direct Lending Fund VI,Private Credit,58,Yes,Yes,5.0,29
AC004268,2026-02-16,A0019,RM006,Product Education,Direct Lending Income Fund V,Private Credit,57,No,No,,50
AC004269,2026-02-09,A0017,RM002,Follow-up Call,Private Equity Buyout Fund VII,Private Equity,59,Yes,No,17.0,27
AC004270,2026-02-26,A0136,RM010,Product Education,Opportunistic Real Estate Fund VI,Real Estate,55,No,No,,29
AC004271,2026-04-24,A0293,RM001,Webinar,Private Equity Buyout Fund VII,Private Equity,64,No,No,,51
AC004272,2026-01-28,A0046,RM009,In-person Meeting,Direct Lending Income Fund V,Private Credit,74,Yes,No,24.0,63
AC004273,2025-08-22,A0322,RM006,Follow-up Call,Opportunistic Credit Fund II,Private Credit,57,Yes,No,27.0,51
AC004274,2025-07-25,A0291,RM003,Intro Call,Private Equity Buyout Fund VII,Private Equity,59,Yes,Yes,23.0,35
AC004275,2025-11-04,A0003,RM001,Follow-up Call,Growth Equity Partners III,Private Equity,43,Yes,Yes,18.0,37
AC004276,2026-02-07,A0015,RM005,In-person Meeting,Opportunistic Real Estate Fund VI,Real Estate,77,No,No,,79
AC004277,2025-08-30,A0071,RM003,Due Diligence Meeting,Value-Add Real Estate Fund IV,Real Estate,74,Yes,Yes,24.0,75
AC004278,2026-01-19,A0024,RM008,Intro Call,Senior Direct Lending Fund VI,Private Credit,48,No,No,,36
AC004279,2026-04-02,A0211,RM006,In-person Meeting,Senior Direct Lending Fund VI,Private Credit,98,Yes,Yes,26.0,92
AC004280,2025-05-21,A0019,RM006,Follow-up Call,Core Infrastructure Income Fund III,Infrastructure,40,Yes,No,21.0,15
AC004281,2025-11-13,A0326,RM014,Follow-up Call,Opportunistic Credit Fund II,Private Credit,46,Yes,No,28.0,24
AC004282,2025-05-31,A0197,RM010,In-person Meeting,Global Infrastructure Partners IV,Infrastructure,86,Yes,Yes,22.0,77
AC004283,2026-03-16,A0296,RM001,Due Diligence Meeting,Value-Add Real Estate Fund IV,Real Estate,78,Yes,Yes,18.0,64
AC004284,2025-06-10,A0305,RM007,Due Diligence Meeting,Senior Direct Lending Fund VI,Private Credit,81,Yes,Yes,25.0,79
AC004285,2026-02-06,A0201,RM008,Webinar,Opportunistic Real Estate Fund VI,Real Estate,79,Yes,No,11.0,55
AC004286,2025-09-05,A0371,RM009,Follow-up Call,Opportunistic Real Estate Fund VI,Real Estate,49,No,No,,22
AC004287,2026-04-16,A0398,RM007,Intro Call,Growth Equity Partners III,Private Equity,77,No,No,,39
AC004288,2025-11-07,A0141,RM003,Webinar,Senior Direct Lending Fund VI,Private Credit,55,Yes,No,22.0,55
AC004289,2025-11-10,A0046,RM009,Follow-up Call,Growth Equity Partners III,Private Equity,62,Yes,Yes,11.0,29
AC004290,2025-06-04,A0142,RM013,Follow-up Call,Global Infrastructure Partners IV,Infrastructure,68,Yes,No,5.0,22
AC004291,2025-10-19,A0084,RM012,Intro Call,Real Estate Income Fund II,Real Estate,43,Yes,No,2.0,45
AC004292,2026-02-10,A0211,RM006,In-person Meeting,Core Infrastructure Income Fund III,Infrastructure,77,No,No,,44
AC004293,2025-09-24,A0147,RM016,Follow-up Call,Global Infrastructure Partners IV,Infrastructure,45,Yes,Yes,24.0,55
AC004294,2025-05-14,A0192,RM004,Follow-up Call,Real Estate Income Fund II,Real Estate,85,Yes,Yes,8.0,58
AC004295,2026-03-07,A0310,RM010,Follow-up Call,Opportunistic Credit Fund II,Private Credit,44,Yes,No,23.0,27
AC004296,2025-12-16,A0103,RM005,Follow-up Call,Opportunistic Real Estate Fund VI,Real Estate,46,Yes,No,6.0,54
AC004297,2026-04-17,A0213,RM016,Product Education,Global Infrastructure Partners IV,Infrastructure,58,No,No,,37
AC004298,2025-05-31,A0127,RM014,In-person Meeting,Private Equity Buyout Fund VII,Private Equity,82,Yes,Yes,10.0,85
AC004299,2025-08-19,A0321,RM014,Portfolio Review,Value-Add Real Estate Fund IV,Real Estate,57,No,No,,79
AC004300,2026-04-09,A0258,RM009,In-person Meeting,Real Estate Income Fund II,Real Estate,67,No,No,,102
AC004301,2025-09-26,A0006,RM012,Webinar,Opportunistic Real Estate Fund VI,Real Estate,75,Yes,Yes,11.0,47
AC004302,2025-05-23,A0267,RM007,Webinar,Opportunistic Credit Fund II,Private Credit,63,Yes,Yes,3.0,55
AC004303,2025-11-04,A0062,RM016,Intro Call,Growth Equity Partners III,Private Equity,59,Yes,Yes,5.0,35
AC004304,2025-08-20,A0294,RM012,Product Education,Real Estate Income Fund II,Real Estate,62,Yes,No,17.0,55
AC004305,2026-01-29,A0228,RM009,In-person Meeting,Value-Add Real Estate Fund IV,Real Estate,81,Yes,No,3.0,99
AC004306,2025-06-10,A0157,RM016,Portfolio Review,Direct Lending Income Fund V,Private Credit,83,Yes,No,4.0,83
AC004307,2026-01-12,A0281,RM009,Due Diligence Meeting,Opportunistic Credit Fund II,Private Credit,68,No,No,,76
AC004308,2025-12-27,A0343,RM004,Follow-up Call,Growth Equity Partners III,Private Equity,82,No,No,,50
AC004309,2025-10-20,A0317,RM011,Webinar,Global Infrastructure Partners IV,Infrastructure,63,Yes,Yes,25.0,57
AC004310,2026-01-17,A0219,RM011,Product Education,Growth Equity Partners III,Private Equity,52,Yes,Yes,29.0,34
AC004311,2025-12-08,A0294,RM012,In-person Meeting,Private Equity Buyout Fund VII,Private Equity,72,Yes,Yes,2.0,83
AC004312,2025-05-01,A0165,RM011,Intro Call,Opportunistic Real Estate Fund VI,Real Estate,67,No,No,,21
AC004313,2025-05-06,A0323,RM016,Webinar,Value-Add Real Estate Fund IV,Real Estate,52,No,No,,50
AC004314,2026-01-18,A0335,RM006,Webinar,Direct Lending Income Fund V,Private Credit,41,Yes,Yes,18.0,59
AC004315,2025-05-14,A0049,RM011,Webinar,Growth Equity Partners III,Private Equity,52,Yes,Yes,18.0,68
AC004316,2025-06-15,A0091,RM009,Portfolio Review,Global Infrastructure Partners IV,Infrastructure,71,No,No,,89
AC004317,2026-03-12,A0102,RM002,Due Diligence Meeting,Opportunistic Real Estate Fund VI,Real Estate,73,Yes,No,2.0,73
AC004318,2025-09-04,A0060,RM006,Product Education,Global Infrastructure Partners IV,Infrastructure,63,No,No,,32
AC004319,2025-07-02,A0153,RM010,Intro Call,Opportunistic Credit Fund II,Private Credit,69,No,No,,52
AC004320,2026-01-04,A0071,RM003,Due Diligence Meeting,Opportunistic Credit Fund II,Private Credit,68,Yes,Yes,3.0,103
AC004321,2025-08-04,A0239,RM003,Webinar,Opportunistic Credit Fund II,Private Credit,55,No,No,,55
AC004322,2026-02-04,A0036,RM008,In-person Meeting,Real Estate Income Fund II,Real Estate,64,Yes,No,6.0,71
AC004323,2026-04-15,A0102,RM002,In-person Meeting,Growth Equity Partners III,Private Equity,69,No,No,,41
AC004324,2025-12-22,A0271,RM014,Follow-up Call,Global Infrastructure Partners IV,Infrastructure,49,No,No,,35
AC004325,2025-08-06,A0156,RM004,Product Education,Core Infrastructure Income Fund III,Infrastructure,47,Yes,Yes,21.0,29
AC004326,2025-11-17,A0168,RM013,Webinar,Growth Equity Partners III,Private Equity,69,No,No,,44
AC004327,2026-02-28,A0324,RM008,Product Education,Core Infrastructure Income Fund III,Infrastructure,81,Yes,No,22.0,11
AC004328,2025-09-24,A0397,RM013,Intro Call,Direct Lending Income Fund V,Private Credit,52,No,No,,21
AC004329,2025-12-25,A0227,RM015,Intro Call,Core Infrastructure Income Fund III,Infrastructure,35,Yes,No,5.0,37
AC004330,2026-01-26,A0031,RM010,Intro Call,Growth Equity Partners III,Private Equity,36,No,No,,23
AC004331,2026-01-15,A0036,RM008,Follow-up Call,Global Infrastructure Partners IV,Infrastructure,74,Yes,Yes,7.0,38
AC004332,2025-08-11,A0389,RM004,In-person Meeting,Growth Equity Partners III,Private Equity,67,No,No,,49
AC004333,2026-01-25,A0276,RM005,Webinar,Direct Lending Income Fund V,Private Credit,71,No,No,,61
AC004334,2025-05-06,A0305,RM007,Intro Call,Global Infrastructure Partners IV,Infrastructure,39,Yes,Yes,14.0,44
AC004335,2026-04-03,A0276,RM005,Portfolio Review,Senior Direct Lending Fund VI,Private Credit,84,Yes,Yes,9.0,66
AC004336,2025-08-15,A0064,RM011,Webinar,Real Estate Income Fund II,Real Estate,68,Yes,Yes,13.0,55
AC004337,2026-02-08,A0181,RM003,Intro Call,Private Equity Buyout Fund VII,Private Equity,27,No,No,,23
AC004338,2025-12-30,A0324,RM008,Portfolio Review,Growth Equity Partners III,Private Equity,73,Yes,Yes,9.0,77
AC004339,2026-04-02,A0343,RM004,Due Diligence Meeting,Core Infrastructure Income Fund III,Infrastructure,81,No,No,,92
AC004340,2025-09-01,A0091,RM009,Webinar,Core Infrastructure Income Fund III,Infrastructure,65,Yes,Yes,16.0,47
AC004341,2026-03-07,A0239,RM003,In-person Meeting,Direct Lending Income Fund V,Private Credit,79,Yes,No,23.0,75
AC004342,2025-10-24,A0057,RM015,Follow-up Call,Direct Lending Income Fund V,Private Credit,57,No,No,,46
AC004343,2025-06-11,A0385,RM001,Follow-up Call,Value-Add Real Estate Fund IV,Real Estate,55,Yes,No,9.0,45
AC004344,2026-02-19,A0096,RM010,In-person Meeting,Opportunistic Credit Fund II,Private Credit,100,Yes,Yes,15.0,88
AC004345,2025-11-30,A0295,RM009,Intro Call,Real Estate Income Fund II,Real Estate,49,No,No,,23
AC004346,2025-08-30,A0088,RM014,Follow-up Call,Real Estate Income Fund II,Real Estate,46,Yes,Yes,5.0,36
AC004347,2025-08-01,A0249,RM001,Intro Call,Value-Add Real Estate Fund IV,Real Estate,70,No,No,,40
AC004348,2025-08-30,A0267,RM007,Portfolio Review,Private Equity Buyout Fund VII,Private Equity,93,Yes,Yes,5.0,60
AC004349,2026-01-05,A0125,RM013,Follow-up Call,Value-Add Real Estate Fund IV,Real Estate,61,Yes,Yes,16.0,35
AC004350,2025-09-04,A0333,RM006,Intro Call,Private Equity Buyout Fund VII,Private Equity,22,No,No,,30
AC004351,2025-09-11,A0351,RM007,Intro Call,Real Estate Income Fund II,Real Estate,35,No,No,,40
AC004352,2026-04-02,A0343,RM004,Follow-up Call,Real Estate Income Fund II,Real Estate,54,Yes,Yes,23.0,49
AC004353,2025-05-19,A0127,RM014,Product Education,Opportunistic Real Estate Fund VI,Real Estate,72,Yes,Yes,8.0,42
AC004354,2025-05-17,A0303,RM014,Portfolio Review,Direct Lending Income Fund V,Private Credit,74,Yes,No,28.0,60
AC004355,2025-08-17,A0225,RM016,Portfolio Review,Opportunistic Credit Fund II,Private Credit,75,Yes,Yes,2.0,74
AC004356,2026-01-17,A0238,RM015,Intro Call,Global Infrastructure Partners IV,Infrastructure,50,Yes,Yes,4.0,28
AC004357,2025-07-14,A0191,RM014,Portfolio Review,Opportunistic Credit Fund II,Private Credit,54,Yes,Yes,24.0,71
AC004358,2025-12-11,A0239,RM003,Webinar,Real Estate Income Fund II,Real Estate,39,No,No,,64
AC004359,2025-09-12,A0048,RM007,In-person Meeting,Senior Direct Lending Fund VI,Private Credit,81,Yes,No,3.0,111
AC004360,2025-09-06,A0160,RM002,Follow-up Call,Core Infrastructure Income Fund III,Infrastructure,64,No,No,,30
AC004361,2025-12-09,A0063,RM016,Portfolio Review,Growth Equity Partners III,Private Equity,83,Yes,No,12.0,81
AC004362,2025-10-16,A0106,RM001,Intro Call,Opportunistic Real Estate Fund VI,Real Estate,57,Yes,Yes,12.0,34
AC004363,2025-08-26,A0046,RM009,Intro Call,Opportunistic Credit Fund II,Private Credit,58,Yes,Yes,27.0,46
AC004364,2025-09-27,A0078,RM016,Follow-up Call,Growth Equity Partners III,Private Equity,71,Yes,No,13.0,32
AC004365,2025-11-19,A0320,RM009,Intro Call,Core Infrastructure Income Fund III,Infrastructure,63,No,No,,48
AC004366,2025-09-06,A0220,RM015,Intro Call,Core Infrastructure Income Fund III,Infrastructure,55,Yes,No,18.0,25
AC004367,2026-03-31,A0013,RM011,Follow-up Call,Global Infrastructure Partners IV,Infrastructure,51,No,No,,37
AC004368,2025-11-21,A0323,RM016,Product Education,Core Infrastructure Income Fund III,Infrastructure,89,Yes,No,13.0,20
AC004369,2026-03-27,A0363,RM012,Webinar,Growth Equity Partners III,Private Equity,84,No,No,,41
AC004370,2026-04-29,A0349,RM014,Follow-up Call,Global Infrastructure Partners IV,Infrastructure,75,Yes,Yes,26.0,41
AC004371,2026-04-01,A0333,RM006,Follow-up Call,Core Infrastructure Income Fund III,Infrastructure,32,No,No,,37
AC004372,2025-07-13,A0399,RM006,Follow-up Call,Global Infrastructure Partners IV,Infrastructure,48,Yes,No,15.0,27
AC004373,2025-12-29,A0235,RM005,Due Diligence Meeting,Growth Equity Partners III,Private Equity,87,No,No,,72
AC004374,2026-03-01,A0387,RM006,Webinar,Global Infrastructure Partners IV,Infrastructure,64,No,No,,55
AC004375,2025-07-08,A0382,RM010,In-person Meeting,Senior Direct Lending Fund VI,Private Credit,89,No,No,,70
AC004376,2025-11-07,A0118,RM013,Intro Call,Direct Lending Income Fund V,Private Credit,47,No,No,,45
AC004377,2025-07-18,A0343,RM004,In-person Meeting,Real Estate Income Fund II,Real Estate,83,Yes,Yes,5.0,58
AC004378,2026-04-20,A0323,RM016,Product Education,Growth Equity Partners III,Private Equity,76,Yes,Yes,22.0,41
AC004379,2025-05-26,A0316,RM001,Due Diligence Meeting,Global Infrastructure Partners IV,Infrastructure,77,Yes,Yes,20.0,49
AC004380,2025-09-06,A0358,RM012,Webinar,Growth Equity Partners III,Private Equity,71,No,No,,60
AC004381,2026-02-05,A0150,RM006,Follow-up Call,Real Estate Income Fund II,Real Estate,62,No,No,,38
AC004382,2025-11-17,A0157,RM016,Follow-up Call,Senior Direct Lending Fund VI,Private Credit,87,No,No,,21
AC004383,2025-08-19,A0258,RM009,Due Diligence Meeting,Opportunistic Real Estate Fund VI,Real Estate,88,Yes,Yes,10.0,53
AC004384,2025-08-14,A0299,RM006,Portfolio Review,Direct Lending Income Fund V,Private Credit,68,Yes,Yes,22.0,97
AC004385,2026-04-29,A0349,RM014,Intro Call,Core Infrastructure Income Fund III,Infrastructure,68,No,No,,35
AC004386,2025-09-15,A0347,RM003,Webinar,Direct Lending Income Fund V,Private Credit,57,Yes,Yes,11.0,58
AC004387,2025-10-07,A0294,RM012,Intro Call,Real Estate Income Fund II,Real Estate,54,Yes,Yes,17.0,57
AC004388,2025-09-29,A0384,RM006,Due Diligence Meeting,Opportunistic Real Estate Fund VI,Real Estate,81,Yes,No,24.0,82
AC004389,2025-07-07,A0064,RM011,Product Education,Opportunistic Real Estate Fund VI,Real Estate,65,No,No,,45
AC004390,2026-01-19,A0382,RM010,Follow-up Call,Opportunistic Real Estate Fund VI,Real Estate,72,Yes,Yes,28.0,29
AC004391,2025-11-07,A0026,RM011,Intro Call,Core Infrastructure Income Fund III,Infrastructure,46,No,No,,33
AC004392,2025-08-09,A0223,RM008,Due Diligence Meeting,Core Infrastructure Income Fund III,Infrastructure,76,Yes,Yes,25.0,76
AC004393,2025-06-20,A0033,RM009,Follow-up Call,Opportunistic Credit Fund II,Private Credit,63,No,No,,18
AC004394,2025-09-18,A0228,RM009,Product Education,Global Infrastructure Partners IV,Infrastructure,74,Yes,Yes,10.0,42
AC004395,2026-03-04,A0151,RM003,Due Diligence Meeting,Opportunistic Credit Fund II,Private Credit,92,Yes,Yes,14.0,104
AC004396,2025-09-16,A0031,RM010,Product Education,Global Infrastructure Partners IV,Infrastructure,61,No,No,,16
AC004397,2025-09-09,A0261,RM005,In-person Meeting,Real Estate Income Fund II,Real Estate,77,Yes,Yes,16.0,60
AC004398,2025-07-21,A0297,RM006,In-person Meeting,Growth Equity Partners III,Private Equity,81,Yes,Yes,11.0,59
AC004399,2025-09-03,A0062,RM016,Product Education,Value-Add Real Estate Fund IV,Real Estate,83,No,No,,34
AC004400,2025-11-12,A0281,RM009,Intro Call,Private Equity Buyout Fund VII,Private Equity,46,No,No,,41
AC004401,2025-07-19,A0064,RM011,Intro Call,Direct Lending Income Fund V,Private Credit,55,Yes,Yes,26.0,39
AC004402,2025-11-07,A0049,RM011,Webinar,Global Infrastructure Partners IV,Infrastructure,70,Yes,No,27.0,47
AC004403,2026-02-19,A0052,RM006,Due Diligence Meeting,Real Estate Income Fund II,Real Estate,73,Yes,Yes,2.0,84
AC004404,2025-06-19,A0239,RM003,Follow-up Call,Private Equity Buyout Fund VII,Private Equity,65,Yes,Yes,22.0,19
AC004405,2026-04-15,A0317,RM011,Follow-up Call,Private Equity Buyout Fund VII,Private Equity,77,Yes,Yes,6.0,34
AC004406,2026-04-07,A0239,RM003,Webinar,Direct Lending Income Fund V,Private Credit,51,No,No,,61
AC004407,2025-11-22,A0327,RM004,In-person Meeting,Opportunistic Real Estate Fund VI,Real Estate,100,Yes,Yes,24.0,69
AC004408,2025-12-29,A0237,RM008,Product Education,Growth Equity Partners III,Private Equity,59,No,No,,27
AC004409,2025-09-11,A0324,RM008,In-person Meeting,Value-Add Real Estate Fund IV,Real Estate,84,Yes,Yes,10.0,86
AC004410,2025-05-25,A0394,RM005,Intro Call,Core Infrastructure Income Fund III,Infrastructure,47,Yes,Yes,6.0,44
AC004411,2025-07-04,A0152,RM015,Due Diligence Meeting,Opportunistic Real Estate Fund VI,Real Estate,91,Yes,Yes,16.0,47
AC004412,2025-09-26,A0054,RM003,In-person Meeting,Global Infrastructure Partners IV,Infrastructure,99,Yes,Yes,7.0,86
AC004413,2025-08-24,A0048,RM007,Follow-up Call,Private Equity Buyout Fund VII,Private Equity,62,No,No,,26
AC004414,2025-09-18,A0239,RM003,In-person Meeting,Senior Direct Lending Fund VI,Private Credit,64,No,No,,95
AC004415,2025-07-05,A0219,RM011,Intro Call,Opportunistic Real Estate Fund VI,Real Estate,41,No,No,,34
AC004416,2025-06-30,A0067,RM016,Product Education,Value-Add Real Estate Fund IV,Real Estate,55,No,No,,32
AC004417,2025-12-09,A0349,RM014,In-person Meeting,Private Equity Buyout Fund VII,Private Equity,92,Yes,Yes,16.0,62
AC004418,2026-01-21,A0384,RM006,Intro Call,Growth Equity Partners III,Private Equity,46,No,No,,18
AC004419,2026-02-10,A0096,RM010,Follow-up Call,Opportunistic Real Estate Fund VI,Real Estate,84,Yes,Yes,21.0,18
AC004420,2025-10-15,A0076,RM007,In-person Meeting,Private Equity Buyout Fund VII,Private Equity,53,Yes,Yes,18.0,68
AC004421,2026-03-22,A0078,RM016,Webinar,Real Estate Income Fund II,Real Estate,78,No,No,,53
AC004422,2025-05-30,A0150,RM006,Intro Call,Opportunistic Real Estate Fund VI,Real Estate,64,No,No,,23
AC004423,2025-12-08,A0342,RM003,Intro Call,Global Infrastructure Partners IV,Infrastructure,38,Yes,Yes,11.0,42
AC004424,2025-08-26,A0239,RM003,Intro Call,Core Infrastructure Income Fund III,Infrastructure,47,No,No,,31
AC004425,2025-07-17,A0027,RM006,Webinar,Core Infrastructure Income Fund III,Infrastructure,75,No,No,,48
AC004426,2026-03-02,A0188,RM004,Product Education,Real Estate Income Fund II,Real Estate,82,Yes,Yes,12.0,44
AC004427,2025-08-31,A0033,RM009,In-person Meeting,Direct Lending Income Fund V,Private Credit,80,No,No,,73
AC004428,2025-05-01,A0158,RM007,Due Diligence Meeting,Senior Direct Lending Fund VI,Private Credit,70,No,No,,90
AC004429,2025-05-10,A0158,RM007,Portfolio Review,Core Infrastructure Income Fund III,Infrastructure,49,Yes,Yes,3.0,73
AC004430,2025-12-13,A0261,RM005,Webinar,Senior Direct Lending Fund VI,Private Credit,53,No,No,,38
AC004431,2025-11-10,A0220,RM015,Intro Call,Private Equity Buyout Fund VII,Private Equity,82,No,No,,35
AC004432,2025-09-23,A0347,RM003,In-person Meeting,Opportunistic Credit Fund II,Private Credit,65,No,No,,52
AC004433,2025-11-23,A0008,RM010,Intro Call,Direct Lending Income Fund V,Private Credit,54,No,No,,35
AC004434,2025-09-30,A0316,RM001,Follow-up Call,Senior Direct Lending Fund VI,Private Credit,36,Yes,Yes,11.0,28
AC004435,2025-09-21,A0013,RM011,Due Diligence Meeting,Real Estate Income Fund II,Real Estate,67,Yes,Yes,9.0,65
AC004436,2025-09-25,A0116,RM005,Webinar,Direct Lending Income Fund V,Private Credit,72,Yes,Yes,19.0,54
AC004437,2025-07-19,A0349,RM014,Follow-up Call,Senior Direct Lending Fund VI,Private Credit,85,No,No,,45
AC004438,2025-09-23,A0279,RM008,Due Diligence Meeting,Direct Lending Income Fund V,Private Credit,60,No,No,,82
AC004439,2025-09-02,A0062,RM016,Product Education,Real Estate Income Fund II,Real Estate,91,Yes,Yes,17.0,24
AC004440,2026-01-27,A0196,RM009,Intro Call,Global Infrastructure Partners IV,Infrastructure,62,No,No,,30
AC004441,2026-01-03,A0294,RM012,Follow-up Call,Senior Direct Lending Fund VI,Private Credit,62,No,No,,26
AC004442,2025-11-11,A0374,RM009,Follow-up Call,Private Equity Buyout Fund VII,Private Equity,74,Yes,Yes,4.0,29
AC004443,2025-12-31,A0256,RM015,Intro Call,Value-Add Real Estate Fund IV,Real Estate,31,No,No,,29
AC004444,2025-05-06,A0013,RM011,In-person Meeting,Senior Direct Lending Fund VI,Private Credit,74,Yes,Yes,24.0,94
AC004445,2025-10-02,A0199,RM014,Portfolio Review,Senior Direct Lending Fund VI,Private Credit,66,Yes,Yes,10.0,70
AC004446,2026-04-09,A0054,RM003,Intro Call,Real Estate Income Fund II,Real Estate,77,Yes,Yes,24.0,34
AC004447,2025-11-12,A0022,RM003,In-person Meeting,Opportunistic Credit Fund II,Private Credit,73,No,No,,106
AC004448,2025-06-14,A0239,RM003,Intro Call,Opportunistic Real Estate Fund VI,Real Estate,69,No,No,,35
AC004449,2026-02-01,A0317,RM011,In-person Meeting,Private Equity Buyout Fund VII,Private Equity,93,Yes,Yes,14.0,98
AC004450,2025-06-12,A0017,RM002,Follow-up Call,Direct Lending Income Fund V,Private Credit,37,No,No,,35
AC004451,2026-03-02,A0320,RM009,Intro Call,Opportunistic Credit Fund II,Private Credit,53,Yes,No,24.0,41
AC004452,2025-11-03,A0286,RM008,Webinar,Private Equity Buyout Fund VII,Private Equity,43,No,No,,46
AC004453,2025-07-13,A0305,RM007,Intro Call,Growth Equity Partners III,Private Equity,56,No,No,,29
AC004454,2025-09-05,A0094,RM005,Due Diligence Meeting,Senior Direct Lending Fund VI,Private Credit,61,Yes,No,9.0,76
AC004455,2026-02-02,A0154,RM002,Due Diligence Meeting,Value-Add Real Estate Fund IV,Real Estate,73,Yes,No,20.0,74
AC004456,2025-12-20,A0043,RM003,Follow-up Call,Real Estate Income Fund II,Real Estate,48,No,No,,33
AC004457,2026-04-26,A0092,RM009,Intro Call,Growth Equity Partners III,Private Equity,44,No,No,,28
AC004458,2026-03-17,A0115,RM012,In-person Meeting,Real Estate Income Fund II,Real Estate,79,No,No,,69
AC004459,2025-12-20,A0121,RM010,Follow-up Call,Opportunistic Credit Fund II,Private Credit,85,Yes,Yes,12.0,46
AC004460,2025-06-09,A0062,RM016,Due Diligence Meeting,Real Estate Income Fund II,Real Estate,88,Yes,No,2.0,75
AC004461,2025-06-07,A0069,RM016,Due Diligence Meeting,Global Infrastructure Partners IV,Infrastructure,92,Yes,Yes,24.0,84
AC004462,2025-11-23,A0360,RM013,Portfolio Review,Direct Lending Income Fund V,Private Credit,87,Yes,Yes,13.0,58
AC004463,2025-07-29,A0320,RM009,Webinar,Senior Direct Lending Fund VI,Private Credit,60,No,No,,55
AC004464,2025-11-21,A0132,RM007,Follow-up Call,Real Estate Income Fund II,Real Estate,66,No,No,,32
AC004465,2025-12-14,A0381,RM004,Webinar,Direct Lending Income Fund V,Private Credit,36,Yes,Yes,9.0,50
AC004466,2025-11-13,A0092,RM009,Follow-up Call,Core Infrastructure Income Fund III,Infrastructure,53,No,No,,32
AC004467,2026-03-26,A0159,RM014,Product Education,Direct Lending Income Fund V,Private Credit,47,Yes,No,27.0,31
AC004468,2025-07-09,A0330,RM007,Intro Call,Value-Add Real Estate Fund IV,Real Estate,77,No,No,,23
AC004469,2025-05-16,A0177,RM014,In-person Meeting,Direct Lending Income Fund V,Private Credit,65,No,No,,50
AC004470,2025-08-01,A0089,RM012,Follow-up Call,Opportunistic Real Estate Fund VI,Real Estate,68,Yes,Yes,9.0,35
AC004471,2025-12-12,A0143,RM009,Follow-up Call,Opportunistic Real Estate Fund VI,Real Estate,79,Yes,Yes,4.0,39
AC004472,2025-09-17,A0199,RM014,Due Diligence Meeting,Direct Lending Income Fund V,Private Credit,87,Yes,Yes,16.0,57
AC004473,2026-02-17,A0249,RM001,Webinar,Global Infrastructure Partners IV,Infrastructure,70,Yes,No,18.0,56
AC004474,2025-09-28,A0158,RM007,Follow-up Call,Opportunistic Real Estate Fund VI,Real Estate,38,No,No,,31
AC004475,2025-09-14,A0173,RM016,Intro Call,Private Equity Buyout Fund VII,Private Equity,32,No,No,,37
AC004476,2026-04-16,A0099,RM001,Due Diligence Meeting,Core Infrastructure Income Fund III,Infrastructure,88,Yes,Yes,7.0,116
AC004477,2025-11-15,A0212,RM007,Follow-up Call,Growth Equity Partners III,Private Equity,86,No,No,,35
AC004478,2025-05-24,A0080,RM006,In-person Meeting,Global Infrastructure Partners IV,Infrastructure,65,Yes,No,17.0,75
AC004479,2025-12-30,A0344,RM001,Due Diligence Meeting,Private Equity Buyout Fund VII,Private Equity,99,No,No,,70
AC004480,2026-04-12,A0305,RM007,Product Education,Senior Direct Lending Fund VI,Private Credit,62,No,No,,31
AC004481,2025-12-14,A0162,RM015,Portfolio Review,Growth Equity Partners III,Private Equity,51,No,No,,94
AC004482,2026-02-18,A0305,RM007,In-person Meeting,Growth Equity Partners III,Private Equity,60,Yes,Yes,2.0,86
AC004483,2026-04-05,A0005,RM006,In-person Meeting,Opportunistic Credit Fund II,Private Credit,71,Yes,No,23.0,52
AC004484,2026-02-13,A0132,RM007,Product Education,Opportunistic Real Estate Fund VI,Real Estate,64,Yes,Yes,11.0,38
AC004485,2025-09-13,A0175,RM007,Product Education,Private Equity Buyout Fund VII,Private Equity,64,Yes,No,8.0,57
AC004486,2025-08-13,A0186,RM006,Follow-up Call,Opportunistic Credit Fund II,Private Credit,62,Yes,Yes,6.0,43
AC004487,2025-10-18,A0305,RM007,Due Diligence Meeting,Core Infrastructure Income Fund III,Infrastructure,86,Yes,Yes,24.0,92
AC004488,2026-01-28,A0387,RM006,In-person Meeting,Private Equity Buyout Fund VII,Private Equity,72,No,No,,80
AC004489,2025-09-17,A0148,RM011,Intro Call,Value-Add Real Estate Fund IV,Real Estate,47,Yes,No,5.0,33
AC004490,2026-04-07,A0136,RM010,Portfolio Review,Opportunistic Real Estate Fund VI,Real Estate,57,Yes,Yes,14.0,77
AC004491,2025-11-16,A0247,RM013,Portfolio Review,Opportunistic Credit Fund II,Private Credit,50,No,No,,71
AC004492,2025-12-03,A0107,RM004,Product Education,Growth Equity Partners III,Private Equity,68,Yes,Yes,11.0,34
AC004493,2025-06-06,A0050,RM015,In-person Meeting,Value-Add Real Estate Fund IV,Real Estate,65,Yes,No,25.0,86
AC004494,2025-11-22,A0386,RM003,Follow-up Call,Growth Equity Partners III,Private Equity,81,Yes,No,25.0,44
AC004495,2026-02-02,A0327,RM004,Product Education,Global Infrastructure Partners IV,Infrastructure,78,Yes,No,29.0,34
AC004496,2026-01-16,A0385,RM001,Due Diligence Meeting,Real Estate Income Fund II,Real Estate,81,No,No,,83
AC004497,2026-01-11,A0079,RM015,In-person Meeting,Opportunistic Real Estate Fund VI,Real Estate,72,Yes,Yes,29.0,48
AC004498,2025-07-21,A0009,RM010,Follow-up Call,Direct Lending Income Fund V,Private Credit,73,Yes,Yes,25.0,31
AC004499,2025-12-05,A0174,RM016,In-person Meeting,Value-Add Real Estate Fund IV,Real Estate,86,Yes,Yes,7.0,46
AC004500,2026-04-08,A0373,RM005,Follow-up Call,Opportunistic Real Estate Fund VI,Real Estate,55,No,No,,30
AC004501,2026-02-14,A0049,RM011,Product Education,Opportunistic Credit Fund II,Private Credit,59,Yes,No,26.0,23
AC004502,2025-10-22,A0041,RM008,Follow-up Call,Growth Equity Partners III,Private Equity,61,Yes,Yes,29.0,30
AC004503,2025-06-13,A0028,RM011,In-person Meeting,Global Infrastructure Partners IV,Infrastructure,68,No,No,,72
AC004504,2025-07-16,A0310,RM010,Webinar,Direct Lending Income Fund V,Private Credit,36,No,No,,28
AC004505,2025-05-04,A0322,RM006,Due Diligence Meeting,Senior Direct Lending Fund VI,Private Credit,72,No,No,,53
AC004506,2026-03-08,A0281,RM009,Follow-up Call,Global Infrastructure Partners IV,Infrastructure,56,Yes,No,12.0,17
AC004507,2025-12-25,A0024,RM008,Webinar,Real Estate Income Fund II,Real Estate,22,Yes,No,5.0,52
AC004508,2026-02-26,A0294,RM012,Follow-up Call,Real Estate Income Fund II,Real Estate,58,Yes,Yes,6.0,28
AC004509,2026-01-04,A0181,RM003,Product Education,Direct Lending Income Fund V,Private Credit,49,No,No,,31
AC004510,2025-12-08,A0057,RM015,Due Diligence Meeting,Real Estate Income Fund II,Real Estate,76,Yes,Yes,11.0,76
AC004511,2025-07-15,A0111,RM006,Webinar,Core Infrastructure Income Fund III,Infrastructure,45,Yes,No,23.0,42
AC004512,2026-04-08,A0200,RM007,Follow-up Call,Value-Add Real Estate Fund IV,Real Estate,74,Yes,Yes,23.0,30
AC004513,2025-07-11,A0126,RM013,Product Education,Senior Direct Lending Fund VI,Private Credit,59,No,No,,26
AC004514,2026-02-08,A0390,RM001,Intro Call,Senior Direct Lending Fund VI,Private Credit,58,Yes,No,11.0,46
AC004515,2025-10-03,A0190,RM009,In-person Meeting,Growth Equity Partners III,Private Equity,94,Yes,Yes,15.0,69
AC004516,2025-10-01,A0144,RM007,In-person Meeting,Growth Equity Partners III,Private Equity,89,No,No,,58
AC004517,2026-01-12,A0274,RM001,Due Diligence Meeting,Opportunistic Real Estate Fund VI,Real Estate,67,Yes,Yes,3.0,91
AC004518,2026-01-03,A0262,RM009,Intro Call,Real Estate Income Fund II,Real Estate,72,Yes,Yes,28.0,26
AC004519,2026-02-23,A0001,RM006,Follow-up Call,Private Equity Buyout Fund VII,Private Equity,50,No,No,,37
AC004520,2025-10-11,A0249,RM001,Due Diligence Meeting,Opportunistic Credit Fund II,Private Credit,83,No,No,,51
AC004521,2025-10-07,A0094,RM005,Webinar,Growth Equity Partners III,Private Equity,42,Yes,No,6.0,45
AC004522,2025-08-05,A0146,RM016,In-person Meeting,Global Infrastructure Partners IV,Infrastructure,83,Yes,Yes,21.0,89
AC004523,2026-03-03,A0286,RM008,Due Diligence Meeting,Real Estate Income Fund II,Real Estate,90,Yes,Yes,19.0,55
AC004524,2025-10-21,A0225,RM016,In-person Meeting,Senior Direct Lending Fund VI,Private Credit,84,No,No,,86
AC004525,2025-08-28,A0143,RM009,Due Diligence Meeting,Direct Lending Income Fund V,Private Credit,76,Yes,Yes,20.0,52
AC004526,2025-11-17,A0061,RM006,Intro Call,Opportunistic Credit Fund II,Private Credit,65,Yes,Yes,26.0,48
AC004527,2025-11-17,A0200,RM007,Follow-up Call,Real Estate Income Fund II,Real Estate,65,No,No,,34
AC004528,2025-06-12,A0121,RM010,In-person Meeting,Private Equity Buyout Fund VII,Private Equity,62,Yes,Yes,20.0,62
AC004529,2025-12-07,A0366,RM014,Follow-up Call,Private Equity Buyout Fund VII,Private Equity,76,Yes,Yes,22.0,52
AC004530,2025-05-03,A0212,RM007,In-person Meeting,Real Estate Income Fund II,Real Estate,78,Yes,Yes,15.0,59
AC004531,2025-11-27,A0343,RM004,Product Education,Private Equity Buyout Fund VII,Private Equity,63,Yes,Yes,21.0,24
AC004532,2026-04-30,A0151,RM003,Follow-up Call,Senior Direct Lending Fund VI,Private Credit,73,No,No,,36
AC004533,2026-04-12,A0335,RM006,Follow-up Call,Global Infrastructure Partners IV,Infrastructure,47,Yes,Yes,22.0,40
AC004534,2026-01-03,A0025,RM011,In-person Meeting,Global Infrastructure Partners IV,Infrastructure,67,Yes,No,9.0,82
AC004535,2025-07-15,A0113,RM003,Portfolio Review,Private Equity Buyout Fund VII,Private Equity,63,Yes,Yes,28.0,84
AC004536,2025-10-24,A0031,RM010,Webinar,Senior Direct Lending Fund VI,Private Credit,57,No,No,,47
AC004537,2026-01-24,A0017,RM002,In-person Meeting,Global Infrastructure Partners IV,Infrastructure,77,No,No,,47
AC004538,2025-08-31,A0369,RM011,Follow-up Call,Direct Lending Income Fund V,Private Credit,60,Yes,No,10.0,26
AC004539,2025-10-21,A0292,RM016,Follow-up Call,Direct Lending Income Fund V,Private Credit,63,Yes,Yes,15.0,40
AC004540,2025-05-28,A0252,RM008,In-person Meeting,Core Infrastructure Income Fund III,Infrastructure,80,Yes,Yes,19.0,55
AC004541,2026-02-20,A0211,RM006,Due Diligence Meeting,Opportunistic Real Estate Fund VI,Real Estate,97,Yes,Yes,29.0,85
AC004542,2026-04-16,A0229,RM002,Portfolio Review,Real Estate Income Fund II,Real Estate,48,Yes,Yes,7.0,63
AC004543,2025-08-08,A0258,RM009,Intro Call,Senior Direct Lending Fund VI,Private Credit,33,Yes,No,19.0,26
AC004544,2025-05-24,A0335,RM006,In-person Meeting,Private Equity Buyout Fund VII,Private Equity,69,No,No,,79
AC004545,2026-02-17,A0239,RM003,Webinar,Private Equity Buyout Fund VII,Private Equity,60,No,No,,65
AC004546,2025-08-20,A0305,RM007,In-person Meeting,Global Infrastructure Partners IV,Infrastructure,89,Yes,Yes,11.0,79
AC004547,2026-03-18,A0107,RM004,Intro Call,Private Equity Buyout Fund VII,Private Equity,62,Yes,Yes,2.0,21
AC004548,2026-02-07,A0395,RM002,Intro Call,Opportunistic Real Estate Fund VI,Real Estate,49,No,No,,44
AC004549,2025-06-03,A0017,RM002,Intro Call,Opportunistic Credit Fund II,Private Credit,44,No,No,,21
AC004550,2025-12-01,A0150,RM006,Product Education,Opportunistic Real Estate Fund VI,Real Estate,61,Yes,Yes,8.0,30
AC004551,2025-12-27,A0349,RM014,Follow-up Call,Growth Equity Partners III,Private Equity,78,No,No,,29
AC004552,2025-11-07,A0064,RM011,Follow-up Call,Private Equity Buyout Fund VII,Private Equity,46,No,No,,28
AC004553,2025-12-10,A0050,RM015,Due Diligence Meeting,Value-Add Real Estate Fund IV,Real Estate,62,Yes,Yes,11.0,44
AC004554,2025-12-22,A0142,RM013,Due Diligence Meeting,Global Infrastructure Partners IV,Infrastructure,93,Yes,Yes,11.0,82
AC004555,2026-01-01,A0172,RM009,Follow-up Call,Real Estate Income Fund II,Real Estate,68,No,No,,39
AC004556,2025-07-25,A0373,RM005,Due Diligence Meeting,Senior Direct Lending Fund VI,Private Credit,48,No,No,,53
AC004557,2026-01-21,A0339,RM004,Follow-up Call,Global Infrastructure Partners IV,Infrastructure,62,Yes,Yes,12.0,22
AC004558,2025-07-13,A0186,RM006,Follow-up Call,Direct Lending Income Fund V,Private Credit,56,No,No,,38
AC004559,2025-09-17,A0391,RM012,Follow-up Call,Senior Direct Lending Fund VI,Private Credit,51,No,No,,43
AC004560,2025-05-23,A0259,RM007,Product Education,Senior Direct Lending Fund VI,Private Credit,69,No,No,,27
AC004561,2025-08-07,A0347,RM003,Portfolio Review,Senior Direct Lending Fund VI,Private Credit,63,No,No,,58
AC004562,2026-02-08,A0094,RM005,Portfolio Review,Growth Equity Partners III,Private Equity,66,Yes,Yes,27.0,95
AC004563,2026-01-15,A0196,RM009,Follow-up Call,Value-Add Real Estate Fund IV,Real Estate,83,Yes,No,19.0,31
AC004564,2025-11-09,A0016,RM002,Webinar,Opportunistic Credit Fund II,Private Credit,79,Yes,Yes,3.0,40
AC004565,2025-11-06,A0006,RM012,Portfolio Review,Value-Add Real Estate Fund IV,Real Estate,86,Yes,Yes,28.0,69
AC004566,2025-05-03,A0286,RM008,Follow-up Call,Senior Direct Lending Fund VI,Private Credit,51,No,No,,39
AC004567,2025-11-07,A0042,RM009,Follow-up Call,Opportunistic Real Estate Fund VI,Real Estate,53,Yes,Yes,12.0,18
AC004568,2025-09-02,A0220,RM015,Follow-up Call,Value-Add Real Estate Fund IV,Real Estate,66,Yes,Yes,24.0,39
AC004569,2025-09-12,A0281,RM009,Follow-up Call,Real Estate Income Fund II,Real Estate,50,Yes,No,20.0,22
AC004570,2026-03-05,A0017,RM002,Intro Call,Real Estate Income Fund II,Real Estate,32,No,No,,39
AC004571,2025-05-03,A0181,RM003,Portfolio Review,Opportunistic Credit Fund II,Private Credit,63,Yes,Yes,14.0,69
AC004572,2025-09-13,A0277,RM006,Follow-up Call,Value-Add Real Estate Fund IV,Real Estate,66,Yes,No,11.0,33
AC004573,2025-10-25,A0354,RM014,In-person Meeting,Opportunistic Real Estate Fund VI,Real Estate,76,No,No,,41
AC004574,2025-09-13,A0113,RM003,Due Diligence Meeting,Opportunistic Real Estate Fund VI,Real Estate,95,Yes,No,21.0,61
AC004575,2025-10-15,A0392,RM009,Webinar,Senior Direct Lending Fund VI,Private Credit,68,No,No,,64
AC004576,2025-09-05,A0341,RM002,In-person Meeting,Global Infrastructure Partners IV,Infrastructure,82,No,No,,73
AC004577,2025-07-10,A0262,RM009,Follow-up Call,Opportunistic Credit Fund II,Private Credit,63,Yes,Yes,13.0,34
AC004578,2025-11-06,A0152,RM015,Follow-up Call,Senior Direct Lending Fund VI,Private Credit,78,Yes,Yes,21.0,36
AC004579,2025-10-15,A0289,RM008,Portfolio Review,Private Equity Buyout Fund VII,Private Equity,64,No,No,,61
AC004580,2026-02-27,A0331,RM013,Due Diligence Meeting,Core Infrastructure Income Fund III,Infrastructure,92,Yes,Yes,25.0,94
AC004581,2025-06-05,A0115,RM012,Portfolio Review,Real Estate Income Fund II,Real Estate,88,No,No,,64
AC004582,2025-07-02,A0399,RM006,In-person Meeting,Global Infrastructure Partners IV,Infrastructure,41,No,No,,90
AC004583,2025-08-07,A0363,RM012,In-person Meeting,Value-Add Real Estate Fund IV,Real Estate,86,Yes,Yes,19.0,66
AC004584,2025-09-28,A0193,RM004,In-person Meeting,Private Equity Buyout Fund VII,Private Equity,78,Yes,No,26.0,72
AC004585,2025-11-02,A0294,RM012,Intro Call,Value-Add Real Estate Fund IV,Real Estate,52,No,No,,17
AC004586,2025-06-15,A0207,RM008,Product Education,Global Infrastructure Partners IV,Infrastructure,45,No,No,,28
AC004587,2025-10-26,A0310,RM010,In-person Meeting,Real Estate Income Fund II,Real Estate,69,No,No,,31
AC004588,2026-03-17,A0335,RM006,Portfolio Review,Direct Lending Income Fund V,Private Credit,71,No,No,,73
AC004589,2025-09-02,A0013,RM011,Product Education,Real Estate Income Fund II,Real Estate,52,Yes,Yes,9.0,32
AC004590,2025-05-27,A0031,RM010,In-person Meeting,Direct Lending Income Fund V,Private Credit,51,Yes,No,8.0,79
AC004591,2025-07-14,A0128,RM002,In-person Meeting,Private Equity Buyout Fund VII,Private Equity,51,No,No,,97
AC004592,2025-09-28,A0367,RM002,Follow-up Call,Core Infrastructure Income Fund III,Infrastructure,65,No,No,,40
AC004593,2025-08-04,A0156,RM004,Intro Call,Senior Direct Lending Fund VI,Private Credit,36,Yes,No,24.0,35
AC004594,2025-07-17,A0352,RM002,Product Education,Core Infrastructure Income Fund III,Infrastructure,93,Yes,Yes,4.0,17
AC004595,2025-06-24,A0185,RM004,Follow-up Call,Global Infrastructure Partners IV,Infrastructure,74,No,No,,34
AC004596,2025-05-06,A0108,RM008,Intro Call,Real Estate Income Fund II,Real Estate,40,No,No,,46
AC004597,2025-11-28,A0360,RM013,Product Education,Core Infrastructure Income Fund III,Infrastructure,66,Yes,Yes,16.0,32
AC004598,2026-04-01,A0225,RM016,Product Education,Opportunistic Real Estate Fund VI,Real Estate,61,No,No,,42
AC004599,2026-04-30,A0141,RM003,Follow-up Call,Private Equity Buyout Fund VII,Private Equity,70,No,No,,18
AC004600,2026-03-22,A0021,RM010,Product Education,Opportunistic Real Estate Fund VI,Real Estate,73,Yes,Yes,13.0,27
AC004601,2026-03-17,A0039,RM001,Follow-up Call,Core Infrastructure Income Fund III,Infrastructure,78,Yes,Yes,8.0,30
AC004602,2026-03-15,A0049,RM011,Webinar,Opportunistic Real Estate Fund VI,Real Estate,52,No,No,,33
AC004603,2025-11-03,A0142,RM013,Follow-up Call,Growth Equity Partners III,Private Equity,64,No,No,,33
AC004604,2025-12-14,A0245,RM010,Follow-up Call,Opportunistic Credit Fund II,Private Credit,79,Yes,Yes,16.0,55
AC004605,2026-01-17,A0117,RM010,Follow-up Call,Private Equity Buyout Fund VII,Private Equity,38,No,No,,32
AC004606,2026-04-24,A0027,RM006,Intro Call,Real Estate Income Fund II,Real Estate,64,Yes,Yes,26.0,17
AC004607,2025-06-06,A0100,RM006,Follow-up Call,Opportunistic Credit Fund II,Private Credit,67,Yes,Yes,24.0,16
AC004608,2026-03-13,A0160,RM002,Intro Call,Private Equity Buyout Fund VII,Private Equity,49,Yes,No,29.0,20
AC004609,2026-02-18,A0399,RM006,Due Diligence Meeting,Value-Add Real Estate Fund IV,Real Estate,74,Yes,No,12.0,82
AC004610,2025-05-24,A0153,RM010,Webinar,Opportunistic Real Estate Fund VI,Real Estate,86,Yes,Yes,17.0,55
AC004611,2025-08-11,A0033,RM009,Intro Call,Value-Add Real Estate Fund IV,Real Estate,55,Yes,Yes,19.0,34
AC004612,2025-12-08,A0233,RM004,Follow-up Call,Growth Equity Partners III,Private Equity,46,No,No,,30
AC004613,2025-07-18,A0369,RM011,Webinar,Private Equity Buyout Fund VII,Private Equity,71,Yes,No,11.0,64
AC004614,2026-02-13,A0322,RM006,Due Diligence Meeting,Direct Lending Income Fund V,Private Credit,100,Yes,Yes,11.0,88
AC004615,2025-12-15,A0339,RM004,Intro Call,Senior Direct Lending Fund VI,Private Credit,50,Yes,Yes,11.0,51
AC004616,2025-07-17,A0372,RM002,Portfolio Review,Real Estate Income Fund II,Real Estate,60,Yes,Yes,24.0,32
AC004617,2026-03-25,A0257,RM004,Follow-up Call,Direct Lending Income Fund V,Private Credit,48,Yes,Yes,25.0,32
AC004618,2026-04-30,A0399,RM006,In-person Meeting,Growth Equity Partners III,Private Equity,47,No,No,,50
AC004619,2026-02-10,A0017,RM002,Product Education,Core Infrastructure Income Fund III,Infrastructure,48,Yes,Yes,3.0,40
AC004620,2025-05-19,A0338,RM007,Follow-up Call,Global Infrastructure Partners IV,Infrastructure,52,Yes,Yes,16.0,33
AC004621,2025-05-20,A0343,RM004,Follow-up Call,Core Infrastructure Income Fund III,Infrastructure,68,Yes,Yes,16.0,34
AC004622,2026-03-18,A0367,RM002,Webinar,Value-Add Real Estate Fund IV,Real Estate,70,Yes,Yes,7.0,49
AC004623,2026-02-23,A0191,RM014,In-person Meeting,Direct Lending Income Fund V,Private Credit,46,Yes,No,11.0,36
AC004624,2025-09-16,A0323,RM016,Webinar,Senior Direct Lending Fund VI,Private Credit,58,Yes,No,7.0,58
AC004625,2025-11-13,A0071,RM003,Product Education,Opportunistic Credit Fund II,Private Credit,55,No,No,,38
AC004626,2025-11-30,A0241,RM014,Product Education,Core Infrastructure Income Fund III,Infrastructure,57,Yes,No,10.0,39
AC004627,2026-03-11,A0140,RM007,Portfolio Review,Core Infrastructure Income Fund III,Infrastructure,48,No,No,,58
AC004628,2025-06-13,A0239,RM003,Intro Call,Opportunistic Real Estate Fund VI,Real Estate,54,Yes,No,23.0,36
AC004629,2025-08-26,A0276,RM005,Intro Call,Private Equity Buyout Fund VII,Private Equity,64,Yes,Yes,7.0,28
AC004630,2025-12-31,A0134,RM006,Product Education,Core Infrastructure Income Fund III,Infrastructure,53,No,No,,36
AC004631,2025-07-10,A0078,RM016,Intro Call,Global Infrastructure Partners IV,Infrastructure,59,Yes,Yes,14.0,14
AC004632,2025-06-02,A0121,RM010,In-person Meeting,Growth Equity Partners III,Private Equity,74,Yes,No,6.0,84
AC004633,2025-08-14,A0271,RM014,Follow-up Call,Opportunistic Real Estate Fund VI,Real Estate,67,Yes,Yes,19.0,24
AC004634,2025-10-02,A0276,RM005,Intro Call,Opportunistic Real Estate Fund VI,Real Estate,73,Yes,Yes,26.0,17
AC004635,2026-01-07,A0301,RM012,Intro Call,Core Infrastructure Income Fund III,Infrastructure,66,No,No,,13
AC004636,2025-08-07,A0046,RM009,Webinar,Value-Add Real Estate Fund IV,Real Estate,65,No,No,,49
AC004637,2026-03-20,A0333,RM006,Follow-up Call,Global Infrastructure Partners IV,Infrastructure,35,Yes,No,25.0,15
AC004638,2025-11-04,A0279,RM008,In-person Meeting,Direct Lending Income Fund V,Private Credit,45,Yes,No,13.0,70
AC004639,2025-11-04,A0017,RM002,Due Diligence Meeting,Direct Lending Income Fund V,Private Credit,74,Yes,Yes,12.0,63
AC004640,2025-07-26,A0127,RM014,Webinar,Private Equity Buyout Fund VII,Private Equity,59,No,No,,77
AC004641,2026-02-17,A0186,RM006,Portfolio Review,Core Infrastructure Income Fund III,Infrastructure,81,Yes,Yes,14.0,41
AC004642,2026-04-19,A0141,RM003,Portfolio Review,Real Estate Income Fund II,Real Estate,83,Yes,Yes,27.0,94
AC004643,2026-01-06,A0042,RM009,Follow-up Call,Core Infrastructure Income Fund III,Infrastructure,50,No,No,,39
AC004644,2025-11-23,A0076,RM007,Follow-up Call,Opportunistic Credit Fund II,Private Credit,65,Yes,Yes,13.0,36
AC004645,2026-04-28,A0013,RM011,Intro Call,Global Infrastructure Partners IV,Infrastructure,47,Yes,No,10.0,35
AC004646,2026-04-09,A0034,RM014,Product Education,Senior Direct Lending Fund VI,Private Credit,77,Yes,Yes,6.0,23
AC004647,2025-07-29,A0101,RM005,In-person Meeting,Opportunistic Real Estate Fund VI,Real Estate,64,No,No,,88
AC004648,2025-09-12,A0333,RM006,Follow-up Call,Opportunistic Credit Fund II,Private Credit,36,Yes,Yes,29.0,37
AC004649,2025-06-08,A0208,RM014,Webinar,Value-Add Real Estate Fund IV,Real Estate,75,Yes,Yes,25.0,50
AC004650,2026-03-06,A0171,RM016,Follow-up Call,Senior Direct Lending Fund VI,Private Credit,56,Yes,Yes,16.0,51
AC004651,2025-10-30,A0270,RM012,Due Diligence Meeting,Value-Add Real Estate Fund IV,Real Estate,82,Yes,No,12.0,53
AC004652,2025-09-07,A0217,RM006,Webinar,Global Infrastructure Partners IV,Infrastructure,60,No,No,,54
AC004653,2025-10-15,A0046,RM009,Portfolio Review,Value-Add Real Estate Fund IV,Real Estate,70,No,No,,49
AC004654,2025-10-30,A0083,RM012,Intro Call,Direct Lending Income Fund V,Private Credit,36,No,No,,22
AC004655,2025-08-29,A0083,RM012,Product Education,Core Infrastructure Income Fund III,Infrastructure,48,No,No,,33
AC004656,2026-03-01,A0239,RM003,In-person Meeting,Senior Direct Lending Fund VI,Private Credit,67,Yes,No,8.0,81
AC004657,2026-01-05,A0184,RM015,Follow-up Call,Private Equity Buyout Fund VII,Private Equity,74,Yes,No,8.0,39
AC004658,2025-05-09,A0150,RM006,Follow-up Call,Opportunistic Credit Fund II,Private Credit,80,No,No,,22
AC004659,2026-03-14,A0225,RM016,Webinar,Growth Equity Partners III,Private Equity,47,No,No,,57
AC004660,2025-12-09,A0390,RM001,Portfolio Review,Global Infrastructure Partners IV,Infrastructure,74,Yes,No,23.0,57
AC004661,2025-06-29,A0119,RM007,In-person Meeting,Core Infrastructure Income Fund III,Infrastructure,75,Yes,Yes,9.0,94
AC004662,2026-04-21,A0205,RM014,Follow-up Call,Value-Add Real Estate Fund IV,Real Estate,56,Yes,Yes,12.0,56
AC004663,2026-03-07,A0192,RM004,Portfolio Review,Senior Direct Lending Fund VI,Private Credit,88,No,No,,50
AC004664,2025-09-22,A0291,RM003,Intro Call,Private Equity Buyout Fund VII,Private Equity,46,No,No,,38
AC004665,2025-11-09,A0296,RM001,In-person Meeting,Real Estate Income Fund II,Real Estate,75,No,No,,78
AC004666,2025-10-01,A0296,RM001,Portfolio Review,Real Estate Income Fund II,Real Estate,58,Yes,No,17.0,89
AC004667,2025-11-19,A0073,RM002,In-person Meeting,Senior Direct Lending Fund VI,Private Credit,59,No,No,,69
AC004668,2025-11-10,A0181,RM003,Portfolio Review,Direct Lending Income Fund V,Private Credit,53,No,No,,58
AC004669,2025-07-18,A0327,RM004,Webinar,Private Equity Buyout Fund VII,Private Equity,69,No,No,,49
AC004670,2025-08-16,A0149,RM014,Portfolio Review,Value-Add Real Estate Fund IV,Real Estate,86,Yes,Yes,17.0,95
AC004671,2025-06-27,A0397,RM013,Due Diligence Meeting,Growth Equity Partners III,Private Equity,70,Yes,No,27.0,81
AC004672,2026-04-05,A0142,RM013,Intro Call,Real Estate Income Fund II,Real Estate,67,Yes,No,27.0,45
AC004673,2025-06-18,A0198,RM014,In-person Meeting,Global Infrastructure Partners IV,Infrastructure,73,Yes,No,29.0,96
AC004674,2025-06-05,A0189,RM015,Intro Call,Opportunistic Real Estate Fund VI,Real Estate,49,Yes,Yes,20.0,34
AC004675,2025-06-19,A0173,RM016,Intro Call,Private Equity Buyout Fund VII,Private Equity,35,No,No,,28
AC004676,2025-12-04,A0341,RM002,Intro Call,Private Equity Buyout Fund VII,Private Equity,53,No,No,,27
AC004677,2026-02-10,A0054,RM003,Follow-up Call,Direct Lending Income Fund V,Private Credit,80,No,No,,38
AC004678,2025-09-05,A0228,RM009,Webinar,Opportunistic Credit Fund II,Private Credit,73,No,No,,39
AC004679,2025-06-23,A0249,RM001,Follow-up Call,Global Infrastructure Partners IV,Infrastructure,73,Yes,Yes,21.0,36
AC004680,2025-09-29,A0342,RM003,Due Diligence Meeting,Opportunistic Credit Fund II,Private Credit,76,No,No,,65
AC004681,2025-09-21,A0246,RM002,Intro Call,Direct Lending Income Fund V,Private Credit,51,Yes,Yes,9.0,36
AC004682,2026-02-17,A0386,RM003,Follow-up Call,Global Infrastructure Partners IV,Infrastructure,72,Yes,Yes,6.0,37
AC004683,2025-09-04,A0347,RM003,Intro Call,Real Estate Income Fund II,Real Estate,41,Yes,No,18.0,32
AC004684,2025-10-17,A0134,RM006,In-person Meeting,Growth Equity Partners III,Private Equity,62,Yes,Yes,15.0,93
AC004685,2026-02-14,A0343,RM004,Follow-up Call,Core Infrastructure Income Fund III,Infrastructure,77,Yes,No,20.0,39
AC004686,2025-12-04,A0385,RM001,Follow-up Call,Senior Direct Lending Fund VI,Private Credit,63,No,No,,31
AC004687,2025-08-31,A0097,RM009,Due Diligence Meeting,Global Infrastructure Partners IV,Infrastructure,74,Yes,No,27.0,79
AC004688,2026-04-23,A0247,RM013,Due Diligence Meeting,Private Equity Buyout Fund VII,Private Equity,55,No,No,,63
AC004689,2026-01-24,A0107,RM004,Webinar,Value-Add Real Estate Fund IV,Real Estate,62,Yes,No,11.0,46
AC004690,2025-07-28,A0261,RM005,Due Diligence Meeting,Core Infrastructure Income Fund III,Infrastructure,74,Yes,Yes,26.0,101
AC004691,2026-01-22,A0034,RM014,Follow-up Call,Growth Equity Partners III,Private Equity,58,Yes,No,27.0,21
AC004692,2025-12-31,A0298,RM008,In-person Meeting,Opportunistic Credit Fund II,Private Credit,77,No,No,,66
AC004693,2025-12-20,A0167,RM008,Product Education,Direct Lending Income Fund V,Private Credit,62,No,No,,10
AC004694,2025-07-05,A0236,RM006,Product Education,Senior Direct Lending Fund VI,Private Credit,78,Yes,Yes,2.0,34
AC004695,2026-02-18,A0014,RM013,Follow-up Call,Direct Lending Income Fund V,Private Credit,61,Yes,Yes,20.0,32
AC004696,2025-07-09,A0281,RM009,Intro Call,Global Infrastructure Partners IV,Infrastructure,53,No,No,,49
AC004697,2025-08-22,A0198,RM014,In-person Meeting,Opportunistic Credit Fund II,Private Credit,83,No,No,,98
AC004698,2026-02-18,A0252,RM008,Portfolio Review,Value-Add Real Estate Fund IV,Real Estate,71,Yes,No,18.0,59
AC004699,2026-02-21,A0120,RM009,Product Education,Growth Equity Partners III,Private Equity,54,Yes,Yes,17.0,46
AC004700,2025-09-28,A0052,RM006,Intro Call,Real Estate Income Fund II,Real Estate,42,Yes,No,19.0,28
AC004701,2026-03-15,A0174,RM016,In-person Meeting,Real Estate Income Fund II,Real Estate,66,Yes,Yes,27.0,75
AC004702,2026-03-02,A0379,RM010,Webinar,Core Infrastructure Income Fund III,Infrastructure,48,No,No,,48
AC004703,2025-12-18,A0087,RM013,Portfolio Review,Real Estate Income Fund II,Real Estate,65,Yes,Yes,20.0,77
AC004704,2025-07-09,A0276,RM005,Follow-up Call,Global Infrastructure Partners IV,Infrastructure,61,Yes,No,13.0,50
AC004705,2026-02-16,A0024,RM008,Follow-up Call,Direct Lending Income Fund V,Private Credit,46,Yes,Yes,7.0,32
AC004706,2025-06-12,A0293,RM001,Portfolio Review,Growth Equity Partners III,Private Equity,70,Yes,Yes,20.0,88
AC004707,2025-08-14,A0092,RM009,In-person Meeting,Global Infrastructure Partners IV,Infrastructure,78,Yes,No,19.0,101
AC004708,2026-01-05,A0182,RM013,Intro Call,Global Infrastructure Partners IV,Infrastructure,21,Yes,No,17.0,49
AC004709,2025-05-30,A0143,RM009,Follow-up Call,Private Equity Buyout Fund VII,Private Equity,75,No,No,,52
AC004710,2025-11-01,A0040,RM001,Product Education,Value-Add Real Estate Fund IV,Real Estate,84,Yes,Yes,22.0,39
AC004711,2026-01-19,A0133,RM014,Intro Call,Opportunistic Real Estate Fund VI,Real Estate,57,Yes,No,11.0,29
AC004712,2025-08-19,A0136,RM010,In-person Meeting,Senior Direct Lending Fund VI,Private Credit,64,Yes,Yes,10.0,82
AC004713,2025-05-20,A0206,RM004,In-person Meeting,Opportunistic Real Estate Fund VI,Real Estate,70,Yes,Yes,19.0,63
AC004714,2025-10-13,A0391,RM012,In-person Meeting,Real Estate Income Fund II,Real Estate,67,Yes,No,25.0,68
AC004715,2026-01-13,A0186,RM006,Portfolio Review,Private Equity Buyout Fund VII,Private Equity,58,No,No,,76
AC004716,2026-04-09,A0367,RM002,In-person Meeting,Global Infrastructure Partners IV,Infrastructure,67,Yes,No,7.0,92
AC004717,2026-04-08,A0184,RM015,Intro Call,Senior Direct Lending Fund VI,Private Credit,56,No,No,,32
AC004718,2025-10-31,A0037,RM013,Intro Call,Opportunistic Credit Fund II,Private Credit,61,Yes,Yes,3.0,37
AC004719,2025-10-30,A0088,RM014,Follow-up Call,Direct Lending Income Fund V,Private Credit,37,No,No,,28
AC004720,2025-08-18,A0160,RM002,Follow-up Call,Growth Equity Partners III,Private Equity,73,No,No,,33
AC004721,2025-08-24,A0124,RM007,Due Diligence Meeting,Growth Equity Partners III,Private Equity,100,Yes,Yes,25.0,49
AC004722,2025-11-08,A0343,RM004,Intro Call,Private Equity Buyout Fund VII,Private Equity,66,Yes,Yes,16.0,23
AC004723,2025-07-02,A0276,RM005,Webinar,Core Infrastructure Income Fund III,Infrastructure,48,No,No,,39
AC004724,2025-08-27,A0232,RM012,Product Education,Global Infrastructure Partners IV,Infrastructure,52,Yes,Yes,10.0,35
AC004725,2025-10-03,A0197,RM010,In-person Meeting,Opportunistic Credit Fund II,Private Credit,76,No,No,,40
AC004726,2025-10-21,A0155,RM011,Due Diligence Meeting,Direct Lending Income Fund V,Private Credit,68,No,No,,72
AC004727,2025-08-11,A0247,RM013,Follow-up Call,Opportunistic Credit Fund II,Private Credit,46,No,No,,41
AC004728,2025-11-24,A0045,RM016,Follow-up Call,Senior Direct Lending Fund VI,Private Credit,63,Yes,Yes,4.0,21
AC004729,2025-09-19,A0059,RM002,Follow-up Call,Global Infrastructure Partners IV,Infrastructure,44,Yes,Yes,21.0,37
AC004730,2026-01-20,A0115,RM012,Follow-up Call,Direct Lending Income Fund V,Private Credit,80,Yes,Yes,23.0,30
AC004731,2026-03-04,A0062,RM016,Follow-up Call,Opportunistic Credit Fund II,Private Credit,90,Yes,Yes,23.0,16
AC004732,2026-04-06,A0276,RM005,Portfolio Review,Real Estate Income Fund II,Real Estate,73,Yes,Yes,21.0,88
AC004733,2025-10-28,A0013,RM011,Webinar,Core Infrastructure Income Fund III,Infrastructure,45,Yes,Yes,29.0,54
AC004734,2025-10-23,A0058,RM007,Follow-up Call,Opportunistic Real Estate Fund VI,Real Estate,63,No,No,,43
AC004735,2026-02-01,A0362,RM014,Product Education,Private Equity Buyout Fund VII,Private Equity,60,Yes,No,10.0,44
AC004736,2026-01-05,A0400,RM006,Intro Call,Opportunistic Credit Fund II,Private Credit,77,Yes,Yes,26.0,29
AC004737,2025-12-25,A0195,RM005,Follow-up Call,Core Infrastructure Income Fund III,Infrastructure,73,Yes,Yes,20.0,26
AC004738,2025-12-08,A0197,RM010,Intro Call,Growth Equity Partners III,Private Equity,49,Yes,Yes,17.0,27
AC004739,2026-02-19,A0316,RM001,Follow-up Call,Private Equity Buyout Fund VII,Private Equity,47,Yes,Yes,23.0,28
AC004740,2025-10-28,A0018,RM007,Product Education,Opportunistic Credit Fund II,Private Credit,86,Yes,Yes,7.0,45
AC004741,2025-07-18,A0172,RM009,Product Education,Core Infrastructure Income Fund III,Infrastructure,55,Yes,Yes,24.0,57
AC004742,2025-08-06,A0035,RM002,Webinar,Opportunistic Real Estate Fund VI,Real Estate,50,No,No,,46
AC004743,2026-02-24,A0157,RM016,Product Education,Real Estate Income Fund II,Real Estate,69,No,No,,35
AC004744,2025-08-17,A0397,RM013,Product Education,Senior Direct Lending Fund VI,Private Credit,59,No,No,,28
AC004745,2025-09-05,A0307,RM014,Follow-up Call,Real Estate Income Fund II,Real Estate,54,Yes,Yes,25.0,37
AC004746,2026-01-27,A0398,RM007,Product Education,Direct Lending Income Fund V,Private Credit,73,Yes,Yes,13.0,31
AC004747,2025-06-25,A0305,RM007,Due Diligence Meeting,Direct Lending Income Fund V,Private Credit,86,No,No,,78
AC004748,2026-01-17,A0245,RM010,Portfolio Review,Opportunistic Real Estate Fund VI,Real Estate,76,No,No,,79
AC004749,2026-02-06,A0307,RM014,Product Education,Value-Add Real Estate Fund IV,Real Estate,39,Yes,No,23.0,39
AC004750,2026-02-06,A0267,RM007,Portfolio Review,Real Estate Income Fund II,Real Estate,77,Yes,Yes,4.0,51
AC004751,2025-11-18,A0186,RM006,Due Diligence Meeting,Opportunistic Real Estate Fund VI,Real Estate,82,Yes,Yes,29.0,84
AC004752,2026-01-30,A0110,RM003,Intro Call,Global Infrastructure Partners IV,Infrastructure,46,Yes,No,28.0,20
AC004753,2025-12-30,A0205,RM014,Intro Call,Core Infrastructure Income Fund III,Infrastructure,49,No,No,,52
AC004754,2026-04-22,A0097,RM009,Webinar,Opportunistic Credit Fund II,Private Credit,54,Yes,Yes,13.0,57
AC004755,2025-08-01,A0195,RM005,Follow-up Call,Opportunistic Real Estate Fund VI,Real Estate,70,No,No,,42
AC004756,2026-03-07,A0052,RM006,Intro Call,Direct Lending Income Fund V,Private Credit,52,Yes,Yes,15.0,34
AC004757,2025-07-07,A0228,RM009,Intro Call,Value-Add Real Estate Fund IV,Real Estate,69,No,No,,39
AC004758,2026-04-16,A0094,RM005,Intro Call,Value-Add Real Estate Fund IV,Real Estate,35,Yes,Yes,19.0,41
AC004759,2026-02-13,A0110,RM003,Follow-up Call,Growth Equity Partners III,Private Equity,33,Yes,Yes,26.0,24
AC004760,2025-10-20,A0199,RM014,Follow-up Call,Value-Add Real Estate Fund IV,Real Estate,55,No,No,,36
AC004761,2026-01-02,A0059,RM002,Product Education,Global Infrastructure Partners IV,Infrastructure,59,No,No,,45
AC004762,2026-03-14,A0387,RM006,Due Diligence Meeting,Real Estate Income Fund II,Real Estate,86,Yes,Yes,9.0,67
AC004763,2025-12-09,A0180,RM008,Intro Call,Private Equity Buyout Fund VII,Private Equity,60,No,No,,14
AC004764,2025-08-13,A0137,RM008,In-person Meeting,Value-Add Real Estate Fund IV,Real Estate,61,No,No,,77
AC004765,2025-10-14,A0016,RM002,Intro Call,Global Infrastructure Partners IV,Infrastructure,78,Yes,Yes,8.0,39
AC004766,2025-05-12,A0341,RM002,Due Diligence Meeting,Direct Lending Income Fund V,Private Credit,83,Yes,Yes,6.0,34
AC004767,2026-02-24,A0252,RM008,Due Diligence Meeting,Core Infrastructure Income Fund III,Infrastructure,91,No,No,,62
AC004768,2025-12-23,A0166,RM013,Follow-up Call,Global Infrastructure Partners IV,Infrastructure,79,Yes,Yes,27.0,24
AC004769,2025-10-22,A0094,RM005,In-person Meeting,Private Equity Buyout Fund VII,Private Equity,67,Yes,Yes,6.0,60
AC004770,2026-01-05,A0303,RM014,Intro Call,Senior Direct Lending Fund VI,Private Credit,69,Yes,Yes,4.0,43
AC004771,2025-11-05,A0380,RM003,In-person Meeting,Growth Equity Partners III,Private Equity,57,Yes,No,5.0,58
AC004772,2025-05-05,A0149,RM014,In-person Meeting,Growth Equity Partners III,Private Equity,80,Yes,Yes,5.0,61
AC004773,2025-09-07,A0048,RM007,Due Diligence Meeting,Real Estate Income Fund II,Real Estate,90,Yes,Yes,18.0,85
AC004774,2026-03-19,A0038,RM012,Follow-up Call,Senior Direct Lending Fund VI,Private Credit,65,Yes,No,13.0,43
AC004775,2026-03-27,A0005,RM006,Webinar,Growth Equity Partners III,Private Equity,44,Yes,No,10.0,34
AC004776,2026-03-22,A0303,RM014,In-person Meeting,Value-Add Real Estate Fund IV,Real Estate,86,Yes,Yes,9.0,84
AC004777,2025-08-04,A0396,RM016,In-person Meeting,Growth Equity Partners III,Private Equity,71,No,No,,71
AC004778,2025-08-07,A0399,RM006,Intro Call,Real Estate Income Fund II,Real Estate,23,No,No,,48
AC004779,2025-08-10,A0320,RM009,Due Diligence Meeting,Real Estate Income Fund II,Real Estate,88,Yes,Yes,2.0,86
AC004780,2025-09-18,A0059,RM002,Follow-up Call,Value-Add Real Estate Fund IV,Real Estate,42,Yes,Yes,21.0,29
AC004781,2025-05-04,A0396,RM016,Intro Call,Private Equity Buyout Fund VII,Private Equity,42,Yes,Yes,25.0,15
AC004782,2025-12-30,A0125,RM013,Follow-up Call,Value-Add Real Estate Fund IV,Real Estate,53,Yes,Yes,3.0,29
AC004783,2025-09-23,A0127,RM014,Follow-up Call,Private Equity Buyout Fund VII,Private Equity,68,Yes,Yes,19.0,35
AC004784,2026-01-02,A0278,RM011,Webinar,Opportunistic Real Estate Fund VI,Real Estate,62,Yes,Yes,21.0,59
AC004785,2025-08-04,A0024,RM008,Due Diligence Meeting,Core Infrastructure Income Fund III,Infrastructure,62,No,No,,69
AC004786,2025-05-07,A0335,RM006,In-person Meeting,Senior Direct Lending Fund VI,Private Credit,73,Yes,Yes,5.0,69
AC004787,2025-08-14,A0400,RM006,Intro Call,Real Estate Income Fund II,Real Estate,78,Yes,No,11.0,60
AC004788,2025-12-27,A0316,RM001,Product Education,Global Infrastructure Partners IV,Infrastructure,52,Yes,No,15.0,47
AC004789,2025-07-14,A0320,RM009,Follow-up Call,Core Infrastructure Income Fund III,Infrastructure,71,No,No,,37
AC004790,2025-06-22,A0151,RM003,Intro Call,Growth Equity Partners III,Private Equity,60,Yes,No,21.0,44
AC004791,2025-05-24,A0027,RM006,Follow-up Call,Value-Add Real Estate Fund IV,Real Estate,71,No,No,,44
AC004792,2025-10-04,A0323,RM016,Portfolio Review,Opportunistic Real Estate Fund VI,Real Estate,81,Yes,No,12.0,63
AC004793,2025-12-05,A0239,RM003,Follow-up Call,Private Equity Buyout Fund VII,Private Equity,56,No,No,,37
AC004794,2025-10-23,A0363,RM012,Webinar,Core Infrastructure Income Fund III,Infrastructure,77,Yes,No,23.0,50
AC004795,2025-06-12,A0041,RM008,Webinar,Core Infrastructure Income Fund III,Infrastructure,51,Yes,Yes,2.0,46
AC004796,2026-01-18,A0116,RM005,Product Education,Global Infrastructure Partners IV,Infrastructure,87,Yes,Yes,7.0,49
AC004797,2025-11-19,A0142,RM013,Intro Call,Core Infrastructure Income Fund III,Infrastructure,60,Yes,No,13.0,33
AC004798,2025-09-06,A0276,RM005,Intro Call,Direct Lending Income Fund V,Private Credit,59,Yes,Yes,22.0,29
AC004799,2026-01-25,A0323,RM016,Intro Call,Opportunistic Real Estate Fund VI,Real Estate,61,No,No,,44
AC004800,2025-06-02,A0386,RM003,Portfolio Review,Direct Lending Income Fund V,Private Credit,81,Yes,Yes,14.0,92
AC004801,2025-11-20,A0112,RM013,Product Education,Opportunistic Credit Fund II,Private Credit,84,No,No,,23
AC004802,2025-08-14,A0197,RM010,Product Education,Core Infrastructure Income Fund III,Infrastructure,68,Yes,No,9.0,34
AC004803,2025-10-14,A0016,RM002,Webinar,Real Estate Income Fund II,Real Estate,55,No,No,,60
AC004804,2025-11-19,A0096,RM010,Portfolio Review,Opportunistic Real Estate Fund VI,Real Estate,74,No,No,,71
AC004805,2025-12-09,A0146,RM016,In-person Meeting,Private Equity Buyout Fund VII,Private Equity,98,Yes,Yes,3.0,96
AC004806,2026-02-12,A0238,RM015,Follow-up Call,Core Infrastructure Income Fund III,Infrastructure,47,No,No,,31
AC004807,2025-08-05,A0186,RM006,Portfolio Review,Global Infrastructure Partners IV,Infrastructure,69,No,No,,72
AC004808,2026-02-26,A0142,RM013,Follow-up Call,Growth Equity Partners III,Private Equity,68,No,No,,30
AC004809,2025-07-28,A0251,RM007,In-person Meeting,Private Equity Buyout Fund VII,Private Equity,53,No,No,,42
AC004810,2025-09-27,A0335,RM006,Webinar,Senior Direct Lending Fund VI,Private Credit,34,No,No,,56
AC004811,2026-04-27,A0093,RM012,Portfolio Review,Direct Lending Income Fund V,Private Credit,69,Yes,Yes,3.0,103
AC004812,2025-12-04,A0131,RM006,Portfolio Review,Global Infrastructure Partners IV,Infrastructure,51,No,No,,47
AC004813,2025-06-30,A0286,RM008,Webinar,Growth Equity Partners III,Private Equity,61,Yes,Yes,4.0,49
AC004814,2025-08-25,A0317,RM011,In-person Meeting,Opportunistic Credit Fund II,Private Credit,85,Yes,Yes,4.0,90
AC004815,2025-07-29,A0334,RM007,Product Education,Senior Direct Lending Fund VI,Private Credit,42,Yes,Yes,3.0,40
AC004816,2026-04-06,A0076,RM007,Intro Call,Real Estate Income Fund II,Real Estate,52,No,No,,26
AC004817,2026-03-18,A0214,RM015,Follow-up Call,Senior Direct Lending Fund VI,Private Credit,65,No,No,,38
AC004818,2025-05-27,A0359,RM013,Due Diligence Meeting,Real Estate Income Fund II,Real Estate,63,No,No,,59
AC004819,2025-09-29,A0152,RM015,In-person Meeting,Growth Equity Partners III,Private Equity,61,No,No,,64
AC004820,2025-12-09,A0173,RM016,Follow-up Call,Opportunistic Credit Fund II,Private Credit,51,Yes,Yes,14.0,32
AC004821,2025-05-01,A0398,RM007,Portfolio Review,Global Infrastructure Partners IV,Infrastructure,100,Yes,Yes,12.0,90
AC004822,2025-11-12,A0040,RM001,Due Diligence Meeting,Global Infrastructure Partners IV,Infrastructure,100,Yes,Yes,17.0,84
AC004823,2025-07-23,A0286,RM008,Webinar,Senior Direct Lending Fund VI,Private Credit,58,No,No,,40
AC004824,2025-06-14,A0342,RM003,Webinar,Real Estate Income Fund II,Real Estate,59,Yes,Yes,15.0,48
AC004825,2025-08-23,A0054,RM003,In-person Meeting,Senior Direct Lending Fund VI,Private Credit,87,Yes,Yes,13.0,56
AC004826,2025-08-03,A0289,RM008,In-person Meeting,Global Infrastructure Partners IV,Infrastructure,85,No,No,,52
AC004827,2025-07-03,A0186,RM006,Product Education,Opportunistic Credit Fund II,Private Credit,74,Yes,Yes,7.0,21
AC004828,2026-02-28,A0342,RM003,Webinar,Real Estate Income Fund II,Real Estate,36,No,No,,29
AC004829,2025-11-20,A0362,RM014,Webinar,Opportunistic Credit Fund II,Private Credit,50,No,No,,33
AC004830,2025-07-28,A0347,RM003,Intro Call,Global Infrastructure Partners IV,Infrastructure,60,Yes,Yes,3.0,29
AC004831,2026-03-07,A0026,RM011,In-person Meeting,Core Infrastructure Income Fund III,Infrastructure,65,No,No,,58
AC004832,2025-11-10,A0307,RM014,Follow-up Call,Value-Add Real Estate Fund IV,Real Estate,51,Yes,Yes,5.0,24
AC004833,2026-01-05,A0370,RM009,Follow-up Call,Private Equity Buyout Fund VII,Private Equity,56,No,No,,48
AC004834,2026-02-14,A0249,RM001,Follow-up Call,Direct Lending Income Fund V,Private Credit,67,Yes,Yes,15.0,39
AC004835,2025-06-08,A0240,RM005,Follow-up Call,Private Equity Buyout Fund VII,Private Equity,65,Yes,No,8.0,54
AC004836,2026-01-10,A0021,RM010,Product Education,Private Equity Buyout Fund VII,Private Equity,82,Yes,No,16.0,32
AC004837,2026-04-04,A0343,RM004,Due Diligence Meeting,Senior Direct Lending Fund VI,Private Credit,93,No,No,,67
AC004838,2026-04-29,A0022,RM003,In-person Meeting,Direct Lending Income Fund V,Private Credit,73,No,No,,107
AC004839,2025-06-19,A0119,RM007,Due Diligence Meeting,Real Estate Income Fund II,Real Estate,82,Yes,Yes,20.0,98
AC004840,2026-04-04,A0371,RM009,In-person Meeting,Direct Lending Income Fund V,Private Credit,73,Yes,Yes,6.0,60
AC004841,2025-11-20,A0382,RM010,Webinar,Core Infrastructure Income Fund III,Infrastructure,83,Yes,Yes,5.0,39
AC004842,2025-05-09,A0399,RM006,Follow-up Call,Value-Add Real Estate Fund IV,Real Estate,49,Yes,Yes,26.0,34
AC004843,2026-03-07,A0190,RM009,Intro Call,Core Infrastructure Income Fund III,Infrastructure,61,No,No,,33
AC004844,2025-08-29,A0063,RM016,Portfolio Review,Private Equity Buyout Fund VII,Private Equity,71,No,No,,76
AC004845,2025-08-28,A0196,RM009,Webinar,Core Infrastructure Income Fund III,Infrastructure,60,No,No,,48
AC004846,2026-02-14,A0036,RM008,Due Diligence Meeting,Opportunistic Credit Fund II,Private Credit,76,Yes,No,24.0,69
AC004847,2026-01-24,A0347,RM003,Follow-up Call,Global Infrastructure Partners IV,Infrastructure,51,Yes,Yes,17.0,28
AC004848,2025-12-06,A0225,RM016,In-person Meeting,Growth Equity Partners III,Private Equity,66,No,No,,77
AC004849,2025-09-10,A0158,RM007,Product Education,Real Estate Income Fund II,Real Estate,63,Yes,Yes,5.0,32
AC004850,2025-11-08,A0031,RM010,Due Diligence Meeting,Opportunistic Credit Fund II,Private Credit,76,No,No,,62
AC004851,2025-10-10,A0158,RM007,Due Diligence Meeting,Real Estate Income Fund II,Real Estate,77,No,No,,81
AC004852,2026-02-27,A0343,RM004,Webinar,Value-Add Real Estate Fund IV,Real Estate,58,Yes,Yes,26.0,56
AC004853,2025-05-19,A0285,RM011,Webinar,Core Infrastructure Income Fund III,Infrastructure,57,Yes,Yes,5.0,48
AC004854,2025-12-10,A0031,RM010,Product Education,Opportunistic Credit Fund II,Private Credit,72,Yes,No,7.0,50
AC004855,2026-02-02,A0058,RM007,Webinar,Core Infrastructure Income Fund III,Infrastructure,59,Yes,Yes,7.0,51
AC004856,2025-06-13,A0152,RM015,Intro Call,Value-Add Real Estate Fund IV,Real Estate,61,No,No,,30
AC004857,2025-11-13,A0035,RM002,In-person Meeting,Value-Add Real Estate Fund IV,Real Estate,64,No,No,,63
AC004858,2025-09-24,A0373,RM005,In-person Meeting,Private Equity Buyout Fund VII,Private Equity,55,Yes,Yes,21.0,83
AC004859,2025-06-13,A0263,RM014,Follow-up Call,Real Estate Income Fund II,Real Estate,46,No,No,,38
AC004860,2025-09-23,A0034,RM014,In-person Meeting,Growth Equity Partners III,Private Equity,50,No,No,,87
AC004861,2025-10-04,A0323,RM016,In-person Meeting,Direct Lending Income Fund V,Private Credit,79,Yes,No,16.0,86
AC004862,2025-05-24,A0143,RM009,Due Diligence Meeting,Senior Direct Lending Fund VI,Private Credit,72,No,No,,69
AC004863,2026-04-24,A0094,RM005,Intro Call,Direct Lending Income Fund V,Private Credit,41,No,No,,43
AC004864,2026-01-05,A0229,RM002,Follow-up Call,Opportunistic Credit Fund II,Private Credit,57,No,No,,64
AC004865,2025-11-21,A0008,RM010,Follow-up Call,Growth Equity Partners III,Private Equity,73,Yes,No,12.0,20
AC004866,2025-09-11,A0186,RM006,Follow-up Call,Direct Lending Income Fund V,Private Credit,55,Yes,Yes,26.0,36
AC004867,2025-12-30,A0341,RM002,Follow-up Call,Value-Add Real Estate Fund IV,Real Estate,61,No,No,,41
AC004868,2025-10-22,A0372,RM002,Follow-up Call,Value-Add Real Estate Fund IV,Real Estate,54,Yes,No,18.0,16
AC004869,2025-10-23,A0131,RM006,Follow-up Call,Opportunistic Credit Fund II,Private Credit,38,No,No,,28
AC004870,2025-09-14,A0259,RM007,Intro Call,Opportunistic Credit Fund II,Private Credit,70,No,No,,34
AC004871,2025-09-08,A0086,RM003,In-person Meeting,Opportunistic Real Estate Fund VI,Real Estate,65,Yes,No,28.0,83
AC004872,2026-02-09,A0225,RM016,Follow-up Call,Opportunistic Real Estate Fund VI,Real Estate,55,No,No,,36
AC004873,2026-02-11,A0096,RM010,Follow-up Call,Value-Add Real Estate Fund IV,Real Estate,87,No,No,,23
AC004874,2025-05-21,A0229,RM002,Due Diligence Meeting,Growth Equity Partners III,Private Equity,75,No,No,,89
AC004875,2025-12-07,A0062,RM016,Intro Call,Growth Equity Partners III,Private Equity,71,Yes,Yes,14.0,33
AC004876,2026-01-28,A0377,RM013,Due Diligence Meeting,Global Infrastructure Partners IV,Infrastructure,70,Yes,Yes,28.0,54
AC004877,2025-12-09,A0352,RM002,Follow-up Call,Real Estate Income Fund II,Real Estate,65,Yes,Yes,24.0,42
AC004878,2026-04-08,A0128,RM002,Follow-up Call,Value-Add Real Estate Fund IV,Real Estate,48,No,No,,37
AC004879,2025-06-11,A0317,RM011,Follow-up Call,Opportunistic Real Estate Fund VI,Real Estate,71,Yes,Yes,26.0,23
AC004880,2025-07-22,A0034,RM014,Due Diligence Meeting,Real Estate Income Fund II,Real Estate,76,Yes,Yes,22.0,90
AC004881,2025-07-18,A0300,RM008,Webinar,Opportunistic Credit Fund II,Private Credit,71,Yes,Yes,5.0,38
AC004882,2025-06-11,A0107,RM004,Product Education,Value-Add Real Estate Fund IV,Real Estate,73,No,No,,28
AC004883,2025-08-28,A0048,RM007,Intro Call,Real Estate Income Fund II,Real Estate,69,Yes,Yes,27.0,22
AC004884,2025-09-30,A0276,RM005,Webinar,Core Infrastructure Income Fund III,Infrastructure,66,No,No,,52
AC004885,2026-03-04,A0186,RM006,Intro Call,Value-Add Real Estate Fund IV,Real Estate,65,Yes,Yes,3.0,27
AC004886,2025-11-20,A0211,RM006,Webinar,Growth Equity Partners III,Private Equity,73,Yes,Yes,9.0,50
AC004887,2025-08-31,A0205,RM014,Webinar,Core Infrastructure Income Fund III,Infrastructure,47,Yes,Yes,19.0,57
AC004888,2025-11-29,A0026,RM011,Intro Call,Direct Lending Income Fund V,Private Credit,32,No,No,,46
AC004889,2026-02-09,A0024,RM008,Webinar,Global Infrastructure Partners IV,Infrastructure,30,Yes,Yes,18.0,59
AC004890,2025-09-25,A0240,RM005,In-person Meeting,Senior Direct Lending Fund VI,Private Credit,79,Yes,No,2.0,88
AC004891,2025-12-05,A0251,RM007,In-person Meeting,Opportunistic Real Estate Fund VI,Real Estate,53,No,No,,98
AC004892,2025-12-07,A0022,RM003,Follow-up Call,Real Estate Income Fund II,Real Estate,47,Yes,Yes,3.0,40
AC004893,2025-08-08,A0147,RM016,Follow-up Call,Senior Direct Lending Fund VI,Private Credit,64,Yes,Yes,15.0,50
AC004894,2025-06-15,A0248,RM013,Intro Call,Core Infrastructure Income Fund III,Infrastructure,54,Yes,Yes,27.0,36
AC004895,2025-11-16,A0265,RM001,Follow-up Call,Direct Lending Income Fund V,Private Credit,49,No,No,,30
AC004896,2025-08-23,A0335,RM006,In-person Meeting,Value-Add Real Estate Fund IV,Real Estate,59,Yes,Yes,29.0,79
AC004897,2026-03-04,A0168,RM013,Webinar,Private Equity Buyout Fund VII,Private Equity,57,Yes,No,10.0,45
AC004898,2025-10-23,A0220,RM015,Follow-up Call,Private Equity Buyout Fund VII,Private Equity,68,Yes,No,23.0,52
AC004899,2025-05-20,A0232,RM012,In-person Meeting,Direct Lending Income Fund V,Private Credit,54,Yes,No,12.0,68
AC004900,2025-08-17,A0118,RM013,Intro Call,Direct Lending Income Fund V,Private Credit,49,Yes,No,4.0,49
AC004901,2025-12-14,A0024,RM008,Webinar,Core Infrastructure Income Fund III,Infrastructure,51,No,No,,68
AC004902,2026-02-05,A0003,RM001,In-person Meeting,Opportunistic Credit Fund II,Private Credit,63,Yes,Yes,6.0,72
AC004903,2025-08-01,A0339,RM004,Intro Call,Opportunistic Credit Fund II,Private Credit,39,Yes,Yes,4.0,42
AC004904,2026-04-07,A0073,RM002,In-person Meeting,Core Infrastructure Income Fund III,Infrastructure,73,Yes,No,17.0,52
AC004905,2026-03-06,A0255,RM014,Intro Call,Real Estate Income Fund II,Real Estate,76,Yes,Yes,10.0,60
AC004906,2026-01-18,A0232,RM012,Product Education,Direct Lending Income Fund V,Private Credit,59,No,No,,26
AC004907,2025-08-21,A0156,RM004,Intro Call,Real Estate Income Fund II,Real Estate,46,Yes,No,21.0,23
AC004908,2026-04-15,A0337,RM002,Follow-up Call,Opportunistic Real Estate Fund VI,Real Estate,69,No,No,,38
AC004909,2025-05-31,A0283,RM010,Webinar,Opportunistic Credit Fund II,Private Credit,75,Yes,Yes,16.0,49
AC004910,2025-12-17,A0013,RM011,In-person Meeting,Private Equity Buyout Fund VII,Private Equity,43,Yes,Yes,3.0,51
AC004911,2026-02-10,A0317,RM011,Portfolio Review,Core Infrastructure Income Fund III,Infrastructure,72,Yes,Yes,24.0,60
AC004912,2025-12-02,A0201,RM008,Follow-up Call,Private Equity Buyout Fund VII,Private Equity,76,Yes,Yes,18.0,26
AC004913,2025-12-11,A0134,RM006,Intro Call,Direct Lending Income Fund V,Private Credit,43,No,No,,29
AC004914,2026-04-21,A0295,RM009,Due Diligence Meeting,Real Estate Income Fund II,Real Estate,65,No,No,,71
AC004915,2025-11-03,A0278,RM011,Webinar,Global Infrastructure Partners IV,Infrastructure,54,Yes,No,27.0,48
AC004916,2025-11-04,A0118,RM013,Product Education,Core Infrastructure Income Fund III,Infrastructure,54,Yes,Yes,9.0,18
AC004917,2025-08-21,A0397,RM013,Intro Call,Senior Direct Lending Fund VI,Private Credit,54,No,No,,53
AC004918,2025-08-11,A0261,RM005,Follow-up Call,Real Estate Income Fund II,Real Estate,63,Yes,Yes,18.0,38
AC004919,2025-08-17,A0243,RM013,Follow-up Call,Senior Direct Lending Fund VI,Private Credit,73,No,No,,33
AC004920,2025-05-16,A0029,RM002,Portfolio Review,Opportunistic Real Estate Fund VI,Real Estate,67,Yes,No,29.0,78
AC004921,2026-02-07,A0106,RM001,Product Education,Real Estate Income Fund II,Real Estate,60,Yes,No,7.0,24
AC004922,2025-05-14,A0180,RM008,Product Education,Real Estate Income Fund II,Real Estate,84,Yes,No,22.0,42
AC004923,2025-07-22,A0255,RM014,Due Diligence Meeting,Real Estate Income Fund II,Real Estate,100,No,No,,76
AC004924,2026-02-23,A0203,RM006,Follow-up Call,Private Equity Buyout Fund VII,Private Equity,57,Yes,No,11.0,53
AC004925,2025-07-10,A0310,RM010,Product Education,Opportunistic Credit Fund II,Private Credit,61,Yes,No,13.0,39
AC004926,2025-05-08,A0099,RM001,Due Diligence Meeting,Senior Direct Lending Fund VI,Private Credit,95,Yes,Yes,3.0,78
AC004927,2025-10-23,A0285,RM011,Follow-up Call,Direct Lending Income Fund V,Private Credit,73,Yes,Yes,20.0,44
AC004928,2025-12-23,A0333,RM006,Intro Call,Growth Equity Partners III,Private Equity,32,Yes,Yes,9.0,46
AC004929,2025-08-03,A0310,RM010,In-person Meeting,Opportunistic Credit Fund II,Private Credit,56,Yes,Yes,3.0,102
AC004930,2025-12-24,A0314,RM016,Intro Call,Opportunistic Credit Fund II,Private Credit,35,No,No,,35
AC004931,2025-12-24,A0352,RM002,Product Education,Private Equity Buyout Fund VII,Private Equity,91,No,No,,32
AC004932,2025-06-12,A0031,RM010,Product Education,Opportunistic Credit Fund II,Private Credit,69,Yes,No,18.0,28
AC004933,2026-02-10,A0282,RM005,In-person Meeting,Growth Equity Partners III,Private Equity,62,Yes,Yes,8.0,100
AC004934,2025-06-24,A0389,RM004,Follow-up Call,Opportunistic Credit Fund II,Private Credit,50,No,No,,40
AC004935,2025-07-30,A0230,RM001,In-person Meeting,Real Estate Income Fund II,Real Estate,69,Yes,Yes,26.0,101
AC004936,2025-07-08,A0079,RM015,Follow-up Call,Private Equity Buyout Fund VII,Private Equity,70,Yes,No,9.0,23
AC004937,2026-02-10,A0400,RM006,Product Education,Opportunistic Real Estate Fund VI,Real Estate,83,Yes,Yes,29.0,39
AC004938,2025-10-11,A0062,RM016,In-person Meeting,Senior Direct Lending Fund VI,Private Credit,80,Yes,No,26.0,86
AC004939,2025-05-11,A0127,RM014,Follow-up Call,Growth Equity Partners III,Private Equity,71,Yes,No,28.0,28
AC004940,2026-04-04,A0062,RM016,Intro Call,Value-Add Real Estate Fund IV,Real Estate,80,Yes,Yes,14.0,35
AC004941,2025-07-28,A0186,RM006,Intro Call,Value-Add Real Estate Fund IV,Real Estate,47,Yes,Yes,14.0,17
AC004942,2025-11-19,A0167,RM008,Webinar,Real Estate Income Fund II,Real Estate,56,No,No,,42
AC004943,2026-02-12,A0197,RM010,Product Education,Senior Direct Lending Fund VI,Private Credit,70,No,No,,44
AC004944,2025-10-01,A0372,RM002,Product Education,Direct Lending Income Fund V,Private Credit,49,Yes,No,22.0,36
AC004945,2026-03-28,A0191,RM014,Due Diligence Meeting,Global Infrastructure Partners IV,Infrastructure,62,No,No,,90
AC004946,2025-05-12,A0203,RM006,Due Diligence Meeting,Core Infrastructure Income Fund III,Infrastructure,75,No,No,,112
AC004947,2025-05-22,A0352,RM002,Portfolio Review,Growth Equity Partners III,Private Equity,73,Yes,Yes,18.0,92
AC004948,2025-08-01,A0333,RM006,In-person Meeting,Opportunistic Credit Fund II,Private Credit,50,No,No,,69
AC004949,2025-10-21,A0092,RM009,Portfolio Review,Opportunistic Real Estate Fund VI,Real Estate,63,Yes,Yes,16.0,107
AC004950,2025-08-11,A0008,RM010,Follow-up Call,Real Estate Income Fund II,Real Estate,63,Yes,Yes,25.0,35
AC004951,2025-05-29,A0254,RM002,Product Education,Real Estate Income Fund II,Real Estate,47,Yes,Yes,13.0,30
AC004952,2026-04-11,A0341,RM002,In-person Meeting,Value-Add Real Estate Fund IV,Real Estate,74,No,No,,64
AC004953,2025-05-06,A0221,RM001,Follow-up Call,Direct Lending Income Fund V,Private Credit,50,Yes,Yes,3.0,50
AC004954,2025-05-17,A0077,RM005,Follow-up Call,Real Estate Income Fund II,Real Estate,48,No,No,,39
AC004955,2026-01-27,A0301,RM012,Portfolio Review,Direct Lending Income Fund V,Private Credit,95,Yes,Yes,2.0,111
AC004956,2025-05-14,A0273,RM012,Webinar,Real Estate Income Fund II,Real Estate,66,No,No,,57
AC004957,2025-12-02,A0227,RM015,Portfolio Review,Value-Add Real Estate Fund IV,Real Estate,51,No,No,,81
AC004958,2025-10-14,A0343,RM004,In-person Meeting,Core Infrastructure Income Fund III,Infrastructure,83,Yes,No,3.0,100
AC004959,2025-10-05,A0320,RM009,Webinar,Private Equity Buyout Fund VII,Private Equity,64,Yes,Yes,22.0,44
AC004960,2025-10-05,A0272,RM012,Portfolio Review,Growth Equity Partners III,Private Equity,57,Yes,Yes,15.0,73
AC004961,2025-10-09,A0271,RM014,Due Diligence Meeting,Direct Lending Income Fund V,Private Credit,62,Yes,Yes,24.0,87
AC004962,2025-10-28,A0270,RM012,Product Education,Private Equity Buyout Fund VII,Private Equity,55,Yes,No,2.0,17
AC004963,2025-06-09,A0208,RM014,Product Education,Growth Equity Partners III,Private Equity,69,No,No,,25
AC004964,2026-04-20,A0186,RM006,Due Diligence Meeting,Core Infrastructure Income Fund III,Infrastructure,70,Yes,Yes,22.0,51
AC004965,2025-09-06,A0288,RM015,Product Education,Opportunistic Credit Fund II,Private Credit,52,No,No,,32
AC004966,2025-12-08,A0247,RM013,Intro Call,Real Estate Income Fund II,Real Estate,41,No,No,,57
AC004967,2025-05-03,A0196,RM009,Product Education,Direct Lending Income Fund V,Private Credit,84,No,No,,25
AC004968,2025-09-05,A0046,RM009,Intro Call,Opportunistic Credit Fund II,Private Credit,66,Yes,Yes,20.0,34
AC004969,2026-02-22,A0285,RM011,Webinar,Core Infrastructure Income Fund III,Infrastructure,58,Yes,Yes,19.0,48
AC004970,2025-06-05,A0260,RM001,Product Education,Growth Equity Partners III,Private Equity,77,No,No,,36
AC004971,2026-01-12,A0130,RM009,Webinar,Opportunistic Real Estate Fund VI,Real Estate,56,No,No,,64
AC004972,2026-04-28,A0139,RM008,Due Diligence Meeting,Opportunistic Real Estate Fund VI,Real Estate,85,Yes,Yes,10.0,108
AC004973,2026-01-29,A0094,RM005,Follow-up Call,Global Infrastructure Partners IV,Infrastructure,57,Yes,Yes,20.0,39
AC004974,2026-03-22,A0387,RM006,Follow-up Call,Direct Lending Income Fund V,Private Credit,56,Yes,No,29.0,28
AC004975,2026-03-02,A0343,RM004,Follow-up Call,Growth Equity Partners III,Private Equity,77,No,No,,39
AC004976,2025-10-16,A0225,RM016,Follow-up Call,Direct Lending Income Fund V,Private Credit,40,No,No,,31
AC004977,2025-10-26,A0157,RM016,Follow-up Call,Global Infrastructure Partners IV,Infrastructure,81,Yes,Yes,27.0,54
AC004978,2025-06-26,A0299,RM006,Portfolio Review,Core Infrastructure Income Fund III,Infrastructure,96,Yes,Yes,8.0,33
AC004979,2025-06-05,A0209,RM010,Webinar,Opportunistic Credit Fund II,Private Credit,65,Yes,No,11.0,44
AC004980,2025-09-04,A0393,RM013,Intro Call,Opportunistic Real Estate Fund VI,Real Estate,36,No,No,,28
AC004981,2026-01-21,A0024,RM008,Follow-up Call,Opportunistic Credit Fund II,Private Credit,36,No,No,,25
AC004982,2025-08-21,A0017,RM002,Webinar,Senior Direct Lending Fund VI,Private Credit,39,No,No,,40
AC004983,2025-08-15,A0229,RM002,Webinar,Value-Add Real Estate Fund IV,Real Estate,40,Yes,Yes,4.0,47
AC004984,2026-02-28,A0074,RM008,In-person Meeting,Global Infrastructure Partners IV,Infrastructure,78,No,No,,58
AC004985,2025-09-19,A0241,RM014,Portfolio Review,Private Equity Buyout Fund VII,Private Equity,38,No,No,,75
AC004986,2025-12-31,A0319,RM014,Product Education,Opportunistic Credit Fund II,Private Credit,88,Yes,No,24.0,41
AC004987,2026-02-21,A0049,RM011,Intro Call,Core Infrastructure Income Fund III,Infrastructure,61,No,No,,26
AC004988,2025-07-09,A0175,RM007,Webinar,Core Infrastructure Income Fund III,Infrastructure,64,Yes,Yes,2.0,44
AC004989,2025-12-12,A0279,RM008,Product Education,Direct Lending Income Fund V,Private Credit,47,No,No,,21
AC004990,2026-04-28,A0338,RM007,Product Education,Senior Direct Lending Fund VI,Private Credit,69,No,No,,37
AC004991,2025-05-26,A0198,RM014,Due Diligence Meeting,Value-Add Real Estate Fund IV,Real Estate,89,Yes,Yes,26.0,81
AC004992,2026-03-27,A0075,RM001,Portfolio Review,Core Infrastructure Income Fund III,Infrastructure,76,Yes,Yes,7.0,44
AC004993,2025-12-01,A0235,RM005,Follow-up Call,Global Infrastructure Partners IV,Infrastructure,75,Yes,Yes,11.0,41
AC004994,2025-11-15,A0183,RM014,In-person Meeting,Growth Equity Partners III,Private Equity,69,No,No,,58
AC004995,2025-08-20,A0314,RM016,Follow-up Call,Global Infrastructure Partners IV,Infrastructure,60,No,No,,33
AC004996,2025-07-17,A0223,RM008,Follow-up Call,Global Infrastructure Partners IV,Infrastructure,56,No,No,,42
AC004997,2025-06-16,A0106,RM001,Follow-up Call,Real Estate Income Fund II,Real Estate,41,No,No,,26
AC004998,2026-03-14,A0307,RM014,In-person Meeting,Real Estate Income Fund II,Real Estate,60,No,No,,101
AC004999,2026-02-11,A0204,RM004,Webinar,Core Infrastructure Income Fund III,Infrastructure,40,No,No,,68
AC005000,2025-10-24,A0063,RM016,In-person Meeting,Opportunistic Credit Fund II,Private Credit,78,Yes,Yes,3.0,90
AC005001,2025-12-31,A0226,RM006,Webinar,Senior Direct Lending Fund VI,Private Credit,47,Yes,Yes,23.0,31
AC005002,2025-11-06,A0381,RM004,Follow-up Call,Direct Lending Income Fund V,Private Credit,45,No,No,,24
AC005003,2025-12-10,A0286,RM008,In-person Meeting,Real Estate Income Fund II,Real Estate,67,Yes,Yes,13.0,101
AC005004,2025-12-31,A0113,RM003,Product Education,Growth Equity Partners III,Private Equity,68,No,No,,32
AC005005,2025-09-23,A0289,RM008,Intro Call,Direct Lending Income Fund V,Private Credit,64,Yes,No,21.0,32
AC005006,2025-12-18,A0107,RM004,Due Diligence Meeting,Global Infrastructure Partners IV,Infrastructure,84,Yes,No,14.0,109
AC005007,2025-11-28,A0217,RM006,Product Education,Direct Lending Income Fund V,Private Credit,71,Yes,Yes,21.0,36
AC005008,2025-11-06,A0208,RM014,In-person Meeting,Growth Equity Partners III,Private Equity,73,Yes,Yes,3.0,51
AC005009,2026-01-04,A0095,RM003,Intro Call,Growth Equity Partners III,Private Equity,81,Yes,Yes,6.0,30
AC005010,2025-10-20,A0134,RM006,Follow-up Call,Private Equity Buyout Fund VII,Private Equity,44,Yes,Yes,12.0,32
AC005011,2026-01-30,A0377,RM013,Due Diligence Meeting,Private Equity Buyout Fund VII,Private Equity,60,Yes,Yes,2.0,107
AC005012,2025-07-15,A0095,RM003,Intro Call,Real Estate Income Fund II,Real Estate,70,Yes,No,19.0,54
AC005013,2025-09-28,A0326,RM014,Webinar,Private Equity Buyout Fund VII,Private Equity,34,Yes,No,21.0,44
AC005014,2025-08-17,A0272,RM012,Follow-up Call,Value-Add Real Estate Fund IV,Real Estate,57,No,No,,42
AC005015,2026-01-30,A0211,RM006,Product Education,Private Equity Buyout Fund VII,Private Equity,100,Yes,No,6.0,26
AC005016,2026-02-17,A0049,RM011,Follow-up Call,Global Infrastructure Partners IV,Infrastructure,60,Yes,No,15.0,23
AC005017,2025-09-21,A0074,RM008,Follow-up Call,Global Infrastructure Partners IV,Infrastructure,73,Yes,Yes,18.0,48
AC005018,2025-11-03,A0064,RM011,Follow-up Call,Growth Equity Partners III,Private Equity,65,Yes,No,26.0,37
AC005019,2026-04-02,A0236,RM006,In-person Meeting,Growth Equity Partners III,Private Equity,89,No,No,,54
AC005020,2026-04-25,A0391,RM012,Follow-up Call,Senior Direct Lending Fund VI,Private Credit,53,No,No,,45
AC005021,2025-11-29,A0348,RM003,Due Diligence Meeting,Private Equity Buyout Fund VII,Private Equity,54,Yes,No,29.0,72
AC005022,2026-04-14,A0014,RM013,Follow-up Call,Direct Lending Income Fund V,Private Credit,45,Yes,No,15.0,17
AC005023,2025-09-11,A0103,RM005,In-person Meeting,Direct Lending Income Fund V,Private Credit,58,No,No,,57
AC005024,2026-02-28,A0057,RM015,Webinar,Growth Equity Partners III,Private Equity,53,No,No,,38
AC005025,2026-03-28,A0393,RM013,Portfolio Review,Private Equity Buyout Fund VII,Private Equity,60,Yes,No,19.0,57
AC005026,2025-06-18,A0090,RM014,Intro Call,Global Infrastructure Partners IV,Infrastructure,54,Yes,Yes,27.0,52
AC005027,2025-11-27,A0073,RM002,In-person Meeting,Real Estate Income Fund II,Real Estate,72,No,No,,79
AC005028,2025-09-10,A0249,RM001,Due Diligence Meeting,Direct Lending Income Fund V,Private Credit,90,Yes,No,23.0,79
AC005029,2026-02-07,A0224,RM009,Product Education,Direct Lending Income Fund V,Private Credit,82,Yes,No,3.0,28
AC005030,2026-03-15,A0086,RM003,Webinar,Senior Direct Lending Fund VI,Private Credit,47,No,No,,44
AC005031,2026-01-08,A0273,RM012,Portfolio Review,Direct Lending Income Fund V,Private Credit,58,No,No,,95
AC005032,2026-03-25,A0034,RM014,Product Education,Direct Lending Income Fund V,Private Credit,62,Yes,Yes,2.0,30
AC005033,2025-05-13,A0009,RM010,Due Diligence Meeting,Opportunistic Credit Fund II,Private Credit,83,Yes,Yes,29.0,54
AC005034,2026-03-29,A0031,RM010,Intro Call,Opportunistic Real Estate Fund VI,Real Estate,50,Yes,No,4.0,24
AC005035,2025-11-07,A0142,RM013,Intro Call,Direct Lending Income Fund V,Private Credit,48,No,No,,44
AC005036,2025-10-23,A0392,RM009,Due Diligence Meeting,Core Infrastructure Income Fund III,Infrastructure,90,Yes,No,19.0,59
AC005037,2025-06-03,A0219,RM011,Intro Call,Private Equity Buyout Fund VII,Private Equity,44,No,No,,29
AC005038,2025-06-02,A0307,RM014,Follow-up Call,Value-Add Real Estate Fund IV,Real Estate,61,Yes,Yes,10.0,47
AC005039,2025-08-25,A0121,RM010,Webinar,Senior Direct Lending Fund VI,Private Credit,68,Yes,Yes,15.0,58
AC005040,2025-12-27,A0293,RM001,Product Education,Private Equity Buyout Fund VII,Private Equity,71,No,No,,15
AC005041,2025-09-07,A0388,RM012,Webinar,Growth Equity Partners III,Private Equity,56,Yes,Yes,21.0,39
AC005042,2026-01-06,A0140,RM007,Webinar,Senior Direct Lending Fund VI,Private Credit,40,No,No,,58
AC005043,2025-06-18,A0400,RM006,In-person Meeting,Core Infrastructure Income Fund III,Infrastructure,99,No,No,,85
AC005044,2026-01-11,A0258,RM009,Portfolio Review,Private Equity Buyout Fund VII,Private Equity,64,No,No,,31
AC005045,2025-07-23,A0305,RM007,In-person Meeting,Private Equity Buyout Fund VII,Private Equity,71,Yes,Yes,19.0,85
AC005046,2026-04-30,A0096,RM010,Webinar,Opportunistic Real Estate Fund VI,Real Estate,74,Yes,No,3.0,62
AC005047,2025-09-11,A0259,RM007,Product Education,Core Infrastructure Income Fund III,Infrastructure,46,Yes,Yes,11.0,35
AC005048,2025-10-27,A0203,RM006,Intro Call,Real Estate Income Fund II,Real Estate,57,Yes,Yes,21.0,35
AC005049,2026-02-07,A0384,RM006,In-person Meeting,Senior Direct Lending Fund VI,Private Credit,77,Yes,Yes,13.0,99
AC005050,2025-05-19,A0362,RM014,Portfolio Review,Senior Direct Lending Fund VI,Private Credit,55,No,No,,67
AC005051,2025-06-09,A0155,RM011,Portfolio Review,Real Estate Income Fund II,Real Estate,69,Yes,No,14.0,111
AC005052,2026-02-04,A0380,RM003,Webinar,Global Infrastructure Partners IV,Infrastructure,45,No,No,,39
AC005053,2025-07-02,A0351,RM007,Intro Call,Global Infrastructure Partners IV,Infrastructure,29,Yes,Yes,21.0,31
AC005054,2025-07-24,A0237,RM008,In-person Meeting,Real Estate Income Fund II,Real Estate,80,Yes,Yes,10.0,69
AC005055,2026-02-21,A0031,RM010,In-person Meeting,Core Infrastructure Income Fund III,Infrastructure,70,Yes,Yes,3.0,33
AC005056,2025-10-05,A0059,RM002,Portfolio Review,Opportunistic Real Estate Fund VI,Real Estate,69,Yes,Yes,18.0,60
AC005057,2026-03-04,A0030,RM009,Intro Call,Senior Direct Lending Fund VI,Private Credit,72,No,No,,36
AC005058,2025-09-21,A0037,RM013,Intro Call,Private Equity Buyout Fund VII,Private Equity,56,No,No,,50
AC005059,2025-06-12,A0395,RM002,In-person Meeting,Opportunistic Credit Fund II,Private Credit,55,No,No,,77
AC005060,2026-02-17,A0077,RM005,Follow-up Call,Private Equity Buyout Fund VII,Private Equity,53,No,No,,36
AC005061,2025-06-21,A0279,RM008,Product Education,Direct Lending Income Fund V,Private Credit,46,No,No,,47
AC005062,2025-05-03,A0257,RM004,Product Education,Senior Direct Lending Fund VI,Private Credit,72,Yes,No,2.0,35
AC005063,2025-08-20,A0255,RM014,Webinar,Real Estate Income Fund II,Real Estate,68,Yes,Yes,16.0,14
AC005064,2026-04-04,A0075,RM001,Due Diligence Meeting,Core Infrastructure Income Fund III,Infrastructure,88,Yes,Yes,8.0,89
AC005065,2026-02-27,A0233,RM004,Due Diligence Meeting,Growth Equity Partners III,Private Equity,70,No,No,,69
AC005066,2025-06-30,A0252,RM008,In-person Meeting,Direct Lending Income Fund V,Private Credit,69,Yes,Yes,28.0,78
AC005067,2025-05-30,A0229,RM002,Webinar,Global Infrastructure Partners IV,Infrastructure,38,No,No,,49
AC005068,2025-09-29,A0068,RM004,Product Education,Opportunistic Credit Fund II,Private Credit,49,No,No,,44
AC005069,2025-12-24,A0294,RM012,Intro Call,Opportunistic Real Estate Fund VI,Real Estate,45,Yes,Yes,19.0,45
AC005070,2026-02-16,A0029,RM002,Follow-up Call,Growth Equity Partners III,Private Equity,71,Yes,No,9.0,36
AC005071,2025-11-19,A0237,RM008,Intro Call,Private Equity Buyout Fund VII,Private Equity,50,Yes,Yes,6.0,45
AC005072,2026-02-11,A0174,RM016,Webinar,Direct Lending Income Fund V,Private Credit,45,Yes,Yes,3.0,37
AC005073,2025-08-21,A0095,RM003,Follow-up Call,Opportunistic Credit Fund II,Private Credit,82,Yes,Yes,26.0,29
AC005074,2026-04-28,A0326,RM014,Due Diligence Meeting,Opportunistic Credit Fund II,Private Credit,72,Yes,Yes,23.0,73
AC005075,2025-06-15,A0062,RM016,Due Diligence Meeting,Value-Add Real Estate Fund IV,Real Estate,100,Yes,Yes,15.0,82
AC005076,2025-10-12,A0373,RM005,Product Education,Opportunistic Real Estate Fund VI,Real Estate,53,No,No,,29
AC005077,2025-06-12,A0351,RM007,Webinar,Opportunistic Credit Fund II,Private Credit,53,No,No,,40
AC005078,2025-08-07,A0141,RM003,Follow-up Call,Opportunistic Credit Fund II,Private Credit,55,Yes,No,9.0,12
AC005079,2025-08-16,A0116,RM005,Webinar,Senior Direct Lending Fund VI,Private Credit,61,Yes,Yes,7.0,47
AC005080,2025-08-17,A0049,RM011,In-person Meeting,Core Infrastructure Income Fund III,Infrastructure,80,No,No,,86
AC005081,2026-03-06,A0367,RM002,Webinar,Opportunistic Real Estate Fund VI,Real Estate,59,No,No,,56
AC005082,2025-10-06,A0253,RM004,In-person Meeting,Growth Equity Partners III,Private Equity,62,No,No,,79
AC005083,2025-12-07,A0017,RM002,Follow-up Call,Growth Equity Partners III,Private Equity,42,Yes,Yes,13.0,47
AC005084,2025-11-15,A0203,RM006,Follow-up Call,Value-Add Real Estate Fund IV,Real Estate,52,No,No,,48
AC005085,2025-05-03,A0031,RM010,Due Diligence Meeting,Opportunistic Real Estate Fund VI,Real Estate,77,Yes,Yes,6.0,83
AC005086,2025-11-03,A0230,RM001,Follow-up Call,Real Estate Income Fund II,Real Estate,49,Yes,No,20.0,36
AC005087,2026-02-17,A0202,RM002,Product Education,Value-Add Real Estate Fund IV,Real Estate,74,No,No,,25
AC005088,2025-10-05,A0031,RM010,Intro Call,Value-Add Real Estate Fund IV,Real Estate,42,Yes,Yes,25.0,41
AC005089,2025-06-13,A0331,RM013,Intro Call,Growth Equity Partners III,Private Equity,44,Yes,No,18.0,39
AC005090,2026-01-29,A0099,RM001,In-person Meeting,Core Infrastructure Income Fund III,Infrastructure,84,No,No,,70
AC005091,2026-04-19,A0217,RM006,Intro Call,Private Equity Buyout Fund VII,Private Equity,38,No,No,,33
AC005092,2025-12-15,A0258,RM009,Intro Call,Direct Lending Income Fund V,Private Credit,52,No,No,,33
AC005093,2025-07-25,A0387,RM006,Portfolio Review,Private Equity Buyout Fund VII,Private Equity,58,No,No,,86
AC005094,2025-10-24,A0197,RM010,Follow-up Call,Senior Direct Lending Fund VI,Private Credit,57,Yes,Yes,18.0,39
AC005095,2025-06-26,A0367,RM002,Webinar,Direct Lending Income Fund V,Private Credit,67,Yes,Yes,25.0,27
AC005096,2026-02-20,A0138,RM016,Due Diligence Meeting,Opportunistic Credit Fund II,Private Credit,97,Yes,No,13.0,60
AC005097,2026-01-09,A0343,RM004,Follow-up Call,Core Infrastructure Income Fund III,Infrastructure,59,No,No,,24
AC005098,2026-03-29,A0090,RM014,Follow-up Call,Growth Equity Partners III,Private Equity,55,Yes,Yes,18.0,45
AC005099,2026-04-25,A0286,RM008,Follow-up Call,Direct Lending Income Fund V,Private Credit,55,No,No,,20
AC005100,2025-07-15,A0033,RM009,Follow-up Call,Direct Lending Income Fund V,Private Credit,61,Yes,Yes,14.0,37
AC005101,2025-10-16,A0398,RM007,Product Education,Senior Direct Lending Fund VI,Private Credit,90,Yes,Yes,2.0,40
AC005102,2025-06-26,A0382,RM010,Intro Call,Direct Lending Income Fund V,Private Credit,80,No,No,,32
AC005103,2025-08-20,A0176,RM003,In-person Meeting,Opportunistic Credit Fund II,Private Credit,77,Yes,Yes,2.0,85
AC005104,2025-11-24,A0207,RM008,Follow-up Call,Real Estate Income Fund II,Real Estate,52,No,No,,19
AC005105,2025-11-20,A0239,RM003,Webinar,Value-Add Real Estate Fund IV,Real Estate,64,Yes,Yes,17.0,37
AC005106,2025-05-19,A0104,RM011,Intro Call,Core Infrastructure Income Fund III,Infrastructure,80,Yes,Yes,13.0,18
AC005107,2025-05-19,A0275,RM005,Portfolio Review,Growth Equity Partners III,Private Equity,51,Yes,Yes,15.0,79
AC005108,2025-09-15,A0283,RM010,Due Diligence Meeting,Growth Equity Partners III,Private Equity,92,Yes,Yes,24.0,47
AC005109,2026-04-29,A0208,RM014,Follow-up Call,Value-Add Real Estate Fund IV,Real Estate,57,Yes,No,28.0,41
AC005110,2026-04-15,A0052,RM006,In-person Meeting,Global Infrastructure Partners IV,Infrastructure,92,Yes,No,29.0,69
AC005111,2025-06-28,A0369,RM011,Follow-up Call,Value-Add Real Estate Fund IV,Real Estate,65,No,No,,28
AC005112,2026-04-12,A0041,RM008,Product Education,Value-Add Real Estate Fund IV,Real Estate,66,No,No,,28
AC005113,2025-07-08,A0254,RM002,Intro Call,Opportunistic Credit Fund II,Private Credit,40,Yes,Yes,22.0,26
AC005114,2025-11-03,A0036,RM008,Intro Call,Real Estate Income Fund II,Real Estate,43,No,No,,53
AC005115,2025-11-08,A0052,RM006,Follow-up Call,Private Equity Buyout Fund VII,Private Equity,75,Yes,No,19.0,27
AC005116,2025-07-20,A0011,RM014,Follow-up Call,Opportunistic Real Estate Fund VI,Real Estate,80,No,No,,10
AC005117,2025-06-26,A0142,RM013,Follow-up Call,Value-Add Real Estate Fund IV,Real Estate,61,Yes,Yes,25.0,27
AC005118,2025-09-19,A0258,RM009,Intro Call,Real Estate Income Fund II,Real Estate,33,Yes,Yes,23.0,27
AC005119,2025-07-29,A0205,RM014,Webinar,Opportunistic Credit Fund II,Private Credit,54,Yes,No,2.0,20
AC005120,2026-03-26,A0275,RM005,In-person Meeting,Core Infrastructure Income Fund III,Infrastructure,51,Yes,No,27.0,58
AC005121,2026-02-06,A0275,RM005,In-person Meeting,Private Equity Buyout Fund VII,Private Equity,69,Yes,Yes,24.0,66
AC005122,2026-04-22,A0049,RM011,Intro Call,Core Infrastructure Income Fund III,Infrastructure,49,Yes,Yes,11.0,25
AC005123,2025-11-08,A0025,RM011,Intro Call,Private Equity Buyout Fund VII,Private Equity,48,No,No,,38
AC005124,2026-02-28,A0252,RM008,Webinar,Opportunistic Real Estate Fund VI,Real Estate,52,Yes,Yes,5.0,41
AC005125,2025-05-29,A0263,RM014,Intro Call,Opportunistic Real Estate Fund VI,Real Estate,21,Yes,Yes,20.0,39
AC005126,2026-01-16,A0225,RM016,Intro Call,Private Equity Buyout Fund VII,Private Equity,48,No,No,,36
AC005127,2025-08-22,A0094,RM005,In-person Meeting,Senior Direct Lending Fund VI,Private Credit,52,No,No,,49
AC005128,2025-10-29,A0327,RM004,Portfolio Review,Direct Lending Income Fund V,Private Credit,81,Yes,Yes,7.0,74
AC005129,2026-04-04,A0030,RM009,In-person Meeting,Opportunistic Real Estate Fund VI,Real Estate,87,No,No,,50
AC005130,2026-04-01,A0256,RM015,Follow-up Call,Direct Lending Income Fund V,Private Credit,40,No,No,,42
AC005131,2025-12-12,A0044,RM005,Due Diligence Meeting,Core Infrastructure Income Fund III,Infrastructure,61,Yes,Yes,21.0,91
AC005132,2026-03-15,A0264,RM003,Intro Call,Direct Lending Income Fund V,Private Credit,48,No,No,,18
AC005133,2025-06-01,A0166,RM013,In-person Meeting,Global Infrastructure Partners IV,Infrastructure,67,Yes,Yes,12.0,59
AC005134,2025-12-07,A0293,RM001,Portfolio Review,Private Equity Buyout Fund VII,Private Equity,82,Yes,No,2.0,68
AC005135,2025-05-16,A0024,RM008,Due Diligence Meeting,Value-Add Real Estate Fund IV,Real Estate,67,No,No,,80
AC005136,2026-02-17,A0223,RM008,Product Education,Private Equity Buyout Fund VII,Private Equity,66,No,No,,28
AC005137,2025-11-30,A0052,RM006,Webinar,Opportunistic Credit Fund II,Private Credit,64,Yes,Yes,29.0,45
AC005138,2026-01-07,A0276,RM005,Due Diligence Meeting,Growth Equity Partners III,Private Equity,86,No,No,,105
AC005139,2025-10-07,A0043,RM003,In-person Meeting,Core Infrastructure Income Fund III,Infrastructure,64,Yes,Yes,8.0,81
AC005140,2025-07-20,A0029,RM002,Follow-up Call,Value-Add Real Estate Fund IV,Real Estate,58,Yes,No,14.0,28
AC005141,2025-07-20,A0289,RM008,Intro Call,Growth Equity Partners III,Private Equity,73,Yes,Yes,12.0,21
AC005142,2025-07-20,A0026,RM011,Follow-up Call,Global Infrastructure Partners IV,Infrastructure,29,Yes,No,2.0,22
AC005143,2025-08-06,A0085,RM002,Intro Call,Value-Add Real Estate Fund IV,Real Estate,40,No,No,,33
AC005144,2025-08-21,A0334,RM007,Follow-up Call,Private Equity Buyout Fund VII,Private Equity,55,Yes,No,21.0,27
AC005145,2025-08-03,A0327,RM004,Intro Call,Private Equity Buyout Fund VII,Private Equity,54,Yes,Yes,25.0,15
AC005146,2025-06-09,A0342,RM003,Portfolio Review,Value-Add Real Estate Fund IV,Real Estate,46,No,No,,86
AC005147,2025-10-26,A0124,RM007,Product Education,Global Infrastructure Partners IV,Infrastructure,79,Yes,Yes,14.0,32
AC005148,2025-05-29,A0210,RM012,Due Diligence Meeting,Opportunistic Credit Fund II,Private Credit,78,Yes,Yes,28.0,78
AC005149,2025-10-27,A0316,RM001,Portfolio Review,Direct Lending Income Fund V,Private Credit,51,Yes,Yes,25.0,75
AC005150,2025-05-30,A0049,RM011,In-person Meeting,Private Equity Buyout Fund VII,Private Equity,80,No,No,,75
AC005151,2025-12-31,A0294,RM012,Intro Call,Real Estate Income Fund II,Real Estate,67,No,No,,53
AC005152,2025-09-17,A0034,RM014,Webinar,Real Estate Income Fund II,Real Estate,60,Yes,No,18.0,48
AC005153,2026-01-11,A0366,RM014,Product Education,Growth Equity Partners III,Private Equity,88,Yes,Yes,27.0,17
AC005154,2025-06-11,A0257,RM004,Portfolio Review,Senior Direct Lending Fund VI,Private Credit,70,No,No,,86
AC005155,2025-08-24,A0197,RM010,Intro Call,Global Infrastructure Partners IV,Infrastructure,57,Yes,Yes,13.0,33
AC005156,2025-12-27,A0193,RM004,Intro Call,Senior Direct Lending Fund VI,Private Credit,68,No,No,,20
AC005157,2025-05-04,A0065,RM005,Portfolio Review,Opportunistic Real Estate Fund VI,Real Estate,77,Yes,Yes,11.0,119
AC005158,2025-10-29,A0133,RM014,Webinar,Global Infrastructure Partners IV,Infrastructure,78,Yes,Yes,21.0,44
AC005159,2026-02-06,A0296,RM001,Product Education,Opportunistic Real Estate Fund VI,Real Estate,62,Yes,No,6.0,23
AC005160,2025-08-24,A0216,RM008,Follow-up Call,Opportunistic Credit Fund II,Private Credit,55,No,No,,34
AC005161,2026-03-17,A0211,RM006,Follow-up Call,Core Infrastructure Income Fund III,Infrastructure,76,Yes,No,19.0,40
AC005162,2025-05-20,A0071,RM003,Product Education,Core Infrastructure Income Fund III,Infrastructure,70,Yes,Yes,29.0,34
AC005163,2025-06-12,A0279,RM008,In-person Meeting,Opportunistic Credit Fund II,Private Credit,59,Yes,Yes,15.0,59
AC005164,2025-08-12,A0152,RM015,Follow-up Call,Growth Equity Partners III,Private Equity,57,Yes,No,4.0,39
AC005165,2026-04-03,A0065,RM005,In-person Meeting,Private Equity Buyout Fund VII,Private Equity,78,Yes,Yes,5.0,78
AC005166,2026-04-12,A0378,RM003,Follow-up Call,Direct Lending Income Fund V,Private Credit,46,No,No,,47
AC005167,2025-11-28,A0201,RM008,Product Education,Value-Add Real Estate Fund IV,Real Estate,86,Yes,No,5.0,24
AC005168,2025-09-06,A0210,RM012,Due Diligence Meeting,Senior Direct Lending Fund VI,Private Credit,70,Yes,No,13.0,91
AC005169,2025-07-25,A0396,RM016,Product Education,Global Infrastructure Partners IV,Infrastructure,59,No,No,,39
AC005170,2026-04-21,A0143,RM009,In-person Meeting,Opportunistic Real Estate Fund VI,Real Estate,79,Yes,Yes,9.0,61
AC005171,2025-09-23,A0378,RM003,Follow-up Call,Direct Lending Income Fund V,Private Credit,42,Yes,Yes,12.0,37
AC005172,2026-03-25,A0281,RM009,Due Diligence Meeting,Senior Direct Lending Fund VI,Private Credit,47,Yes,Yes,26.0,90
AC005173,2025-08-19,A0256,RM015,In-person Meeting,Opportunistic Credit Fund II,Private Credit,57,No,No,,74
AC005174,2025-10-01,A0089,RM012,Follow-up Call,Senior Direct Lending Fund VI,Private Credit,58,Yes,No,22.0,30
AC005175,2025-06-15,A0024,RM008,In-person Meeting,Direct Lending Income Fund V,Private Credit,58,Yes,No,20.0,81
AC005176,2025-06-10,A0174,RM016,Due Diligence Meeting,Senior Direct Lending Fund VI,Private Credit,80,Yes,Yes,18.0,64
AC005177,2026-03-30,A0006,RM012,Product Education,Real Estate Income Fund II,Real Estate,86,No,No,,17
AC005178,2026-01-20,A0029,RM002,In-person Meeting,Growth Equity Partners III,Private Equity,80,Yes,Yes,21.0,69
AC005179,2025-12-22,A0239,RM003,Intro Call,Growth Equity Partners III,Private Equity,50,Yes,No,20.0,40
AC005180,2025-10-28,A0294,RM012,Portfolio Review,Direct Lending Income Fund V,Private Credit,68,Yes,Yes,23.0,85
AC005181,2025-09-24,A0061,RM006,Follow-up Call,Private Equity Buyout Fund VII,Private Equity,72,No,No,,22
AC005182,2025-05-05,A0297,RM006,Webinar,Senior Direct Lending Fund VI,Private Credit,54,No,No,,40
AC005183,2025-06-28,A0382,RM010,Product Education,Value-Add Real Estate Fund IV,Real Estate,79,Yes,Yes,2.0,39
AC005184,2026-04-04,A0302,RM001,Product Education,Senior Direct Lending Fund VI,Private Credit,56,Yes,Yes,25.0,36
AC005185,2025-12-31,A0321,RM014,Intro Call,Direct Lending Income Fund V,Private Credit,33,Yes,No,11.0,10
AC005186,2026-02-18,A0285,RM011,Follow-up Call,Growth Equity Partners III,Private Equity,58,Yes,No,17.0,26
AC005187,2025-06-27,A0085,RM002,In-person Meeting,Global Infrastructure Partners IV,Infrastructure,62,Yes,Yes,29.0,94
AC005188,2025-07-21,A0142,RM013,Follow-up Call,Value-Add Real Estate Fund IV,Real Estate,66,Yes,No,9.0,27
AC005189,2026-01-28,A0382,RM010,Follow-up Call,Direct Lending Income Fund V,Private Credit,95,Yes,No,27.0,31
AC005190,2026-03-06,A0270,RM012,In-person Meeting,Real Estate Income Fund II,Real Estate,66,No,No,,63
AC005191,2025-12-27,A0323,RM016,Intro Call,Direct Lending Income Fund V,Private Credit,65,Yes,Yes,5.0,44
AC005192,2026-01-09,A0389,RM004,Intro Call,Growth Equity Partners III,Private Equity,23,No,No,,27
AC005193,2025-05-07,A0088,RM014,Portfolio Review,Global Infrastructure Partners IV,Infrastructure,58,Yes,No,2.0,59
AC005194,2025-07-22,A0121,RM010,In-person Meeting,Private Equity Buyout Fund VII,Private Equity,77,Yes,Yes,22.0,70
AC005195,2026-01-06,A0260,RM001,Webinar,Real Estate Income Fund II,Real Estate,81,Yes,Yes,6.0,35
AC005196,2025-08-25,A0013,RM011,Follow-up Call,Core Infrastructure Income Fund III,Infrastructure,40,Yes,Yes,17.0,41
AC005197,2026-03-22,A0229,RM002,Intro Call,Value-Add Real Estate Fund IV,Real Estate,40,Yes,Yes,4.0,32
AC005198,2026-04-23,A0327,RM004,Intro Call,Direct Lending Income Fund V,Private Credit,56,No,No,,21
AC005199,2025-06-08,A0247,RM013,Due Diligence Meeting,Global Infrastructure Partners IV,Infrastructure,67,Yes,Yes,11.0,112
AC005200,2025-05-06,A0112,RM013,Portfolio Review,Value-Add Real Estate Fund IV,Real Estate,85,Yes,Yes,5.0,107
AC005201,2025-12-12,A0294,RM012,Follow-up Call,Real Estate Income Fund II,Real Estate,56,No,No,,39
AC005202,2025-08-01,A0052,RM006,In-person Meeting,Global Infrastructure Partners IV,Infrastructure,65,Yes,Yes,23.0,67
AC005203,2026-02-19,A0356,RM002,Follow-up Call,Core Infrastructure Income Fund III,Infrastructure,61,Yes,Yes,18.0,27
AC005204,2026-01-19,A0035,RM002,Webinar,Value-Add Real Estate Fund IV,Real Estate,48,No,No,,58
AC005205,2025-10-06,A0343,RM004,Follow-up Call,Opportunistic Credit Fund II,Private Credit,68,No,No,,40
AC005206,2025-12-20,A0198,RM014,Intro Call,Opportunistic Credit Fund II,Private Credit,58,No,No,,33
AC005207,2026-04-21,A0172,RM009,Portfolio Review,Core Infrastructure Income Fund III,Infrastructure,61,No,No,,37
AC005208,2025-11-08,A0199,RM014,Intro Call,Real Estate Income Fund II,Real Estate,57,No,No,,32
AC005209,2025-09-03,A0072,RM009,Intro Call,Value-Add Real Estate Fund IV,Real Estate,81,No,No,,39
AC005210,2025-11-22,A0183,RM014,Follow-up Call,Direct Lending Income Fund V,Private Credit,33,No,No,,32
AC005211,2025-10-29,A0342,RM003,Follow-up Call,Global Infrastructure Partners IV,Infrastructure,44,No,No,,28
AC005212,2025-09-06,A0326,RM014,Follow-up Call,Value-Add Real Estate Fund IV,Real Estate,35,No,No,,54
AC005213,2025-05-27,A0059,RM002,Portfolio Review,Value-Add Real Estate Fund IV,Real Estate,54,No,No,,66
AC005214,2025-05-05,A0274,RM001,Intro Call,Opportunistic Credit Fund II,Private Credit,36,No,No,,27
AC005215,2026-04-30,A0343,RM004,Webinar,Private Equity Buyout Fund VII,Private Equity,58,No,No,,52
AC005216,2026-03-20,A0333,RM006,In-person Meeting,Opportunistic Real Estate Fund VI,Real Estate,65,No,No,,75
AC005217,2025-11-04,A0171,RM016,Intro Call,Growth Equity Partners III,Private Equity,47,No,No,,28
AC005218,2026-01-23,A0022,RM003,Follow-up Call,Opportunistic Real Estate Fund VI,Real Estate,67,Yes,Yes,21.0,40
AC005219,2026-03-04,A0373,RM005,Follow-up Call,Opportunistic Credit Fund II,Private Credit,35,No,No,,44
AC005220,2026-01-21,A0155,RM011,Product Education,Direct Lending Income Fund V,Private Credit,55,Yes,Yes,12.0,20
AC005221,2026-03-20,A0142,RM013,Intro Call,Global Infrastructure Partners IV,Infrastructure,66,No,No,,44
AC005222,2025-08-02,A0309,RM008,Intro Call,Opportunistic Credit Fund II,Private Credit,56,No,No,,40
AC005223,2025-10-14,A0099,RM001,Follow-up Call,Senior Direct Lending Fund VI,Private Credit,80,Yes,Yes,14.0,31
AC005224,2026-03-02,A0338,RM007,In-person Meeting,Private Equity Buyout Fund VII,Private Equity,65,No,No,,57
AC005225,2025-05-22,A0030,RM009,Portfolio Review,Private Equity Buyout Fund VII,Private Equity,92,No,No,,70
AC005226,2025-06-07,A0301,RM012,In-person Meeting,Direct Lending Income Fund V,Private Credit,79,Yes,No,5.0,92
AC005227,2025-10-21,A0388,RM012,Intro Call,Core Infrastructure Income Fund III,Infrastructure,45,Yes,No,20.0,43
AC005228,2025-07-22,A0399,RM006,Intro Call,Growth Equity Partners III,Private Equity,40,Yes,Yes,16.0,27
AC005229,2025-05-04,A0370,RM009,Product Education,Global Infrastructure Partners IV,Infrastructure,58,Yes,Yes,11.0,36
AC005230,2025-11-13,A0345,RM016,Webinar,Opportunistic Credit Fund II,Private Credit,39,Yes,Yes,22.0,68
AC005231,2025-10-18,A0105,RM004,Product Education,Growth Equity Partners III,Private Equity,58,No,No,,45
AC005232,2025-07-05,A0388,RM012,In-person Meeting,Private Equity Buyout Fund VII,Private Equity,83,Yes,No,4.0,67
AC005233,2026-03-19,A0372,RM002,Product Education,Opportunistic Real Estate Fund VI,Real Estate,57,No,No,,23
AC005234,2025-10-05,A0212,RM007,Intro Call,Core Infrastructure Income Fund III,Infrastructure,67,Yes,Yes,8.0,43
AC005235,2026-02-24,A0157,RM016,Product Education,Opportunistic Credit Fund II,Private Credit,69,No,No,,41
AC005236,2025-06-08,A0038,RM012,In-person Meeting,Real Estate Income Fund II,Real Estate,76,Yes,Yes,15.0,69
AC005237,2025-06-07,A0237,RM008,Follow-up Call,Growth Equity Partners III,Private Equity,54,Yes,Yes,14.0,36
AC005238,2025-07-24,A0285,RM011,Follow-up Call,Senior Direct Lending Fund VI,Private Credit,72,Yes,Yes,9.0,28
AC005239,2026-03-30,A0158,RM007,Follow-up Call,Opportunistic Credit Fund II,Private Credit,45,Yes,No,4.0,42
AC005240,2026-01-22,A0158,RM007,Intro Call,Value-Add Real Estate Fund IV,Real Estate,51,Yes,Yes,8.0,36
AC005241,2025-06-02,A0230,RM001,Product Education,Global Infrastructure Partners IV,Infrastructure,46,Yes,Yes,18.0,47
AC005242,2025-10-13,A0015,RM005,Webinar,Senior Direct Lending Fund VI,Private Credit,71,No,No,,47
AC005243,2025-08-18,A0385,RM001,Due Diligence Meeting,Global Infrastructure Partners IV,Infrastructure,83,Yes,Yes,15.0,77
AC005244,2025-07-02,A0109,RM008,Portfolio Review,Value-Add Real Estate Fund IV,Real Estate,64,Yes,Yes,20.0,120
AC005245,2026-04-08,A0049,RM011,Webinar,Global Infrastructure Partners IV,Infrastructure,59,No,No,,55
AC005246,2025-11-22,A0004,RM016,Webinar,Direct Lending Income Fund V,Private Credit,49,No,No,,35
AC005247,2026-03-31,A0343,RM004,In-person Meeting,Value-Add Real Estate Fund IV,Real Estate,88,Yes,Yes,15.0,79
AC005248,2025-12-19,A0343,RM004,Intro Call,Core Infrastructure Income Fund III,Infrastructure,56,No,No,,18
AC005249,2025-07-30,A0034,RM014,Follow-up Call,Direct Lending Income Fund V,Private Credit,45,No,No,,26
AC005250,2025-09-14,A0054,RM003,Webinar,Real Estate Income Fund II,Real Estate,58,Yes,Yes,16.0,45
AC005251,2025-08-02,A0181,RM003,Intro Call,Core Infrastructure Income Fund III,Infrastructure,53,Yes,Yes,6.0,37
AC005252,2025-05-01,A0068,RM004,Due Diligence Meeting,Opportunistic Credit Fund II,Private Credit,76,No,No,,63
AC005253,2025-12-23,A0299,RM006,Follow-up Call,Opportunistic Real Estate Fund VI,Real Estate,64,Yes,No,14.0,33
AC005254,2025-10-13,A0025,RM011,Intro Call,Global Infrastructure Partners IV,Infrastructure,33,No,No,,28
AC005255,2026-01-16,A0220,RM015,Webinar,Direct Lending Income Fund V,Private Credit,45,Yes,Yes,7.0,45
AC005256,2026-02-07,A0150,RM006,Due Diligence Meeting,Core Infrastructure Income Fund III,Infrastructure,97,Yes,Yes,10.0,88
AC005257,2026-02-10,A0186,RM006,Due Diligence Meeting,Core Infrastructure Income Fund III,Infrastructure,84,Yes,No,23.0,57
AC005258,2026-02-21,A0171,RM016,Follow-up Call,Global Infrastructure Partners IV,Infrastructure,46,Yes,No,4.0,24
AC005259,2025-08-25,A0054,RM003,Follow-up Call,Senior Direct Lending Fund VI,Private Credit,75,Yes,Yes,13.0,37
AC005260,2025-07-26,A0081,RM001,Intro Call,Global Infrastructure Partners IV,Infrastructure,46,No,No,,29
AC005261,2025-09-18,A0026,RM011,Intro Call,Value-Add Real Estate Fund IV,Real Estate,52,Yes,Yes,6.0,38
AC005262,2025-10-03,A0041,RM008,Due Diligence Meeting,Senior Direct Lending Fund VI,Private Credit,77,No,No,,90
AC005263,2025-10-20,A0396,RM016,Follow-up Call,Real Estate Income Fund II,Real Estate,59,Yes,Yes,4.0,28
AC005264,2026-04-07,A0106,RM001,Intro Call,Value-Add Real Estate Fund IV,Real Estate,51,No,No,,41
AC005265,2026-01-23,A0117,RM010,Follow-up Call,Value-Add Real Estate Fund IV,Real Estate,53,No,No,,28
AC005266,2025-10-17,A0046,RM009,Intro Call,Direct Lending Income Fund V,Private Credit,57,Yes,Yes,18.0,27
AC005267,2026-02-14,A0307,RM014,Intro Call,Value-Add Real Estate Fund IV,Real Estate,64,Yes,No,15.0,28
AC005268,2025-12-15,A0370,RM009,Product Education,Global Infrastructure Partners IV,Infrastructure,68,Yes,No,17.0,18
AC005269,2025-11-27,A0323,RM016,Follow-up Call,Senior Direct Lending Fund VI,Private Credit,83,Yes,Yes,14.0,35
AC005270,2025-07-07,A0248,RM013,Product Education,Senior Direct Lending Fund VI,Private Credit,50,Yes,Yes,28.0,46
AC005271,2025-09-24,A0329,RM001,Intro Call,Value-Add Real Estate Fund IV,Real Estate,44,No,No,,43
AC005272,2026-01-14,A0158,RM007,Intro Call,Global Infrastructure Partners IV,Infrastructure,38,No,No,,41
AC005273,2025-07-14,A0343,RM004,In-person Meeting,Senior Direct Lending Fund VI,Private Credit,83,Yes,Yes,8.0,93
AC005274,2025-11-11,A0324,RM008,Intro Call,Opportunistic Credit Fund II,Private Credit,50,Yes,Yes,5.0,27
AC005275,2025-05-06,A0001,RM006,In-person Meeting,Value-Add Real Estate Fund IV,Real Estate,63,Yes,Yes,25.0,71
AC005276,2025-06-03,A0196,RM009,Portfolio Review,Private Equity Buyout Fund VII,Private Equity,70,No,No,,33
AC005277,2026-03-05,A0099,RM001,In-person Meeting,Opportunistic Credit Fund II,Private Credit,96,Yes,Yes,25.0,68
AC005278,2025-07-26,A0032,RM001,Webinar,Opportunistic Credit Fund II,Private Credit,59,Yes,Yes,26.0,53
AC005279,2025-09-02,A0341,RM002,In-person Meeting,Global Infrastructure Partners IV,Infrastructure,76,Yes,Yes,18.0,54
AC005280,2025-11-16,A0005,RM006,Intro Call,Opportunistic Real Estate Fund VI,Real Estate,62,Yes,No,27.0,54
AC005281,2025-06-22,A0296,RM001,Product Education,Private Equity Buyout Fund VII,Private Equity,70,Yes,Yes,26.0,40
AC005282,2026-02-06,A0398,RM007,Follow-up Call,Global Infrastructure Partners IV,Infrastructure,88,Yes,Yes,12.0,27
AC005283,2025-08-09,A0192,RM004,Intro Call,Opportunistic Credit Fund II,Private Credit,83,Yes,Yes,14.0,29
AC005284,2025-06-23,A0144,RM007,Webinar,Private Equity Buyout Fund VII,Private Equity,65,Yes,Yes,14.0,51
AC005285,2026-04-10,A0243,RM013,In-person Meeting,Real Estate Income Fund II,Real Estate,78,Yes,Yes,4.0,62
AC005286,2025-08-17,A0326,RM014,Product Education,Opportunistic Credit Fund II,Private Credit,48,Yes,No,24.0,34
AC005287,2026-02-11,A0092,RM009,Webinar,Real Estate Income Fund II,Real Estate,53,No,No,,49
AC005288,2025-08-03,A0096,RM010,Follow-up Call,Opportunistic Credit Fund II,Private Credit,75,Yes,Yes,7.0,35
AC005289,2025-09-07,A0245,RM010,Product Education,Private Equity Buyout Fund VII,Private Equity,78,No,No,,46
AC005290,2026-02-13,A0376,RM012,Follow-up Call,Growth Equity Partners III,Private Equity,80,No,No,,28
AC005291,2025-06-07,A0113,RM003,Portfolio Review,Opportunistic Real Estate Fund VI,Real Estate,71,No,No,,92
AC005292,2025-09-17,A0146,RM016,Intro Call,Growth Equity Partners III,Private Equity,67,Yes,Yes,17.0,33
AC005293,2026-01-06,A0399,RM006,Portfolio Review,Global Infrastructure Partners IV,Infrastructure,60,Yes,No,21.0,86
AC005294,2025-08-08,A0063,RM016,In-person Meeting,Value-Add Real Estate Fund IV,Real Estate,78,Yes,Yes,28.0,71
AC005295,2025-12-03,A0030,RM009,Follow-up Call,Direct Lending Income Fund V,Private Credit,76,Yes,No,4.0,43
AC005296,2025-05-01,A0237,RM008,Portfolio Review,Opportunistic Real Estate Fund VI,Real Estate,61,Yes,No,14.0,55
AC005297,2025-09-13,A0013,RM011,Webinar,Opportunistic Real Estate Fund VI,Real Estate,39,Yes,No,18.0,68
AC005298,2026-01-11,A0064,RM011,Portfolio Review,Senior Direct Lending Fund VI,Private Credit,69,Yes,No,20.0,111
AC005299,2025-11-17,A0250,RM010,Portfolio Review,Value-Add Real Estate Fund IV,Real Estate,67,No,No,,80
AC005300,2025-05-10,A0267,RM007,Follow-up Call,Private Equity Buyout Fund VII,Private Equity,75,Yes,Yes,20.0,40
AC005301,2025-08-26,A0203,RM006,Follow-up Call,Core Infrastructure Income Fund III,Infrastructure,50,No,No,,24
AC005302,2025-09-29,A0150,RM006,Product Education,Direct Lending Income Fund V,Private Credit,71,Yes,Yes,9.0,41
AC005303,2026-03-31,A0231,RM003,Product Education,Real Estate Income Fund II,Real Estate,56,No,No,,29
AC005304,2025-06-12,A0259,RM007,Intro Call,Core Infrastructure Income Fund III,Infrastructure,58,Yes,No,7.0,46
AC005305,2025-10-27,A0326,RM014,In-person Meeting,Direct Lending Income Fund V,Private Credit,48,Yes,Yes,3.0,64
AC005306,2025-08-20,A0323,RM016,In-person Meeting,Growth Equity Partners III,Private Equity,71,Yes,No,4.0,67
AC005307,2026-04-09,A0271,RM014,In-person Meeting,Growth Equity Partners III,Private Equity,71,Yes,Yes,11.0,91
AC005308,2025-09-24,A0356,RM002,Due Diligence Meeting,Opportunistic Credit Fund II,Private Credit,86,Yes,Yes,21.0,81
AC005309,2025-07-01,A0340,RM016,Webinar,Opportunistic Real Estate Fund VI,Real Estate,50,Yes,No,7.0,100
AC005310,2026-01-19,A0047,RM011,In-person Meeting,Real Estate Income Fund II,Real Estate,65,No,No,,91
AC005311,2026-02-20,A0384,RM006,Follow-up Call,Value-Add Real Estate Fund IV,Real Estate,67,Yes,Yes,14.0,28
AC005312,2025-06-04,A0355,RM010,Due Diligence Meeting,Private Equity Buyout Fund VII,Private Equity,50,No,No,,87
AC005313,2026-04-23,A0121,RM010,Follow-up Call,Direct Lending Income Fund V,Private Credit,60,No,No,,42
AC005314,2026-02-21,A0010,RM007,Intro Call,Real Estate Income Fund II,Real Estate,56,Yes,No,3.0,14
AC005315,2025-12-25,A0241,RM014,Webinar,Opportunistic Credit Fund II,Private Credit,45,Yes,No,9.0,61
AC005316,2025-10-19,A0174,RM016,In-person Meeting,Real Estate Income Fund II,Real Estate,64,Yes,No,11.0,93
AC005317,2025-10-14,A0305,RM007,Webinar,Core Infrastructure Income Fund III,Infrastructure,46,Yes,No,22.0,47
AC005318,2025-05-04,A0207,RM008,Follow-up Call,Real Estate Income Fund II,Real Estate,60,Yes,Yes,8.0,32
AC005319,2025-11-29,A0030,RM009,Webinar,Direct Lending Income Fund V,Private Credit,87,No,No,,33
AC005320,2026-01-01,A0094,RM005,Intro Call,Opportunistic Credit Fund II,Private Credit,43,Yes,Yes,29.0,25
AC005321,2026-03-04,A0350,RM007,Webinar,Senior Direct Lending Fund VI,Private Credit,39,Yes,Yes,9.0,63
AC005322,2026-01-31,A0019,RM006,Webinar,Opportunistic Credit Fund II,Private Credit,39,Yes,Yes,13.0,62
AC005323,2026-04-24,A0299,RM006,Intro Call,Value-Add Real Estate Fund IV,Real Estate,69,Yes,No,10.0,38
AC005324,2025-08-02,A0110,RM003,Due Diligence Meeting,Opportunistic Credit Fund II,Private Credit,73,Yes,Yes,20.0,71
AC005325,2026-02-17,A0183,RM014,Intro Call,Opportunistic Credit Fund II,Private Credit,45,Yes,Yes,14.0,29
AC005326,2026-02-26,A0211,RM006,Follow-up Call,Opportunistic Credit Fund II,Private Credit,78,No,No,,10
AC005327,2025-10-13,A0095,RM003,Product Education,Private Equity Buyout Fund VII,Private Equity,91,Yes,No,13.0,29
AC005328,2025-09-16,A0263,RM014,Product Education,Real Estate Income Fund II,Real Estate,60,Yes,Yes,22.0,33
AC005329,2025-12-12,A0280,RM004,In-person Meeting,Core Infrastructure Income Fund III,Infrastructure,86,No,No,,62
AC005330,2025-07-25,A0031,RM010,Intro Call,Senior Direct Lending Fund VI,Private Credit,50,Yes,Yes,25.0,32
AC005331,2025-05-08,A0146,RM016,Portfolio Review,Private Equity Buyout Fund VII,Private Equity,77,Yes,Yes,15.0,66
AC005332,2025-05-21,A0303,RM014,Portfolio Review,Growth Equity Partners III,Private Equity,74,Yes,Yes,16.0,43
AC005333,2025-11-02,A0294,RM012,Follow-up Call,Growth Equity Partners III,Private Equity,69,Yes,No,4.0,24
AC005334,2025-08-28,A0218,RM006,Intro Call,Core Infrastructure Income Fund III,Infrastructure,63,No,No,,48
AC005335,2026-03-05,A0317,RM011,Product Education,Direct Lending Income Fund V,Private Credit,77,Yes,Yes,27.0,24
AC005336,2026-04-29,A0037,RM013,Product Education,Real Estate Income Fund II,Real Estate,70,No,No,,53
AC005337,2025-10-23,A0042,RM009,Product Education,Growth Equity Partners III,Private Equity,47,No,No,,36
AC005338,2025-07-20,A0266,RM010,Portfolio Review,Core Infrastructure Income Fund III,Infrastructure,59,No,No,,67
AC005339,2025-06-10,A0280,RM004,In-person Meeting,Value-Add Real Estate Fund IV,Real Estate,92,Yes,Yes,9.0,72
AC005340,2025-09-27,A0331,RM013,Product Education,Direct Lending Income Fund V,Private Credit,59,No,No,,30
AC005341,2026-02-10,A0065,RM005,Due Diligence Meeting,Core Infrastructure Income Fund III,Infrastructure,95,Yes,No,7.0,85
AC005342,2025-10-11,A0204,RM004,Due Diligence Meeting,Opportunistic Real Estate Fund VI,Real Estate,74,Yes,Yes,15.0,87
AC005343,2026-03-09,A0268,RM007,In-person Meeting,Core Infrastructure Income Fund III,Infrastructure,57,Yes,Yes,6.0,74
AC005344,2025-06-20,A0084,RM012,In-person Meeting,Direct Lending Income Fund V,Private Credit,43,No,No,,56
AC005345,2025-06-19,A0204,RM004,Follow-up Call,Direct Lending Income Fund V,Private Credit,52,No,No,,24
AC005346,2025-06-03,A0258,RM009,Product Education,Real Estate Income Fund II,Real Estate,66,Yes,No,15.0,30
AC005347,2025-11-02,A0078,RM016,Follow-up Call,Core Infrastructure Income Fund III,Infrastructure,87,No,No,,47
AC005348,2026-01-26,A0146,RM016,Webinar,Direct Lending Income Fund V,Private Credit,59,Yes,Yes,27.0,67
AC005349,2025-09-17,A0078,RM016,In-person Meeting,Growth Equity Partners III,Private Equity,92,Yes,Yes,9.0,91
AC005350,2025-05-31,A0362,RM014,Portfolio Review,Growth Equity Partners III,Private Equity,79,Yes,Yes,27.0,93
AC005351,2026-04-10,A0090,RM014,Webinar,Global Infrastructure Partners IV,Infrastructure,51,No,No,,70
AC005352,2026-01-30,A0044,RM005,Follow-up Call,Private Equity Buyout Fund VII,Private Equity,36,No,No,,28
AC005353,2025-11-18,A0017,RM002,Follow-up Call,Opportunistic Real Estate Fund VI,Real Estate,44,Yes,No,14.0,38
AC005354,2025-05-03,A0021,RM010,Intro Call,Opportunistic Real Estate Fund VI,Real Estate,75,Yes,Yes,19.0,40
AC005355,2025-11-13,A0071,RM003,Follow-up Call,Value-Add Real Estate Fund IV,Real Estate,59,Yes,No,26.0,30
AC005356,2025-11-10,A0245,RM010,Portfolio Review,Senior Direct Lending Fund VI,Private Credit,75,No,No,,90
AC005357,2025-08-16,A0009,RM010,Intro Call,Real Estate Income Fund II,Real Estate,55,Yes,No,28.0,29
AC005358,2025-05-24,A0108,RM008,Follow-up Call,Direct Lending Income Fund V,Private Credit,39,No,No,,50
AC005359,2025-11-03,A0025,RM011,In-person Meeting,Senior Direct Lending Fund VI,Private Credit,79,Yes,Yes,27.0,73
AC005360,2026-03-01,A0158,RM007,Follow-up Call,Opportunistic Real Estate Fund VI,Real Estate,46,No,No,,47
AC005361,2026-01-14,A0023,RM001,In-person Meeting,Global Infrastructure Partners IV,Infrastructure,83,Yes,Yes,2.0,77
AC005362,2026-02-09,A0245,RM010,Product Education,Global Infrastructure Partners IV,Infrastructure,74,Yes,Yes,17.0,40
AC005363,2025-06-19,A0279,RM008,Follow-up Call,Private Equity Buyout Fund VII,Private Equity,39,No,No,,34
AC005364,2025-09-28,A0297,RM006,Webinar,Core Infrastructure Income Fund III,Infrastructure,67,Yes,No,28.0,62
AC005365,2026-03-23,A0085,RM002,In-person Meeting,Value-Add Real Estate Fund IV,Real Estate,76,Yes,No,25.0,86
AC005366,2026-02-04,A0345,RM016,Intro Call,Direct Lending Income Fund V,Private Credit,42,Yes,No,18.0,14
AC005367,2025-09-16,A0279,RM008,In-person Meeting,Opportunistic Real Estate Fund VI,Real Estate,67,No,No,,109
AC005368,2026-02-25,A0025,RM011,Due Diligence Meeting,Opportunistic Real Estate Fund VI,Real Estate,73,Yes,Yes,17.0,85
AC005369,2025-07-15,A0175,RM007,Intro Call,Global Infrastructure Partners IV,Infrastructure,64,Yes,No,15.0,42
AC005370,2026-04-20,A0311,RM004,In-person Meeting,Global Infrastructure Partners IV,Infrastructure,82,No,No,,67
AC005371,2026-04-17,A0118,RM013,Follow-up Call,Real Estate Income Fund II,Real Estate,50,Yes,No,5.0,30
AC005372,2026-02-03,A0149,RM014,In-person Meeting,Private Equity Buyout Fund VII,Private Equity,93,Yes,Yes,21.0,100
AC005373,2026-04-15,A0255,RM014,Intro Call,Core Infrastructure Income Fund III,Infrastructure,67,No,No,,41
AC005374,2025-05-04,A0024,RM008,Due Diligence Meeting,Opportunistic Credit Fund II,Private Credit,68,Yes,No,19.0,44
AC005375,2025-08-21,A0389,RM004,In-person Meeting,Value-Add Real Estate Fund IV,Real Estate,72,Yes,Yes,26.0,93
AC005376,2025-12-10,A0062,RM016,Intro Call,Real Estate Income Fund II,Real Estate,75,Yes,Yes,14.0,39
AC005377,2026-03-31,A0015,RM005,In-person Meeting,Private Equity Buyout Fund VII,Private Equity,85,Yes,No,13.0,85
AC005378,2025-07-08,A0004,RM016,Due Diligence Meeting,Growth Equity Partners III,Private Equity,67,Yes,Yes,27.0,56
AC005379,2025-10-03,A0156,RM004,In-person Meeting,Opportunistic Real Estate Fund VI,Real Estate,47,Yes,Yes,2.0,90
AC005380,2025-11-24,A0350,RM007,Follow-up Call,Value-Add Real Estate Fund IV,Real Estate,52,No,No,,27
AC005381,2026-04-11,A0333,RM006,In-person Meeting,Global Infrastructure Partners IV,Infrastructure,61,Yes,No,15.0,64
AC005382,2026-01-10,A0365,RM011,Intro Call,Opportunistic Real Estate Fund VI,Real Estate,47,Yes,No,14.0,28
AC005383,2026-02-10,A0211,RM006,In-person Meeting,Growth Equity Partners III,Private Equity,95,Yes,Yes,6.0,48
AC005384,2026-01-06,A0181,RM003,Intro Call,Senior Direct Lending Fund VI,Private Credit,37,No,No,,19
AC005385,2025-08-03,A0150,RM006,Due Diligence Meeting,Direct Lending Income Fund V,Private Credit,93,Yes,Yes,18.0,60
AC005386,2026-02-17,A0022,RM003,In-person Meeting,Direct Lending Income Fund V,Private Credit,72,Yes,Yes,5.0,95
AC005387,2026-01-06,A0363,RM012,Intro Call,Opportunistic Credit Fund II,Private Credit,68,Yes,Yes,28.0,46
AC005388,2025-11-15,A0198,RM014,Webinar,Direct Lending Income Fund V,Private Credit,57,Yes,Yes,23.0,38
AC005389,2025-09-27,A0183,RM014,Webinar,Direct Lending Income Fund V,Private Credit,44,Yes,No,6.0,49
AC005390,2026-01-17,A0204,RM004,Intro Call,Opportunistic Credit Fund II,Private Credit,47,No,No,,38
AC005391,2025-06-20,A0323,RM016,Product Education,Direct Lending Income Fund V,Private Credit,76,Yes,Yes,28.0,10
AC005392,2025-11-22,A0085,RM002,Follow-up Call,Growth Equity Partners III,Private Equity,49,No,No,,27
AC005393,2025-12-08,A0288,RM015,In-person Meeting,Private Equity Buyout Fund VII,Private Equity,63,Yes,Yes,18.0,71
AC005394,2026-03-28,A0289,RM008,Product Education,Private Equity Buyout Fund VII,Private Equity,73,No,No,,34
AC005395,2026-01-29,A0342,RM003,In-person Meeting,Opportunistic Real Estate Fund VI,Real Estate,63,No,No,,46
AC005396,2025-12-07,A0006,RM012,Follow-up Call,Private Equity Buyout Fund VII,Private Equity,78,Yes,Yes,21.0,27
AC005397,2025-12-08,A0062,RM016,In-person Meeting,Opportunistic Real Estate Fund VI,Real Estate,84,Yes,Yes,18.0,87
AC005398,2025-10-13,A0186,RM006,Portfolio Review,Opportunistic Real Estate Fund VI,Real Estate,76,Yes,Yes,23.0,54
AC005399,2025-08-15,A0342,RM003,Portfolio Review,Real Estate Income Fund II,Real Estate,48,Yes,Yes,28.0,73
AC005400,2025-10-02,A0388,RM012,Follow-up Call,Value-Add Real Estate Fund IV,Real Estate,62,No,No,,15
AC005401,2025-08-31,A0238,RM015,Webinar,Senior Direct Lending Fund VI,Private Credit,41,No,No,,45
AC005402,2026-03-18,A0077,RM005,Product Education,Private Equity Buyout Fund VII,Private Equity,54,No,No,,18
AC005403,2026-02-12,A0068,RM004,Intro Call,Opportunistic Real Estate Fund VI,Real Estate,38,Yes,Yes,9.0,10
AC005404,2025-08-13,A0258,RM009,Follow-up Call,Core Infrastructure Income Fund III,Infrastructure,63,No,No,,29
AC005405,2025-10-04,A0077,RM005,In-person Meeting,Value-Add Real Estate Fund IV,Real Estate,53,Yes,Yes,29.0,78
AC005406,2025-06-05,A0221,RM001,In-person Meeting,Opportunistic Real Estate Fund VI,Real Estate,55,No,No,,58
AC005407,2025-07-27,A0338,RM007,Follow-up Call,Global Infrastructure Partners IV,Infrastructure,46,No,No,,42
AC005408,2026-01-19,A0151,RM003,Follow-up Call,Real Estate Income Fund II,Real Estate,74,Yes,No,12.0,20
AC005409,2025-07-19,A0147,RM016,Webinar,Value-Add Real Estate Fund IV,Real Estate,51,No,No,,55
AC005410,2025-12-21,A0017,RM002,Due Diligence Meeting,Senior Direct Lending Fund VI,Private Credit,56,Yes,No,24.0,81
AC005411,2025-12-02,A0096,RM010,Follow-up Call,Growth Equity Partners III,Private Equity,78,Yes,Yes,23.0,24
AC005412,2026-01-09,A0283,RM010,Portfolio Review,Growth Equity Partners III,Private Equity,85,No,No,,42
AC005413,2026-03-07,A0141,RM003,Product Education,Global Infrastructure Partners IV,Infrastructure,86,Yes,No,14.0,33
AC005414,2026-01-12,A0057,RM015,Due Diligence Meeting,Real Estate Income Fund II,Real Estate,71,Yes,Yes,13.0,87
AC005415,2025-05-05,A0036,RM008,Intro Call,Global Infrastructure Partners IV,Infrastructure,60,Yes,Yes,11.0,21
AC005416,2025-09-27,A0034,RM014,In-person Meeting,Senior Direct Lending Fund VI,Private Credit,62,Yes,Yes,7.0,50
AC005417,2025-07-18,A0267,RM007,Webinar,Growth Equity Partners III,Private Equity,71,No,No,,62
AC005418,2025-05-16,A0248,RM013,Webinar,Global Infrastructure Partners IV,Infrastructure,47,Yes,No,19.0,64
AC005419,2026-02-13,A0204,RM004,In-person Meeting,Senior Direct Lending Fund VI,Private Credit,53,Yes,Yes,23.0,61
AC005420,2025-05-01,A0199,RM014,Intro Call,Senior Direct Lending Fund VI,Private Credit,62,No,No,,35
AC005421,2026-02-24,A0054,RM003,Follow-up Call,Global Infrastructure Partners IV,Infrastructure,51,Yes,Yes,26.0,47
AC005422,2025-10-16,A0199,RM014,Product Education,Value-Add Real Estate Fund IV,Real Estate,65,No,No,,28
AC005423,2025-05-13,A0026,RM011,Webinar,Global Infrastructure Partners IV,Infrastructure,53,Yes,Yes,21.0,52
AC005424,2025-05-23,A0371,RM009,Due Diligence Meeting,Opportunistic Credit Fund II,Private Credit,65,Yes,Yes,16.0,90
AC005425,2026-03-23,A0025,RM011,Webinar,Senior Direct Lending Fund VI,Private Credit,43,No,No,,52
AC005426,2026-02-04,A0170,RM012,Due Diligence Meeting,Direct Lending Income Fund V,Private Credit,99,Yes,Yes,21.0,105
AC005427,2025-07-15,A0001,RM006,Webinar,Direct Lending Income Fund V,Private Credit,55,Yes,Yes,6.0,60
AC005428,2026-04-18,A0322,RM006,Webinar,Senior Direct Lending Fund VI,Private Credit,53,Yes,Yes,6.0,56
AC005429,2025-08-24,A0060,RM006,Intro Call,Real Estate Income Fund II,Real Estate,44,Yes,No,26.0,41
AC005430,2025-12-28,A0371,RM009,Intro Call,Growth Equity Partners III,Private Equity,60,Yes,Yes,14.0,29
AC005431,2025-12-02,A0020,RM014,Due Diligence Meeting,Private Equity Buyout Fund VII,Private Equity,87,Yes,Yes,29.0,66
AC005432,2025-05-25,A0333,RM006,Follow-up Call,Senior Direct Lending Fund VI,Private Credit,42,No,No,,40
AC005433,2025-10-24,A0265,RM001,In-person Meeting,Private Equity Buyout Fund VII,Private Equity,66,No,No,,84
AC005434,2025-12-15,A0095,RM003,Portfolio Review,Private Equity Buyout Fund VII,Private Equity,91,Yes,Yes,26.0,86
AC005435,2025-09-03,A0074,RM008,Intro Call,Real Estate Income Fund II,Real Estate,52,No,No,,41
AC005436,2025-08-30,A0140,RM007,Follow-up Call,Private Equity Buyout Fund VII,Private Equity,53,No,No,,32
AC005437,2026-02-04,A0335,RM006,In-person Meeting,Value-Add Real Estate Fund IV,Real Estate,76,Yes,Yes,28.0,54
AC005438,2025-11-02,A0343,RM004,Portfolio Review,Real Estate Income Fund II,Real Estate,90,Yes,Yes,9.0,88
AC005439,2025-09-18,A0062,RM016,Follow-up Call,Core Infrastructure Income Fund III,Infrastructure,70,No,No,,39
AC005440,2025-09-24,A0137,RM008,In-person Meeting,Opportunistic Credit Fund II,Private Credit,42,Yes,Yes,2.0,92
AC005441,2025-06-03,A0091,RM009,Intro Call,Core Infrastructure Income Fund III,Infrastructure,74,No,No,,35
AC005442,2025-08-24,A0045,RM016,In-person Meeting,Private Equity Buyout Fund VII,Private Equity,58,No,No,,71
AC005443,2026-03-30,A0260,RM001,Product Education,Core Infrastructure Income Fund III,Infrastructure,74,Yes,Yes,4.0,37
AC005444,2025-07-15,A0133,RM014,Portfolio Review,Private Equity Buyout Fund VII,Private Equity,81,Yes,Yes,7.0,45
AC005445,2025-06-07,A0086,RM003,Follow-up Call,Private Equity Buyout Fund VII,Private Equity,50,No,No,,44
AC005446,2025-05-26,A0343,RM004,Portfolio Review,Senior Direct Lending Fund VI,Private Credit,85,Yes,No,23.0,100
AC005447,2025-11-25,A0305,RM007,Webinar,Core Infrastructure Income Fund III,Infrastructure,46,Yes,No,12.0,64
AC005448,2025-05-02,A0316,RM001,In-person Meeting,Senior Direct Lending Fund VI,Private Credit,84,No,No,,70
AC005449,2025-08-30,A0019,RM006,Product Education,Growth Equity Partners III,Private Equity,66,Yes,No,2.0,18
AC005450,2026-04-23,A0367,RM002,In-person Meeting,Value-Add Real Estate Fund IV,Real Estate,82,Yes,Yes,17.0,54
AC005451,2025-08-20,A0231,RM003,In-person Meeting,Opportunistic Real Estate Fund VI,Real Estate,62,Yes,Yes,5.0,96
AC005452,2025-11-20,A0200,RM007,Webinar,Growth Equity Partners III,Private Equity,74,No,No,,42
AC005453,2025-07-24,A0006,RM012,Product Education,Opportunistic Real Estate Fund VI,Real Estate,86,No,No,,50
AC005454,2025-07-05,A0358,RM012,Intro Call,Core Infrastructure Income Fund III,Infrastructure,60,No,No,,23
AC005455,2025-05-08,A0218,RM006,Intro Call,Core Infrastructure Income Fund III,Infrastructure,61,Yes,No,11.0,37
AC005456,2025-11-24,A0334,RM007,Portfolio Review,Direct Lending Income Fund V,Private Credit,65,Yes,No,16.0,50
AC005457,2026-03-21,A0265,RM001,Follow-up Call,Growth Equity Partners III,Private Equity,55,Yes,No,3.0,40
AC005458,2025-06-22,A0324,RM008,Follow-up Call,Real Estate Income Fund II,Real Estate,77,Yes,Yes,12.0,39
AC005459,2025-05-27,A0280,RM004,Follow-up Call,Direct Lending Income Fund V,Private Credit,84,Yes,Yes,28.0,24
AC005460,2026-02-09,A0369,RM011,Due Diligence Meeting,Direct Lending Income Fund V,Private Credit,84,No,No,,67
AC005461,2025-06-27,A0086,RM003,Intro Call,Private Equity Buyout Fund VII,Private Equity,45,No,No,,41
AC005462,2025-12-11,A0073,RM002,Intro Call,Value-Add Real Estate Fund IV,Real Estate,42,No,No,,43
AC005463,2026-01-14,A0289,RM008,Intro Call,Core Infrastructure Income Fund III,Infrastructure,55,Yes,Yes,19.0,38
AC005464,2025-05-08,A0200,RM007,Product Education,Global Infrastructure Partners IV,Infrastructure,74,Yes,Yes,2.0,34
AC005465,2025-10-31,A0239,RM003,In-person Meeting,Value-Add Real Estate Fund IV,Real Estate,66,Yes,Yes,23.0,78
AC005466,2025-06-13,A0287,RM006,Follow-up Call,Opportunistic Real Estate Fund VI,Real Estate,62,Yes,No,20.0,45
AC005467,2026-03-28,A0220,RM015,Follow-up Call,Opportunistic Real Estate Fund VI,Real Estate,61,Yes,No,14.0,45
AC005468,2025-07-08,A0323,RM016,Portfolio Review,Real Estate Income Fund II,Real Estate,63,No,No,,58
AC005469,2026-03-18,A0121,RM010,Portfolio Review,Value-Add Real Estate Fund IV,Real Estate,87,Yes,Yes,22.0,73
AC005470,2025-08-01,A0343,RM004,In-person Meeting,Global Infrastructure Partners IV,Infrastructure,90,Yes,No,22.0,67
AC005471,2026-01-02,A0037,RM013,Follow-up Call,Opportunistic Credit Fund II,Private Credit,60,No,No,,45
AC005472,2026-04-09,A0256,RM015,Follow-up Call,Real Estate Income Fund II,Real Estate,22,No,No,,41
AC005473,2025-05-20,A0355,RM010,Due Diligence Meeting,Value-Add Real Estate Fund IV,Real Estate,71,Yes,Yes,6.0,61
AC005474,2025-12-31,A0096,RM010,Portfolio Review,Growth Equity Partners III,Private Equity,71,Yes,Yes,26.0,72
AC005475,2025-07-20,A0124,RM007,In-person Meeting,Opportunistic Real Estate Fund VI,Real Estate,100,Yes,Yes,13.0,77
AC005476,2025-12-15,A0116,RM005,Follow-up Call,Direct Lending Income Fund V,Private Credit,57,No,No,,23
AC005477,2025-10-01,A0227,RM015,Intro Call,Senior Direct Lending Fund VI,Private Credit,39,Yes,No,17.0,39
AC005478,2025-07-13,A0165,RM011,Webinar,Senior Direct Lending Fund VI,Private Credit,67,No,No,,48
AC005479,2025-08-12,A0037,RM013,Product Education,Senior Direct Lending Fund VI,Private Credit,68,Yes,Yes,18.0,49
AC005480,2026-01-26,A0355,RM010,In-person Meeting,Opportunistic Real Estate Fund VI,Real Estate,60,Yes,Yes,17.0,60
AC005481,2026-04-16,A0074,RM008,Intro Call,Senior Direct Lending Fund VI,Private Credit,53,Yes,Yes,11.0,30
AC005482,2026-03-25,A0212,RM007,In-person Meeting,Global Infrastructure Partners IV,Infrastructure,74,Yes,Yes,8.0,89
AC005483,2026-01-16,A0238,RM015,Follow-up Call,Direct Lending Income Fund V,Private Credit,55,Yes,Yes,28.0,58
AC005484,2025-07-27,A0020,RM014,Follow-up Call,Value-Add Real Estate Fund IV,Real Estate,76,No,No,,16
AC005485,2025-06-02,A0034,RM014,Product Education,Senior Direct Lending Fund VI,Private Credit,55,Yes,Yes,7.0,33
AC005486,2026-04-18,A0391,RM012,In-person Meeting,Real Estate Income Fund II,Real Estate,55,Yes,No,10.0,57
AC005487,2025-06-06,A0271,RM014,Intro Call,Senior Direct Lending Fund VI,Private Credit,53,Yes,Yes,4.0,21
AC005488,2026-01-09,A0017,RM002,Follow-up Call,Growth Equity Partners III,Private Equity,52,Yes,Yes,19.0,35
AC005489,2025-09-09,A0323,RM016,Portfolio Review,Senior Direct Lending Fund VI,Private Credit,78,Yes,Yes,8.0,89
AC005490,2025-06-26,A0202,RM002,Intro Call,Senior Direct Lending Fund VI,Private Credit,67,No,No,,36
AC005491,2026-04-30,A0030,RM009,Portfolio Review,Opportunistic Real Estate Fund VI,Real Estate,92,No,No,,99
AC005492,2025-08-12,A0276,RM005,In-person Meeting,Value-Add Real Estate Fund IV,Real Estate,86,Yes,Yes,23.0,76
AC005493,2026-04-30,A0199,RM014,Intro Call,Growth Equity Partners III,Private Equity,49,Yes,Yes,3.0,42
AC005494,2025-12-25,A0074,RM008,Due Diligence Meeting,Direct Lending Income Fund V,Private Credit,81,No,No,,41
AC005495,2025-11-15,A0349,RM014,Follow-up Call,Core Infrastructure Income Fund III,Infrastructure,87,Yes,No,9.0,25
AC005496,2025-07-21,A0110,RM003,Portfolio Review,Global Infrastructure Partners IV,Infrastructure,65,Yes,No,7.0,72
AC005497,2025-12-19,A0108,RM008,Intro Call,Core Infrastructure Income Fund III,Infrastructure,41,Yes,Yes,22.0,24
AC005498,2025-11-20,A0102,RM002,Webinar,Real Estate Income Fund II,Real Estate,49,Yes,Yes,24.0,43
AC005499,2026-03-15,A0311,RM004,In-person Meeting,Private Equity Buyout Fund VII,Private Equity,88,Yes,Yes,8.0,95
AC005500,2026-01-24,A0286,RM008,Follow-up Call,Core Infrastructure Income Fund III,Infrastructure,47,No,No,,27
AC005501,2025-08-13,A0362,RM014,Intro Call,Direct Lending Income Fund V,Private Credit,47,No,No,,44
AC005502,2025-11-24,A0087,RM013,Intro Call,Opportunistic Real Estate Fund VI,Real Estate,55,No,No,,39
AC005503,2026-03-20,A0322,RM006,Follow-up Call,Core Infrastructure Income Fund III,Infrastructure,67,Yes,No,21.0,35
AC005504,2026-01-04,A0230,RM001,Portfolio Review,Growth Equity Partners III,Private Equity,50,Yes,Yes,28.0,84
AC005505,2025-05-30,A0117,RM010,Intro Call,Senior Direct Lending Fund VI,Private Credit,34,Yes,Yes,27.0,43
AC005506,2025-12-09,A0017,RM002,Product Education,Growth Equity Partners III,Private Equity,51,Yes,Yes,9.0,18
AC005507,2025-10-13,A0333,RM006,Portfolio Review,Global Infrastructure Partners IV,Infrastructure,57,Yes,No,9.0,56
AC005508,2025-06-08,A0093,RM012,Due Diligence Meeting,Global Infrastructure Partners IV,Infrastructure,63,Yes,Yes,23.0,59
AC005509,2026-01-04,A0256,RM015,Product Education,Private Equity Buyout Fund VII,Private Equity,52,No,No,,34
AC005510,2025-09-05,A0220,RM015,Follow-up Call,Real Estate Income Fund II,Real Estate,80,Yes,Yes,5.0,41
AC005511,2025-11-25,A0003,RM001,Follow-up Call,Growth Equity Partners III,Private Equity,46,Yes,No,14.0,34
AC005512,2025-10-09,A0399,RM006,Follow-up Call,Direct Lending Income Fund V,Private Credit,47,No,No,,18
AC005513,2025-06-17,A0331,RM013,Follow-up Call,Value-Add Real Estate Fund IV,Real Estate,50,No,No,,27
AC005514,2025-12-24,A0194,RM002,Due Diligence Meeting,Global Infrastructure Partners IV,Infrastructure,100,Yes,Yes,15.0,86
AC005515,2026-01-18,A0276,RM005,Portfolio Review,Private Equity Buyout Fund VII,Private Equity,81,Yes,Yes,22.0,63
AC005516,2025-08-16,A0190,RM009,Intro Call,Global Infrastructure Partners IV,Infrastructure,45,No,No,,35
AC005517,2025-09-13,A0303,RM014,Webinar,Direct Lending Income Fund V,Private Credit,52,Yes,No,6.0,31
AC005518,2025-12-12,A0048,RM007,Follow-up Call,Growth Equity Partners III,Private Equity,66,No,No,,24
AC005519,2025-08-31,A0180,RM008,Webinar,Real Estate Income Fund II,Real Estate,64,Yes,Yes,14.0,35
AC005520,2026-01-27,A0127,RM014,Webinar,Opportunistic Real Estate Fund VI,Real Estate,79,Yes,Yes,3.0,49
AC005521,2025-05-20,A0183,RM014,Follow-up Call,Value-Add Real Estate Fund IV,Real Estate,68,No,No,,23
AC005522,2026-01-26,A0181,RM003,Due Diligence Meeting,Core Infrastructure Income Fund III,Infrastructure,61,No,No,,88
AC005523,2025-05-28,A0050,RM015,Follow-up Call,Opportunistic Credit Fund II,Private Credit,46,Yes,Yes,27.0,28
AC005524,2026-01-26,A0394,RM005,Webinar,Core Infrastructure Income Fund III,Infrastructure,41,No,No,,63
AC005525,2025-10-30,A0008,RM010,Due Diligence Meeting,Opportunistic Credit Fund II,Private Credit,69,Yes,No,24.0,81
AC005526,2025-07-26,A0006,RM012,Follow-up Call,Value-Add Real Estate Fund IV,Real Estate,88,Yes,No,25.0,27
AC005527,2025-09-25,A0145,RM006,Webinar,Direct Lending Income Fund V,Private Credit,59,Yes,No,6.0,48
AC005528,2025-09-19,A0249,RM001,Follow-up Call,Core Infrastructure Income Fund III,Infrastructure,66,Yes,Yes,16.0,54
AC005529,2026-02-17,A0064,RM011,Intro Call,Senior Direct Lending Fund VI,Private Credit,48,Yes,Yes,23.0,38
AC005530,2025-11-25,A0211,RM006,Follow-up Call,Opportunistic Real Estate Fund VI,Real Estate,72,Yes,Yes,22.0,31
AC005531,2025-11-03,A0294,RM012,Follow-up Call,Real Estate Income Fund II,Real Estate,59,Yes,Yes,24.0,10
AC005532,2025-10-30,A0034,RM014,In-person Meeting,Direct Lending Income Fund V,Private Credit,70,No,No,,59
AC005533,2026-04-16,A0397,RM013,Product Education,Growth Equity Partners III,Private Equity,58,Yes,No,8.0,32
AC005534,2026-04-30,A0128,RM002,Follow-up Call,Growth Equity Partners III,Private Equity,46,Yes,Yes,7.0,38
AC005535,2025-06-08,A0259,RM007,Follow-up Call,Private Equity Buyout Fund VII,Private Equity,50,No,No,,25
AC005536,2025-10-26,A0039,RM001,Webinar,Core Infrastructure Income Fund III,Infrastructure,66,No,No,,49
AC005537,2026-03-18,A0288,RM015,In-person Meeting,Value-Add Real Estate Fund IV,Real Estate,47,Yes,Yes,24.0,57
AC005538,2025-11-06,A0340,RM016,Portfolio Review,Opportunistic Real Estate Fund VI,Real Estate,68,Yes,Yes,6.0,87
AC005539,2026-04-23,A0036,RM008,Intro Call,Core Infrastructure Income Fund III,Infrastructure,52,Yes,Yes,25.0,28
AC005540,2026-01-31,A0046,RM009,Follow-up Call,Private Equity Buyout Fund VII,Private Equity,74,Yes,Yes,15.0,31
AC005541,2025-11-21,A0107,RM004,Product Education,Global Infrastructure Partners IV,Infrastructure,78,No,No,,30
AC005542,2025-07-03,A0007,RM004,Due Diligence Meeting,Direct Lending Income Fund V,Private Credit,99,Yes,No,21.0,38
AC005543,2025-07-09,A0398,RM007,Portfolio Review,Opportunistic Credit Fund II,Private Credit,82,Yes,Yes,22.0,86
AC005544,2025-08-02,A0239,RM003,In-person Meeting,Real Estate Income Fund II,Real Estate,71,Yes,Yes,7.0,56
AC005545,2025-12-18,A0245,RM010,Intro Call,Core Infrastructure Income Fund III,Infrastructure,65,Yes,Yes,21.0,36
AC005546,2025-08-31,A0385,RM001,Intro Call,Opportunistic Real Estate Fund VI,Real Estate,58,Yes,No,25.0,40
AC005547,2025-10-11,A0337,RM002,Portfolio Review,Core Infrastructure Income Fund III,Infrastructure,72,No,No,,93
AC005548,2025-09-26,A0331,RM013,In-person Meeting,Private Equity Buyout Fund VII,Private Equity,60,No,No,,55
AC005549,2025-09-14,A0130,RM009,Webinar,Private Equity Buyout Fund VII,Private Equity,71,No,No,,57
AC005550,2025-08-31,A0127,RM014,Follow-up Call,Global Infrastructure Partners IV,Infrastructure,60,Yes,Yes,26.0,40
AC005551,2025-09-24,A0110,RM003,In-person Meeting,Real Estate Income Fund II,Real Estate,63,Yes,No,5.0,42
AC005552,2026-04-15,A0134,RM006,Intro Call,Value-Add Real Estate Fund IV,Real Estate,41,Yes,Yes,15.0,44
AC005553,2025-08-26,A0143,RM009,Webinar,Opportunistic Real Estate Fund VI,Real Estate,65,Yes,No,22.0,47
AC005554,2026-03-22,A0049,RM011,Product Education,Value-Add Real Estate Fund IV,Real Estate,67,Yes,Yes,20.0,48
AC005555,2025-08-08,A0139,RM008,Product Education,Opportunistic Real Estate Fund VI,Real Estate,68,Yes,Yes,26.0,32
AC005556,2025-10-08,A0180,RM008,Intro Call,Opportunistic Real Estate Fund VI,Real Estate,65,Yes,Yes,9.0,37
AC005557,2026-03-26,A0117,RM010,In-person Meeting,Direct Lending Income Fund V,Private Credit,55,Yes,No,8.0,65
AC005558,2025-08-13,A0060,RM006,Product Education,Opportunistic Credit Fund II,Private Credit,63,Yes,No,21.0,20
AC005559,2026-02-02,A0145,RM006,In-person Meeting,Private Equity Buyout Fund VII,Private Equity,68,No,No,,66
AC005560,2026-03-22,A0192,RM004,In-person Meeting,Value-Add Real Estate Fund IV,Real Estate,97,Yes,Yes,13.0,56
AC005561,2025-12-08,A0293,RM001,Follow-up Call,Opportunistic Real Estate Fund VI,Real Estate,78,Yes,Yes,7.0,36
AC005562,2025-09-30,A0289,RM008,Follow-up Call,Growth Equity Partners III,Private Equity,70,Yes,Yes,20.0,60
AC005563,2025-06-13,A0074,RM008,Webinar,Opportunistic Credit Fund II,Private Credit,55,No,No,,49
AC005564,2025-12-25,A0018,RM007,Intro Call,Value-Add Real Estate Fund IV,Real Estate,67,Yes,Yes,6.0,39
AC005565,2026-02-21,A0116,RM005,Product Education,Global Infrastructure Partners IV,Infrastructure,77,Yes,Yes,5.0,31
AC005566,2025-11-26,A0057,RM015,In-person Meeting,Private Equity Buyout Fund VII,Private Equity,54,Yes,Yes,25.0,71
AC005567,2025-08-07,A0155,RM011,Follow-up Call,Direct Lending Income Fund V,Private Credit,57,Yes,Yes,22.0,20
AC005568,2025-06-14,A0396,RM016,Webinar,Global Infrastructure Partners IV,Infrastructure,52,No,No,,63
AC005569,2025-10-06,A0065,RM005,In-person Meeting,Direct Lending Income Fund V,Private Credit,98,Yes,Yes,13.0,73
AC005570,2025-10-11,A0121,RM010,Portfolio Review,Real Estate Income Fund II,Real Estate,93,Yes,No,18.0,91
AC005571,2025-09-24,A0294,RM012,Intro Call,Global Infrastructure Partners IV,Infrastructure,50,No,No,,50
AC005572,2025-12-06,A0202,RM002,Product Education,Opportunistic Real Estate Fund VI,Real Estate,85,Yes,Yes,9.0,22
AC005573,2025-12-21,A0020,RM014,Webinar,Opportunistic Real Estate Fund VI,Real Estate,53,Yes,Yes,25.0,50
AC005574,2025-06-09,A0059,RM002,Follow-up Call,Growth Equity Partners III,Private Equity,46,Yes,No,9.0,20
AC005575,2025-12-19,A0374,RM009,Intro Call,Senior Direct Lending Fund VI,Private Credit,50,No,No,,44
AC005576,2025-06-20,A0036,RM008,Webinar,Private Equity Buyout Fund VII,Private Equity,67,No,No,,60
AC005577,2026-04-01,A0256,RM015,Intro Call,Real Estate Income Fund II,Real Estate,49,No,No,,24
AC005578,2026-04-22,A0323,RM016,Portfolio Review,Senior Direct Lending Fund VI,Private Credit,67,Yes,Yes,23.0,100
AC005579,2025-12-13,A0100,RM006,Intro Call,Senior Direct Lending Fund VI,Private Credit,45,No,No,,44
AC005580,2026-02-26,A0294,RM012,Follow-up Call,Private Equity Buyout Fund VII,Private Equity,61,Yes,Yes,11.0,30
AC005581,2026-01-27,A0062,RM016,In-person Meeting,Private Equity Buyout Fund VII,Private Equity,97,Yes,Yes,13.0,74
AC005582,2025-05-09,A0108,RM008,Webinar,Global Infrastructure Partners IV,Infrastructure,35,No,No,,42
AC005583,2025-06-07,A0118,RM013,Portfolio Review,Core Infrastructure Income Fund III,Infrastructure,69,No,No,,86
AC005584,2025-10-05,A0399,RM006,Webinar,Direct Lending Income Fund V,Private Credit,28,No,No,,62
AC005585,2025-06-24,A0078,RM016,Follow-up Call,Opportunistic Real Estate Fund VI,Real Estate,83,Yes,Yes,7.0,25
AC005586,2026-02-09,A0046,RM009,Follow-up Call,Global Infrastructure Partners IV,Infrastructure,64,Yes,No,9.0,43
AC005587,2026-02-18,A0371,RM009,Follow-up Call,Core Infrastructure Income Fund III,Infrastructure,45,Yes,Yes,26.0,35
AC005588,2025-05-08,A0059,RM002,Intro Call,Senior Direct Lending Fund VI,Private Credit,38,No,No,,16
AC005589,2025-08-06,A0349,RM014,Intro Call,Opportunistic Credit Fund II,Private Credit,64,Yes,Yes,22.0,24
AC005590,2026-04-13,A0262,RM009,Product Education,Real Estate Income Fund II,Real Estate,68,Yes,Yes,26.0,48
AC005591,2025-09-09,A0232,RM012,Product Education,Real Estate Income Fund II,Real Estate,41,No,No,,43
AC005592,2025-07-28,A0305,RM007,Due Diligence Meeting,Direct Lending Income Fund V,Private Credit,66,Yes,Yes,25.0,88
AC005593,2025-10-22,A0295,RM009,Intro Call,Opportunistic Real Estate Fund VI,Real Estate,44,No,No,,50
AC005594,2025-12-27,A0039,RM001,Product Education,Direct Lending Income Fund V,Private Credit,100,Yes,Yes,7.0,45
AC005595,2025-07-24,A0400,RM006,Due Diligence Meeting,Direct Lending Income Fund V,Private Credit,97,Yes,Yes,4.0,73
AC005596,2026-02-10,A0377,RM013,In-person Meeting,Global Infrastructure Partners IV,Infrastructure,55,No,No,,67
AC005597,2025-08-23,A0358,RM012,Product Education,Real Estate Income Fund II,Real Estate,79,Yes,Yes,15.0,40
AC005598,2025-11-28,A0250,RM010,Intro Call,Value-Add Real Estate Fund IV,Real Estate,53,No,No,,28
AC005599,2025-10-17,A0207,RM008,Follow-up Call,Senior Direct Lending Fund VI,Private Credit,51,No,No,,38
AC005600,2026-04-19,A0212,RM007,Webinar,Opportunistic Real Estate Fund VI,Real Estate,77,Yes,Yes,27.0,72
AC005601,2025-05-02,A0008,RM010,Follow-up Call,Opportunistic Credit Fund II,Private Credit,55,Yes,Yes,22.0,31
AC005602,2026-01-22,A0199,RM014,Follow-up Call,Growth Equity Partners III,Private Equity,62,No,No,,73
AC005603,2026-04-29,A0251,RM007,Intro Call,Real Estate Income Fund II,Real Estate,29,No,No,,21
AC005604,2025-11-10,A0267,RM007,Intro Call,Opportunistic Credit Fund II,Private Credit,71,Yes,Yes,15.0,44
AC005605,2025-12-05,A0127,RM014,Intro Call,Direct Lending Income Fund V,Private Credit,68,Yes,Yes,4.0,48
AC005606,2025-09-02,A0187,RM009,Webinar,Core Infrastructure Income Fund III,Infrastructure,63,No,No,,41
AC005607,2025-09-23,A0257,RM004,In-person Meeting,Core Infrastructure Income Fund III,Infrastructure,91,No,No,,58
AC005608,2025-09-18,A0172,RM009,Intro Call,Senior Direct Lending Fund VI,Private Credit,56,No,No,,35
AC005609,2025-05-14,A0387,RM006,Intro Call,Senior Direct Lending Fund VI,Private Credit,53,No,No,,33
AC005610,2025-09-25,A0286,RM008,Portfolio Review,Opportunistic Credit Fund II,Private Credit,62,No,No,,86
AC005611,2025-05-10,A0001,RM006,Follow-up Call,Opportunistic Credit Fund II,Private Credit,49,Yes,No,2.0,20
AC005612,2026-01-19,A0013,RM011,Follow-up Call,Senior Direct Lending Fund VI,Private Credit,47,No,No,,32
AC005613,2025-10-09,A0279,RM008,Intro Call,Direct Lending Income Fund V,Private Credit,37,No,No,,38
AC005614,2026-01-16,A0164,RM001,Follow-up Call,Core Infrastructure Income Fund III,Infrastructure,44,Yes,No,13.0,33
AC005615,2025-11-14,A0340,RM016,Follow-up Call,Growth Equity Partners III,Private Equity,56,Yes,Yes,5.0,39
AC005616,2025-10-17,A0062,RM016,Follow-up Call,Growth Equity Partners III,Private Equity,76,Yes,No,5.0,27
AC005617,2026-03-29,A0008,RM010,Portfolio Review,Value-Add Real Estate Fund IV,Real Estate,79,No,No,,55
AC005618,2026-04-01,A0151,RM003,Intro Call,Growth Equity Partners III,Private Equity,66,Yes,No,27.0,29
AC005619,2025-10-30,A0299,RM006,In-person Meeting,Global Infrastructure Partners IV,Infrastructure,89,Yes,No,13.0,102
AC005620,2026-03-06,A0391,RM012,In-person Meeting,Growth Equity Partners III,Private Equity,69,Yes,Yes,11.0,93
AC005621,2025-08-10,A0350,RM007,Product Education,Opportunistic Credit Fund II,Private Credit,65,No,No,,39
AC005622,2025-11-26,A0193,RM004,Portfolio Review,Value-Add Real Estate Fund IV,Real Estate,72,Yes,Yes,19.0,75
AC005623,2025-05-31,A0329,RM001,Follow-up Call,Global Infrastructure Partners IV,Infrastructure,50,No,No,,51
AC005624,2025-05-03,A0029,RM002,In-person Meeting,Core Infrastructure Income Fund III,Infrastructure,67,Yes,No,11.0,88
AC005625,2025-08-07,A0229,RM002,Intro Call,Value-Add Real Estate Fund IV,Real Estate,36,No,No,,28
AC005626,2025-11-08,A0371,RM009,In-person Meeting,Growth Equity Partners III,Private Equity,69,Yes,Yes,5.0,85
AC005627,2025-08-19,A0155,RM011,Intro Call,Opportunistic Credit Fund II,Private Credit,49,Yes,Yes,20.0,51
AC005628,2025-07-09,A0386,RM003,Due Diligence Meeting,Core Infrastructure Income Fund III,Infrastructure,100,Yes,No,5.0,115
AC005629,2025-11-09,A0081,RM001,Product Education,Direct Lending Income Fund V,Private Credit,70,No,No,,38
AC005630,2025-06-18,A0036,RM008,Follow-up Call,Direct Lending Income Fund V,Private Credit,55,No,No,,30
AC005631,2025-12-25,A0208,RM014,Due Diligence Meeting,Senior Direct Lending Fund VI,Private Credit,81,Yes,Yes,7.0,86
AC005632,2026-01-31,A0362,RM014,Follow-up Call,Core Infrastructure Income Fund III,Infrastructure,53,No,No,,34
AC005633,2025-05-04,A0118,RM013,In-person Meeting,Value-Add Real Estate Fund IV,Real Estate,55,No,No,,74
AC005634,2025-11-30,A0325,RM006,Follow-up Call,Opportunistic Credit Fund II,Private Credit,59,Yes,No,28.0,37
AC005635,2026-02-08,A0062,RM016,Intro Call,Senior Direct Lending Fund VI,Private Credit,81,Yes,Yes,21.0,20
AC005636,2025-08-15,A0304,RM016,In-person Meeting,Private Equity Buyout Fund VII,Private Equity,79,Yes,Yes,22.0,100
AC005637,2025-08-06,A0225,RM016,Follow-up Call,Private Equity Buyout Fund VII,Private Equity,60,Yes,Yes,18.0,40
AC005638,2025-08-30,A0062,RM016,Webinar,Value-Add Real Estate Fund IV,Real Estate,82,Yes,Yes,7.0,38
AC005639,2025-07-16,A0293,RM001,Product Education,Senior Direct Lending Fund VI,Private Credit,55,No,No,,32
AC005640,2025-07-26,A0289,RM008,Intro Call,Private Equity Buyout Fund VII,Private Equity,65,Yes,Yes,26.0,32
AC005641,2025-08-16,A0204,RM004,Intro Call,Growth Equity Partners III,Private Equity,35,No,No,,49
AC005642,2025-11-07,A0086,RM003,Follow-up Call,Growth Equity Partners III,Private Equity,46,No,No,,29
AC005643,2026-04-26,A0046,RM009,In-person Meeting,Value-Add Real Estate Fund IV,Real Estate,80,Yes,Yes,20.0,87
AC005644,2025-08-28,A0385,RM001,Intro Call,Global Infrastructure Partners IV,Infrastructure,58,No,No,,47
AC005645,2026-01-29,A0265,RM001,Follow-up Call,Growth Equity Partners III,Private Equity,51,No,No,,29
AC005646,2025-08-24,A0327,RM004,Follow-up Call,Direct Lending Income Fund V,Private Credit,73,No,No,,22
AC005647,2025-05-26,A0282,RM005,Webinar,Opportunistic Real Estate Fund VI,Real Estate,25,No,No,,53
AC005648,2026-02-28,A0335,RM006,Follow-up Call,Value-Add Real Estate Fund IV,Real Estate,40,No,No,,23
AC005649,2026-03-05,A0059,RM002,Intro Call,Opportunistic Credit Fund II,Private Credit,46,Yes,Yes,14.0,38
AC005650,2025-08-16,A0198,RM014,Webinar,Opportunistic Real Estate Fund VI,Real Estate,69,No,No,,18
AC005651,2025-07-01,A0272,RM012,Intro Call,Value-Add Real Estate Fund IV,Real Estate,54,Yes,Yes,10.0,26
AC005652,2025-09-01,A0036,RM008,Product Education,Core Infrastructure Income Fund III,Infrastructure,68,Yes,No,12.0,26
AC005653,2025-08-31,A0054,RM003,Webinar,Opportunistic Credit Fund II,Private Credit,64,Yes,Yes,24.0,47
AC005654,2026-04-13,A0256,RM015,Webinar,Direct Lending Income Fund V,Private Credit,53,Yes,Yes,16.0,59
AC005655,2025-09-21,A0345,RM016,Webinar,Opportunistic Real Estate Fund VI,Real Estate,47,Yes,Yes,21.0,60
AC005656,2026-04-13,A0268,RM007,Due Diligence Meeting,Value-Add Real Estate Fund IV,Real Estate,63,No,No,,112
AC005657,2026-03-05,A0018,RM007,Follow-up Call,Private Equity Buyout Fund VII,Private Equity,67,No,No,,26
AC005658,2025-08-18,A0390,RM001,Product Education,Private Equity Buyout Fund VII,Private Equity,73,No,No,,33
AC005659,2026-04-18,A0049,RM011,Product Education,Private Equity Buyout Fund VII,Private Equity,76,No,No,,37
AC005660,2025-08-03,A0089,RM012,Follow-up Call,Opportunistic Real Estate Fund VI,Real Estate,63,No,No,,47
AC005661,2025-05-27,A0392,RM009,Follow-up Call,Value-Add Real Estate Fund IV,Real Estate,67,Yes,Yes,6.0,16
AC005662,2025-07-24,A0314,RM016,Follow-up Call,Opportunistic Credit Fund II,Private Credit,36,Yes,Yes,22.0,34
AC005663,2025-07-02,A0374,RM009,Webinar,Core Infrastructure Income Fund III,Infrastructure,66,No,No,,56
AC005664,2025-05-28,A0326,RM014,Intro Call,Opportunistic Real Estate Fund VI,Real Estate,29,Yes,Yes,8.0,38
AC005665,2025-07-21,A0263,RM014,Portfolio Review,Opportunistic Credit Fund II,Private Credit,61,Yes,Yes,3.0,98
AC005666,2025-09-14,A0108,RM008,Intro Call,Opportunistic Real Estate Fund VI,Real Estate,34,Yes,Yes,13.0,23
AC005667,2025-05-19,A0124,RM007,Due Diligence Meeting,Core Infrastructure Income Fund III,Infrastructure,97,Yes,Yes,27.0,78
AC005668,2026-03-11,A0381,RM004,Follow-up Call,Global Infrastructure Partners IV,Infrastructure,45,No,No,,44
AC005669,2025-07-20,A0343,RM004,Follow-up Call,Growth Equity Partners III,Private Equity,79,Yes,Yes,22.0,29
AC005670,2025-10-25,A0141,RM003,In-person Meeting,Growth Equity Partners III,Private Equity,83,Yes,No,2.0,91
AC005671,2026-01-25,A0145,RM006,Due Diligence Meeting,Direct Lending Income Fund V,Private Credit,71,Yes,Yes,25.0,72
AC005672,2025-08-04,A0113,RM003,Follow-up Call,Real Estate Income Fund II,Real Estate,51,No,No,,35
AC005673,2025-07-27,A0124,RM007,Due Diligence Meeting,Opportunistic Real Estate Fund VI,Real Estate,84,Yes,Yes,17.0,23
AC005674,2025-11-30,A0343,RM004,Product Education,Direct Lending Income Fund V,Private Credit,81,No,No,,35
AC005675,2026-03-07,A0006,RM012,Due Diligence Meeting,Senior Direct Lending Fund VI,Private Credit,90,Yes,Yes,16.0,60
AC005676,2026-01-18,A0174,RM016,In-person Meeting,Opportunistic Credit Fund II,Private Credit,65,Yes,No,25.0,74
AC005677,2026-04-13,A0378,RM003,Follow-up Call,Private Equity Buyout Fund VII,Private Equity,42,No,No,,42
AC005678,2026-04-26,A0217,RM006,Portfolio Review,Global Infrastructure Partners IV,Infrastructure,61,No,No,,53
AC005679,2025-08-02,A0181,RM003,Portfolio Review,Core Infrastructure Income Fund III,Infrastructure,47,No,No,,80
AC005680,2025-06-01,A0118,RM013,Product Education,Private Equity Buyout Fund VII,Private Equity,72,Yes,No,4.0,29
AC005681,2025-05-19,A0029,RM002,Follow-up Call,Core Infrastructure Income Fund III,Infrastructure,73,No,No,,42
AC005682,2025-06-22,A0085,RM002,Webinar,Senior Direct Lending Fund VI,Private Credit,54,No,No,,41
AC005683,2025-08-04,A0033,RM009,In-person Meeting,Direct Lending Income Fund V,Private Credit,69,Yes,Yes,21.0,77
AC005684,2025-12-23,A0046,RM009,Follow-up Call,Opportunistic Credit Fund II,Private Credit,63,No,No,,36
AC005685,2025-10-26,A0060,RM006,Webinar,Core Infrastructure Income Fund III,Infrastructure,40,No,No,,64
AC005686,2026-03-19,A0115,RM012,Product Education,Real Estate Income Fund II,Real Estate,64,Yes,Yes,4.0,39
AC005687,2025-06-20,A0006,RM012,In-person Meeting,Value-Add Real Estate Fund IV,Real Estate,98,Yes,Yes,9.0,55
AC005688,2026-01-14,A0382,RM010,Intro Call,Direct Lending Income Fund V,Private Credit,78,Yes,No,20.0,28
AC005689,2025-07-16,A0045,RM016,Due Diligence Meeting,Value-Add Real Estate Fund IV,Real Estate,100,Yes,Yes,25.0,97
AC005690,2026-02-02,A0150,RM006,Product Education,Senior Direct Lending Fund VI,Private Credit,94,Yes,Yes,3.0,47
AC005691,2026-04-09,A0349,RM014,Webinar,Direct Lending Income Fund V,Private Credit,85,Yes,Yes,3.0,61
AC005692,2025-06-02,A0036,RM008,Portfolio Review,Value-Add Real Estate Fund IV,Real Estate,66,Yes,Yes,20.0,92
AC005693,2026-04-20,A0193,RM004,Intro Call,Growth Equity Partners III,Private Equity,41,No,No,,22
AC005694,2026-04-22,A0341,RM002,Product Education,Direct Lending Income Fund V,Private Credit,72,No,No,,37
AC005695,2025-12-25,A0225,RM016,Follow-up Call,Opportunistic Real Estate Fund VI,Real Estate,50,Yes,No,23.0,47
AC005696,2025-07-23,A0077,RM005,Intro Call,Senior Direct Lending Fund VI,Private Credit,33,No,No,,28
AC005697,2026-01-30,A0299,RM006,Webinar,Private Equity Buyout Fund VII,Private Equity,45,Yes,No,23.0,40
AC005698,2025-12-18,A0276,RM005,In-person Meeting,Real Estate Income Fund II,Real Estate,86,Yes,Yes,10.0,55
AC005699,2025-11-25,A0142,RM013,Due Diligence Meeting,Real Estate Income Fund II,Real Estate,90,Yes,Yes,23.0,47
AC005700,2025-07-30,A0022,RM003,Follow-up Call,Private Equity Buyout Fund VII,Private Equity,61,Yes,No,15.0,34
AC005701,2026-03-03,A0005,RM006,Intro Call,Real Estate Income Fund II,Real Estate,67,Yes,Yes,8.0,26
AC005702,2026-02-01,A0334,RM007,Webinar,Opportunistic Real Estate Fund VI,Real Estate,57,No,No,,47
AC005703,2025-07-20,A0121,RM010,In-person Meeting,Senior Direct Lending Fund VI,Private Credit,87,No,No,,81
AC005704,2026-03-20,A0049,RM011,Product Education,Real Estate Income Fund II,Real Estate,59,Yes,Yes,24.0,45
AC005705,2026-01-17,A0204,RM004,Portfolio Review,Opportunistic Real Estate Fund VI,Real Estate,62,No,No,,78
AC005706,2025-08-11,A0369,RM011,Follow-up Call,Core Infrastructure Income Fund III,Infrastructure,65,Yes,Yes,25.0,50
AC005707,2026-04-07,A0006,RM012,Due Diligence Meeting,Private Equity Buyout Fund VII,Private Equity,99,Yes,Yes,29.0,66
AC005708,2026-03-17,A0024,RM008,Intro Call,Opportunistic Credit Fund II,Private Credit,46,No,No,,35
AC005709,2025-06-06,A0166,RM013,Webinar,Private Equity Buyout Fund VII,Private Equity,72,No,No,,60
AC005710,2026-04-29,A0276,RM005,In-person Meeting,Real Estate Income Fund II,Real Estate,84,No,No,,84
AC005711,2025-05-29,A0190,RM009,Intro Call,Private Equity Buyout Fund VII,Private Equity,53,Yes,Yes,8.0,32
AC005712,2026-02-15,A0358,RM012,Intro Call,Value-Add Real Estate Fund IV,Real Estate,64,Yes,No,3.0,43
AC005713,2025-08-05,A0020,RM014,Product Education,Value-Add Real Estate Fund IV,Real Estate,70,Yes,Yes,24.0,44
AC005714,2026-02-21,A0130,RM009,Webinar,Core Infrastructure Income Fund III,Infrastructure,51,No,No,,53
AC005715,2026-02-09,A0137,RM008,Portfolio Review,Senior Direct Lending Fund VI,Private Credit,47,No,No,,64
AC005716,2025-08-07,A0130,RM009,In-person Meeting,Value-Add Real Estate Fund IV,Real Estate,100,Yes,Yes,22.0,107
AC005717,2025-07-12,A0196,RM009,In-person Meeting,Private Equity Buyout Fund VII,Private Equity,89,Yes,Yes,10.0,72
AC005718,2025-08-01,A0323,RM016,In-person Meeting,Opportunistic Credit Fund II,Private Credit,81,Yes,Yes,4.0,55
AC005719,2026-02-05,A0121,RM010,Due Diligence Meeting,Senior Direct Lending Fund VI,Private Credit,93,Yes,Yes,22.0,104
AC005720,2026-01-02,A0303,RM014,Intro Call,Value-Add Real Estate Fund IV,Real Estate,70,No,No,,52
AC005721,2026-03-12,A0052,RM006,In-person Meeting,Real Estate Income Fund II,Real Estate,84,No,No,,51
AC005722,2025-05-04,A0225,RM016,Follow-up Call,Private Equity Buyout Fund VII,Private Equity,60,No,No,,32
AC005723,2025-10-09,A0146,RM016,Webinar,Senior Direct Lending Fund VI,Private Credit,61,Yes,No,2.0,54
AC005724,2026-04-14,A0214,RM015,In-person Meeting,Real Estate Income Fund II,Real Estate,98,No,No,,72
AC005725,2026-04-16,A0037,RM013,Due Diligence Meeting,Private Equity Buyout Fund VII,Private Equity,92,Yes,Yes,6.0,62
AC005726,2025-12-10,A0382,RM010,Intro Call,Opportunistic Credit Fund II,Private Credit,74,Yes,No,26.0,19
AC005727,2025-11-25,A0362,RM014,In-person Meeting,Growth Equity Partners III,Private Equity,75,Yes,Yes,17.0,64
AC005728,2026-02-12,A0335,RM006,Intro Call,Core Infrastructure Income Fund III,Infrastructure,40,No,No,,26
AC005729,2025-08-17,A0356,RM002,Due Diligence Meeting,Real Estate Income Fund II,Real Estate,92,No,No,,79
AC005730,2026-02-13,A0052,RM006,Webinar,Senior Direct Lending Fund VI,Private Credit,48,Yes,Yes,2.0,43
AC005731,2025-12-21,A0200,RM007,Webinar,Opportunistic Real Estate Fund VI,Real Estate,58,Yes,Yes,11.0,41
AC005732,2025-05-23,A0121,RM010,Intro Call,Real Estate Income Fund II,Real Estate,69,Yes,Yes,6.0,35
AC005733,2025-10-03,A0352,RM002,Portfolio Review,Core Infrastructure Income Fund III,Infrastructure,89,No,No,,72
AC005734,2026-02-26,A0069,RM016,Follow-up Call,Opportunistic Real Estate Fund VI,Real Estate,67,No,No,,38
AC005735,2025-08-01,A0081,RM001,In-person Meeting,Global Infrastructure Partners IV,Infrastructure,72,No,No,,55
AC005736,2025-08-02,A0278,RM011,Intro Call,Direct Lending Income Fund V,Private Credit,48,Yes,No,11.0,18
AC005737,2026-01-23,A0033,RM009,Due Diligence Meeting,Opportunistic Credit Fund II,Private Credit,86,Yes,Yes,10.0,95
AC005738,2026-04-28,A0297,RM006,Intro Call,Direct Lending Income Fund V,Private Credit,72,Yes,Yes,17.0,24
AC005739,2025-06-06,A0102,RM002,Follow-up Call,Senior Direct Lending Fund VI,Private Credit,73,Yes,Yes,18.0,34
AC005740,2025-10-15,A0269,RM008,Follow-up Call,Opportunistic Credit Fund II,Private Credit,79,Yes,Yes,3.0,11
AC005741,2025-12-05,A0347,RM003,Product Education,Senior Direct Lending Fund VI,Private Credit,61,No,No,,41
AC005742,2026-02-25,A0247,RM013,Product Education,Global Infrastructure Partners IV,Infrastructure,43,Yes,Yes,3.0,31
AC005743,2026-04-01,A0078,RM016,Follow-up Call,Core Infrastructure Income Fund III,Infrastructure,76,Yes,Yes,22.0,43
AC005744,2025-12-08,A0024,RM008,Follow-up Call,Opportunistic Credit Fund II,Private Credit,44,No,No,,37
AC005745,2025-06-12,A0021,RM010,Follow-up Call,Direct Lending Income Fund V,Private Credit,63,Yes,Yes,24.0,39
AC005746,2026-03-10,A0033,RM009,Portfolio Review,Opportunistic Credit Fund II,Private Credit,69,No,No,,72
AC005747,2025-08-09,A0233,RM004,Intro Call,Opportunistic Credit Fund II,Private Credit,39,No,No,,34
AC005748,2025-11-16,A0134,RM006,Webinar,Growth Equity Partners III,Private Equity,38,No,No,,55
AC005749,2025-07-16,A0093,RM012,Follow-up Call,Growth Equity Partners III,Private Equity,56,No,No,,37
AC005750,2025-10-18,A0080,RM006,Product Education,Core Infrastructure Income Fund III,Infrastructure,71,No,No,,44
AC005751,2025-07-16,A0382,RM010,Due Diligence Meeting,Value-Add Real Estate Fund IV,Real Estate,100,No,No,,118
AC005752,2025-11-25,A0043,RM003,In-person Meeting,Opportunistic Credit Fund II,Private Credit,58,Yes,Yes,18.0,90
AC005753,2025-07-17,A0116,RM005,Follow-up Call,Opportunistic Credit Fund II,Private Credit,70,No,No,,29
AC005754,2025-05-27,A0187,RM009,Webinar,Growth Equity Partners III,Private Equity,64,No,No,,50
AC005755,2026-03-01,A0001,RM006,Follow-up Call,Opportunistic Real Estate Fund VI,Real Estate,45,Yes,No,3.0,25
AC005756,2025-08-27,A0369,RM011,Intro Call,Senior Direct Lending Fund VI,Private Credit,59,No,No,,28
AC005757,2025-07-22,A0035,RM002,Webinar,Senior Direct Lending Fund VI,Private Credit,38,No,No,,62
AC005758,2025-06-26,A0276,RM005,Follow-up Call,Direct Lending Income Fund V,Private Credit,80,Yes,Yes,28.0,44
AC005759,2025-11-21,A0254,RM002,Product Education,Core Infrastructure Income Fund III,Infrastructure,54,Yes,Yes,5.0,28
AC005760,2025-11-11,A0327,RM004,Follow-up Call,Direct Lending Income Fund V,Private Credit,67,Yes,Yes,16.0,38
AC005761,2026-04-18,A0262,RM009,Follow-up Call,Opportunistic Credit Fund II,Private Credit,61,No,No,,12
AC005762,2025-11-22,A0313,RM013,Follow-up Call,Opportunistic Real Estate Fund VI,Real Estate,68,No,No,,22
AC005763,2025-12-16,A0168,RM013,Product Education,Real Estate Income Fund II,Real Estate,88,Yes,Yes,9.0,32
AC005764,2025-07-13,A0196,RM009,Intro Call,Opportunistic Real Estate Fund VI,Real Estate,71,No,No,,38
AC005765,2025-06-29,A0285,RM011,Follow-up Call,Growth Equity Partners III,Private Equity,58,Yes,No,27.0,39
AC005766,2025-12-07,A0228,RM009,Follow-up Call,Senior Direct Lending Fund VI,Private Credit,90,Yes,Yes,3.0,36
AC005767,2025-09-29,A0203,RM006,Intro Call,Value-Add Real Estate Fund IV,Real Estate,63,Yes,Yes,27.0,44
AC005768,2026-04-27,A0075,RM001,Follow-up Call,Opportunistic Real Estate Fund VI,Real Estate,54,Yes,Yes,2.0,48
AC005769,2026-04-10,A0097,RM009,Intro Call,Private Equity Buyout Fund VII,Private Equity,66,Yes,Yes,23.0,24
AC005770,2025-06-04,A0140,RM007,In-person Meeting,Real Estate Income Fund II,Real Estate,66,Yes,Yes,16.0,89
AC005771,2025-06-08,A0006,RM012,Due Diligence Meeting,Direct Lending Income Fund V,Private Credit,100,Yes,Yes,11.0,38
AC005772,2025-08-29,A0166,RM013,Intro Call,Opportunistic Real Estate Fund VI,Real Estate,58,No,No,,49
AC005773,2025-05-27,A0002,RM006,Due Diligence Meeting,Real Estate Income Fund II,Real Estate,86,Yes,Yes,16.0,77
AC005774,2025-11-10,A0227,RM015,Follow-up Call,Real Estate Income Fund II,Real Estate,47,Yes,Yes,14.0,48
AC005775,2026-03-06,A0285,RM011,Intro Call,Global Infrastructure Partners IV,Infrastructure,52,No,No,,26
AC005776,2025-12-30,A0226,RM006,Intro Call,Opportunistic Credit Fund II,Private Credit,44,Yes,Yes,21.0,51
AC005777,2025-11-07,A0280,RM004,Webinar,Growth Equity Partners III,Private Equity,68,Yes,Yes,18.0,49
AC005778,2026-01-12,A0001,RM006,In-person Meeting,Private Equity Buyout Fund VII,Private Equity,52,No,No,,54
AC005779,2025-09-04,A0026,RM011,Webinar,Real Estate Income Fund II,Real Estate,51,Yes,Yes,25.0,42
AC005780,2025-05-13,A0283,RM010,Product Education,Direct Lending Income Fund V,Private Credit,75,Yes,Yes,11.0,42
AC005781,2025-11-29,A0326,RM014,In-person Meeting,Senior Direct Lending Fund VI,Private Credit,48,No,No,,104
AC005782,2025-05-21,A0293,RM001,Follow-up Call,Global Infrastructure Partners IV,Infrastructure,69,Yes,Yes,9.0,50
AC005783,2025-06-13,A0271,RM014,Follow-up Call,Private Equity Buyout Fund VII,Private Equity,55,No,No,,39
AC005784,2025-11-25,A0286,RM008,Portfolio Review,Real Estate Income Fund II,Real Estate,66,No,No,,100
AC005785,2025-07-13,A0300,RM008,Follow-up Call,Growth Equity Partners III,Private Equity,49,Yes,Yes,20.0,40
AC005786,2025-06-08,A0294,RM012,Product Education,Real Estate Income Fund II,Real Estate,82,Yes,No,9.0,43
AC005787,2025-07-03,A0299,RM006,Product Education,Senior Direct Lending Fund VI,Private Credit,83,No,No,,34
AC005788,2026-04-24,A0029,RM002,Follow-up Call,Value-Add Real Estate Fund IV,Real Estate,63,Yes,No,28.0,32
AC005789,2025-09-13,A0026,RM011,Follow-up Call,Core Infrastructure Income Fund III,Infrastructure,55,No,No,,29
AC005790,2026-02-11,A0142,RM013,Follow-up Call,Real Estate Income Fund II,Real Estate,65,Yes,Yes,17.0,21
AC005791,2025-08-29,A0209,RM010,Due Diligence Meeting,Value-Add Real Estate Fund IV,Real Estate,84,Yes,Yes,24.0,112
AC005792,2026-03-08,A0310,RM010,In-person Meeting,Global Infrastructure Partners IV,Infrastructure,62,No,No,,80
AC005793,2026-02-26,A0127,RM014,Intro Call,Value-Add Real Estate Fund IV,Real Estate,65,Yes,Yes,10.0,38
AC005794,2025-08-04,A0104,RM011,Product Education,Opportunistic Credit Fund II,Private Credit,73,Yes,Yes,6.0,35
AC005795,2025-07-09,A0319,RM014,Intro Call,Direct Lending Income Fund V,Private Credit,84,Yes,No,14.0,31
AC005796,2026-02-22,A0095,RM003,In-person Meeting,Value-Add Real Estate Fund IV,Real Estate,88,Yes,Yes,17.0,71
AC005797,2025-08-10,A0333,RM006,Follow-up Call,Value-Add Real Estate Fund IV,Real Estate,44,Yes,No,3.0,10
AC005798,2025-05-22,A0063,RM016,Product Education,Private Equity Buyout Fund VII,Private Equity,69,Yes,Yes,14.0,42
AC005799,2025-12-14,A0141,RM003,Follow-up Call,Real Estate Income Fund II,Real Estate,56,No,No,,30
AC005800,2026-01-23,A0157,RM016,Intro Call,Core Infrastructure Income Fund III,Infrastructure,67,No,No,,20
AC005801,2025-09-19,A0113,RM003,Webinar,Growth Equity Partners III,Private Equity,62,Yes,No,9.0,48
AC005802,2025-06-28,A0003,RM001,Webinar,Senior Direct Lending Fund VI,Private Credit,37,No,No,,56
AC005803,2026-03-08,A0090,RM014,Follow-up Call,Core Infrastructure Income Fund III,Infrastructure,63,No,No,,33
AC005804,2025-12-18,A0128,RM002,Product Education,Senior Direct Lending Fund VI,Private Credit,49,No,No,,40
AC005805,2026-01-13,A0119,RM007,Product Education,Direct Lending Income Fund V,Private Credit,75,No,No,,33
AC005806,2025-12-01,A0322,RM006,Intro Call,Growth Equity Partners III,Private Equity,29,Yes,Yes,29.0,39
AC005807,2025-05-10,A0022,RM003,Intro Call,Value-Add Real Estate Fund IV,Real Estate,63,No,No,,35
AC005808,2025-05-04,A0151,RM003,Webinar,Growth Equity Partners III,Private Equity,62,No,No,,62
AC005809,2025-07-26,A0019,RM006,Follow-up Call,Senior Direct Lending Fund VI,Private Credit,66,Yes,No,14.0,42
AC005810,2025-11-26,A0373,RM005,Webinar,Opportunistic Real Estate Fund VI,Real Estate,39,No,No,,39
AC005811,2025-08-06,A0323,RM016,Product Education,Private Equity Buyout Fund VII,Private Equity,81,No,No,,23
AC005812,2025-06-10,A0397,RM013,Product Education,Core Infrastructure Income Fund III,Infrastructure,49,Yes,No,27.0,38
AC005813,2025-05-21,A0364,RM003,In-person Meeting,Value-Add Real Estate Fund IV,Real Estate,67,Yes,No,18.0,65
AC005814,2025-11-30,A0120,RM009,Product Education,Opportunistic Real Estate Fund VI,Real Estate,70,No,No,,33
AC005815,2025-05-16,A0280,RM004,Follow-up Call,Growth Equity Partners III,Private Equity,79,Yes,Yes,24.0,30
AC005816,2025-05-06,A0117,RM010,Webinar,Real Estate Income Fund II,Real Estate,42,No,No,,55
AC005817,2025-07-11,A0352,RM002,Follow-up Call,Opportunistic Credit Fund II,Private Credit,67,Yes,Yes,2.0,30
AC005818,2026-04-07,A0162,RM015,Intro Call,Value-Add Real Estate Fund IV,Real Estate,43,Yes,No,17.0,30
AC005819,2025-08-13,A0146,RM016,Follow-up Call,Value-Add Real Estate Fund IV,Real Estate,72,No,No,,33
AC005820,2026-02-26,A0367,RM002,Portfolio Review,Opportunistic Credit Fund II,Private Credit,81,Yes,Yes,14.0,63
AC005821,2026-01-25,A0339,RM004,Due Diligence Meeting,Private Equity Buyout Fund VII,Private Equity,73,Yes,Yes,21.0,71
AC005822,2026-03-12,A0388,RM012,Product Education,Senior Direct Lending Fund VI,Private Credit,69,No,No,,34
AC005823,2025-10-14,A0027,RM006,Follow-up Call,Value-Add Real Estate Fund IV,Real Estate,78,Yes,Yes,8.0,21
AC005824,2025-06-12,A0093,RM012,Intro Call,Direct Lending Income Fund V,Private Credit,39,No,No,,21
AC005825,2026-04-18,A0114,RM016,Follow-up Call,Core Infrastructure Income Fund III,Infrastructure,71,No,No,,32
AC005826,2025-10-25,A0171,RM016,Follow-up Call,Value-Add Real Estate Fund IV,Real Estate,57,Yes,Yes,17.0,17
AC005827,2025-09-29,A0188,RM004,Due Diligence Meeting,Value-Add Real Estate Fund IV,Real Estate,90,Yes,Yes,19.0,70
AC005828,2025-12-26,A0110,RM003,In-person Meeting,Value-Add Real Estate Fund IV,Real Estate,63,Yes,Yes,4.0,51
AC005829,2026-02-11,A0323,RM016,Webinar,Growth Equity Partners III,Private Equity,62,Yes,No,17.0,48
AC005830,2025-09-07,A0084,RM012,Follow-up Call,Senior Direct Lending Fund VI,Private Credit,37,Yes,Yes,7.0,36
AC005831,2025-07-06,A0281,RM009,In-person Meeting,Direct Lending Income Fund V,Private Credit,69,Yes,Yes,9.0,59
AC005832,2025-05-20,A0342,RM003,Portfolio Review,Senior Direct Lending Fund VI,Private Credit,58,No,No,,72
AC005833,2025-11-20,A0241,RM014,Intro Call,Real Estate Income Fund II,Real Estate,46,No,No,,44
AC005834,2025-08-30,A0138,RM016,Follow-up Call,Global Infrastructure Partners IV,Infrastructure,77,Yes,Yes,17.0,41
AC005835,2025-05-07,A0069,RM016,Follow-up Call,Value-Add Real Estate Fund IV,Real Estate,64,Yes,No,7.0,26
AC005836,2026-03-07,A0048,RM007,In-person Meeting,Value-Add Real Estate Fund IV,Real Estate,88,No,No,,38
AC005837,2026-02-04,A0303,RM014,Follow-up Call,Private Equity Buyout Fund VII,Private Equity,80,No,No,,40
AC005838,2026-04-03,A0186,RM006,In-person Meeting,Value-Add Real Estate Fund IV,Real Estate,86,No,No,,52
AC005839,2025-10-22,A0022,RM003,Portfolio Review,Opportunistic Real Estate Fund VI,Real Estate,49,Yes,No,25.0,47
AC005840,2025-09-01,A0397,RM013,Intro Call,Growth Equity Partners III,Private Equity,40,Yes,Yes,15.0,37
AC005841,2025-06-16,A0273,RM012,Intro Call,Global Infrastructure Partners IV,Infrastructure,59,No,No,,43
AC005842,2025-06-12,A0341,RM002,Portfolio Review,Opportunistic Credit Fund II,Private Credit,74,Yes,No,19.0,62
AC005843,2026-04-27,A0174,RM016,Webinar,Private Equity Buyout Fund VII,Private Equity,48,No,No,,57
AC005844,2025-11-26,A0383,RM010,Follow-up Call,Private Equity Buyout Fund VII,Private Equity,45,No,No,,49
AC005845,2026-04-11,A0072,RM009,In-person Meeting,Real Estate Income Fund II,Real Estate,87,Yes,Yes,23.0,68
AC005846,2025-06-08,A0068,RM004,In-person Meeting,Senior Direct Lending Fund VI,Private Credit,81,Yes,Yes,10.0,68
AC005847,2025-05-27,A0355,RM010,Intro Call,Opportunistic Credit Fund II,Private Credit,40,Yes,No,28.0,27
AC005848,2026-01-08,A0355,RM010,Webinar,Value-Add Real Estate Fund IV,Real Estate,54,Yes,Yes,20.0,68
AC005849,2025-10-19,A0199,RM014,Portfolio Review,Senior Direct Lending Fund VI,Private Credit,66,Yes,No,3.0,55
AC005850,2025-09-25,A0046,RM009,Webinar,Private Equity Buyout Fund VII,Private Equity,66,Yes,Yes,25.0,61
AC005851,2025-10-13,A0116,RM005,Follow-up Call,Global Infrastructure Partners IV,Infrastructure,62,Yes,Yes,8.0,34
AC005852,2025-07-04,A0307,RM014,Product Education,Private Equity Buyout Fund VII,Private Equity,65,Yes,Yes,14.0,46
AC005853,2025-06-16,A0341,RM002,Intro Call,Direct Lending Income Fund V,Private Credit,55,No,No,,34
AC005854,2025-12-22,A0134,RM006,Due Diligence Meeting,Opportunistic Credit Fund II,Private Credit,57,Yes,Yes,25.0,82
AC005855,2025-09-07,A0026,RM011,Webinar,Core Infrastructure Income Fund III,Infrastructure,36,Yes,Yes,28.0,57
AC005856,2025-05-13,A0271,RM014,Webinar,Opportunistic Credit Fund II,Private Credit,49,Yes,Yes,23.0,39
AC005857,2025-09-09,A0299,RM006,Follow-up Call,Senior Direct Lending Fund VI,Private Credit,80,Yes,Yes,23.0,21
AC005858,2025-11-23,A0171,RM016,Follow-up Call,Core Infrastructure Income Fund III,Infrastructure,55,No,No,,41
AC005859,2026-04-14,A0233,RM004,Product Education,Direct Lending Income Fund V,Private Credit,40,Yes,No,3.0,26
AC005860,2025-09-17,A0398,RM007,Follow-up Call,Senior Direct Lending Fund VI,Private Credit,71,Yes,Yes,9.0,45
AC005861,2026-03-04,A0094,RM005,Portfolio Review,Core Infrastructure Income Fund III,Infrastructure,62,Yes,Yes,7.0,88
AC005862,2025-09-02,A0230,RM001,Due Diligence Meeting,Growth Equity Partners III,Private Equity,66,Yes,No,25.0,70
AC005863,2025-08-28,A0247,RM013,Follow-up Call,Core Infrastructure Income Fund III,Infrastructure,47,Yes,No,17.0,46
AC005864,2026-01-16,A0220,RM015,Follow-up Call,Opportunistic Credit Fund II,Private Credit,71,Yes,Yes,10.0,41
AC005865,2026-04-05,A0345,RM016,Follow-up Call,Private Equity Buyout Fund VII,Private Equity,53,No,No,,36
AC005866,2025-06-15,A0243,RM013,Follow-up Call,Senior Direct Lending Fund VI,Private Credit,72,Yes,Yes,24.0,30
AC005867,2026-03-15,A0202,RM002,In-person Meeting,Private Equity Buyout Fund VII,Private Equity,83,Yes,No,21.0,85
AC005868,2025-09-17,A0045,RM016,Product Education,Core Infrastructure Income Fund III,Infrastructure,61,Yes,Yes,26.0,43
AC005869,2026-03-21,A0285,RM011,Intro Call,Opportunistic Credit Fund II,Private Credit,49,No,No,,44
AC005870,2025-07-01,A0046,RM009,Portfolio Review,Opportunistic Real Estate Fund VI,Real Estate,75,No,No,,71
AC005871,2025-12-29,A0015,RM005,Portfolio Review,Global Infrastructure Partners IV,Infrastructure,84,Yes,Yes,29.0,79
AC005872,2025-12-14,A0196,RM009,Intro Call,Value-Add Real Estate Fund IV,Real Estate,66,Yes,Yes,15.0,44
AC005873,2025-09-23,A0229,RM002,Intro Call,Global Infrastructure Partners IV,Infrastructure,41,Yes,Yes,14.0,45
AC005874,2025-12-23,A0400,RM006,Follow-up Call,Senior Direct Lending Fund VI,Private Credit,81,Yes,No,27.0,22
AC005875,2025-06-01,A0289,RM008,Intro Call,Senior Direct Lending Fund VI,Private Credit,62,Yes,Yes,16.0,29
AC005876,2025-07-22,A0342,RM003,Webinar,Senior Direct Lending Fund VI,Private Credit,40,No,No,,49
AC005877,2025-07-11,A0134,RM006,Intro Call,Direct Lending Income Fund V,Private Credit,36,No,No,,18
AC005878,2025-11-02,A0202,RM002,Intro Call,Global Infrastructure Partners IV,Infrastructure,48,Yes,Yes,8.0,18
AC005879,2025-07-14,A0392,RM009,Due Diligence Meeting,Opportunistic Credit Fund II,Private Credit,96,No,No,,62
AC005880,2025-06-05,A0166,RM013,Product Education,Senior Direct Lending Fund VI,Private Credit,76,Yes,Yes,26.0,28
AC005881,2025-05-24,A0326,RM014,Follow-up Call,Senior Direct Lending Fund VI,Private Credit,47,Yes,Yes,5.0,26
AC005882,2025-11-29,A0208,RM014,Product Education,Direct Lending Income Fund V,Private Credit,59,No,No,,38
AC005883,2026-03-15,A0084,RM012,Product Education,Real Estate Income Fund II,Real Estate,37,No,No,,38
AC005884,2026-03-01,A0233,RM004,Intro Call,Senior Direct Lending Fund VI,Private Credit,43,No,No,,45
AC005885,2026-04-10,A0079,RM015,Intro Call,Opportunistic Credit Fund II,Private Credit,50,Yes,Yes,2.0,31
AC005886,2026-01-20,A0002,RM006,Follow-up Call,Private Equity Buyout Fund VII,Private Equity,58,No,No,,22
AC005887,2026-04-25,A0090,RM014,Webinar,Direct Lending Income Fund V,Private Credit,48,Yes,Yes,9.0,53
AC005888,2025-08-05,A0071,RM003,Follow-up Call,Private Equity Buyout Fund VII,Private Equity,53,Yes,No,17.0,43
AC005889,2025-09-11,A0144,RM007,Intro Call,Private Equity Buyout Fund VII,Private Equity,76,Yes,Yes,6.0,29
AC005890,2026-02-05,A0353,RM004,Intro Call,Value-Add Real Estate Fund IV,Real Estate,61,No,No,,40
AC005891,2026-03-08,A0151,RM003,Product Education,Private Equity Buyout Fund VII,Private Equity,75,No,No,,48
AC005892,2025-05-20,A0341,RM002,Product Education,Senior Direct Lending Fund VI,Private Credit,69,No,No,,32
AC005893,2025-07-18,A0223,RM008,In-person Meeting,Private Equity Buyout Fund VII,Private Equity,78,Yes,Yes,19.0,76
AC005894,2025-11-24,A0005,RM006,Follow-up Call,Opportunistic Credit Fund II,Private Credit,53,No,No,,43
AC005895,2025-05-10,A0069,RM016,Follow-up Call,Opportunistic Real Estate Fund VI,Real Estate,69,Yes,Yes,4.0,33
AC005896,2026-03-14,A0373,RM005,In-person Meeting,Opportunistic Credit Fund II,Private Credit,57,Yes,No,14.0,67
AC005897,2026-01-03,A0241,RM014,Follow-up Call,Opportunistic Credit Fund II,Private Credit,62,Yes,Yes,16.0,36
AC005898,2025-06-13,A0373,RM005,Intro Call,Value-Add Real Estate Fund IV,Real Estate,44,No,No,,25
AC005899,2025-08-19,A0118,RM013,Portfolio Review,Value-Add Real Estate Fund IV,Real Estate,65,No,No,,83
AC005900,2025-09-06,A0291,RM003,Intro Call,Global Infrastructure Partners IV,Infrastructure,50,No,No,,28
AC005901,2025-06-01,A0314,RM016,In-person Meeting,Core Infrastructure Income Fund III,Infrastructure,61,Yes,Yes,28.0,75
AC005902,2025-06-24,A0393,RM013,Webinar,Direct Lending Income Fund V,Private Credit,32,No,No,,34
AC005903,2025-08-26,A0009,RM010,Intro Call,Value-Add Real Estate Fund IV,Real Estate,52,No,No,,20
AC005904,2025-07-10,A0382,RM010,Intro Call,Real Estate Income Fund II,Real Estate,73,Yes,Yes,14.0,75
AC005905,2025-11-22,A0152,RM015,Webinar,Private Equity Buyout Fund VII,Private Equity,70,Yes,Yes,22.0,46
AC005906,2025-09-08,A0340,RM016,Webinar,Value-Add Real Estate Fund IV,Real Estate,54,No,No,,40
AC005907,2025-11-14,A0219,RM011,Due Diligence Meeting,Global Infrastructure Partners IV,Infrastructure,62,Yes,Yes,19.0,72
AC005908,2026-04-17,A0227,RM015,Webinar,Real Estate Income Fund II,Real Estate,51,No,No,,40
AC005909,2025-05-05,A0141,RM003,Follow-up Call,Opportunistic Real Estate Fund VI,Real Estate,71,No,No,,28
AC005910,2025-10-21,A0335,RM006,Product Education,Global Infrastructure Partners IV,Infrastructure,54,No,No,,40
AC005911,2025-11-28,A0099,RM001,Product Education,Opportunistic Credit Fund II,Private Credit,81,Yes,Yes,3.0,21
AC005912,2025-09-11,A0197,RM010,In-person Meeting,Real Estate Income Fund II,Real Estate,74,No,No,,92
AC005913,2025-08-06,A0225,RM016,Follow-up Call,Private Equity Buyout Fund VII,Private Equity,50,Yes,Yes,29.0,34
AC005914,2025-08-22,A0302,RM001,Follow-up Call,Real Estate Income Fund II,Real Estate,64,No,No,,18
AC005915,2025-08-30,A0187,RM009,In-person Meeting,Private Equity Buyout Fund VII,Private Equity,70,Yes,Yes,3.0,86
AC005916,2025-06-23,A0276,RM005,Intro Call,Real Estate Income Fund II,Real Estate,48,Yes,Yes,3.0,40
AC005917,2026-01-08,A0193,RM004,In-person Meeting,Direct Lending Income Fund V,Private Credit,87,Yes,Yes,11.0,114
AC005918,2025-11-01,A0267,RM007,Product Education,Opportunistic Real Estate Fund VI,Real Estate,72,No,No,,26
AC005919,2026-04-17,A0275,RM005,Due Diligence Meeting,Direct Lending Income Fund V,Private Credit,58,No,No,,73
AC005920,2026-03-29,A0288,RM015,Follow-up Call,Senior Direct Lending Fund VI,Private Credit,43,Yes,No,28.0,55
AC005921,2026-02-14,A0333,RM006,Follow-up Call,Real Estate Income Fund II,Real Estate,35,No,No,,25
AC005922,2026-04-28,A0216,RM008,In-person Meeting,Global Infrastructure Partners IV,Infrastructure,82,Yes,No,3.0,50
AC005923,2025-11-09,A0071,RM003,Intro Call,Opportunistic Real Estate Fund VI,Real Estate,43,Yes,Yes,21.0,25
AC005924,2026-04-08,A0276,RM005,Product Education,Global Infrastructure Partners IV,Infrastructure,73,Yes,Yes,24.0,25
AC005925,2026-03-04,A0031,RM010,Intro Call,Opportunistic Credit Fund II,Private Credit,40,Yes,Yes,14.0,35
AC005926,2025-11-10,A0079,RM015,Portfolio Review,Opportunistic Credit Fund II,Private Credit,76,No,No,,69
AC005927,2025-09-06,A0323,RM016,Follow-up Call,Value-Add Real Estate Fund IV,Real Estate,73,Yes,No,23.0,34
AC005928,2025-11-20,A0174,RM016,Due Diligence Meeting,Senior Direct Lending Fund VI,Private Credit,69,No,No,,61
AC005929,2025-08-24,A0199,RM014,Follow-up Call,Direct Lending Income Fund V,Private Credit,44,Yes,Yes,12.0,26
AC005930,2026-02-06,A0398,RM007,In-person Meeting,Private Equity Buyout Fund VII,Private Equity,91,Yes,No,25.0,61
AC005931,2025-06-29,A0090,RM014,Portfolio Review,Growth Equity Partners III,Private Equity,66,Yes,No,27.0,78
AC005932,2025-06-21,A0009,RM010,Due Diligence Meeting,Direct Lending Income Fund V,Private Credit,89,Yes,No,9.0,70
AC005933,2025-11-17,A0040,RM001,In-person Meeting,Private Equity Buyout Fund VII,Private Equity,95,Yes,Yes,14.0,77
AC005934,2025-12-02,A0094,RM005,Product Education,Opportunistic Real Estate Fund VI,Real Estate,63,Yes,No,11.0,26
AC005935,2025-06-04,A0295,RM009,Follow-up Call,Core Infrastructure Income Fund III,Infrastructure,55,Yes,Yes,16.0,26
AC005936,2025-05-09,A0316,RM001,Follow-up Call,Opportunistic Credit Fund II,Private Credit,61,Yes,Yes,16.0,34
AC005937,2025-12-08,A0228,RM009,Webinar,Private Equity Buyout Fund VII,Private Equity,71,Yes,No,6.0,54
AC005938,2025-09-14,A0096,RM010,Follow-up Call,Core Infrastructure Income Fund III,Infrastructure,74,Yes,Yes,25.0,37
AC005939,2026-02-25,A0206,RM004,Follow-up Call,Core Infrastructure Income Fund III,Infrastructure,64,No,No,,26
AC005940,2025-10-11,A0008,RM010,Follow-up Call,Growth Equity Partners III,Private Equity,73,Yes,No,25.0,48
AC005941,2025-09-10,A0276,RM005,Follow-up Call,Real Estate Income Fund II,Real Estate,70,Yes,No,6.0,33
AC005942,2026-04-21,A0249,RM001,Due Diligence Meeting,Opportunistic Credit Fund II,Private Credit,84,Yes,No,17.0,74
AC005943,2025-06-09,A0012,RM012,Follow-up Call,Core Infrastructure Income Fund III,Infrastructure,65,Yes,Yes,17.0,19
AC005944,2025-09-14,A0333,RM006,In-person Meeting,Real Estate Income Fund II,Real Estate,52,No,No,,52
AC005945,2026-01-21,A0310,RM010,Intro Call,Private Equity Buyout Fund VII,Private Equity,39,Yes,No,16.0,35
AC005946,2025-12-23,A0117,RM010,Webinar,Core Infrastructure Income Fund III,Infrastructure,29,Yes,No,12.0,34
AC005947,2026-03-31,A0257,RM004,Intro Call,Growth Equity Partners III,Private Equity,50,Yes,No,28.0,32
AC005948,2025-06-16,A0240,RM005,Portfolio Review,Private Equity Buyout Fund VII,Private Equity,72,Yes,Yes,11.0,67
AC005949,2025-06-28,A0051,RM010,Follow-up Call,Real Estate Income Fund II,Real Estate,76,Yes,Yes,11.0,22
AC005950,2026-04-25,A0071,RM003,Follow-up Call,Real Estate Income Fund II,Real Estate,58,Yes,Yes,23.0,23
AC005951,2025-12-31,A0276,RM005,Follow-up Call,Opportunistic Credit Fund II,Private Credit,71,Yes,Yes,23.0,10
AC005952,2025-09-18,A0373,RM005,Portfolio Review,Growth Equity Partners III,Private Equity,53,Yes,Yes,25.0,75
AC005953,2026-02-17,A0232,RM012,Portfolio Review,Private Equity Buyout Fund VII,Private Equity,70,Yes,No,26.0,83
AC005954,2025-09-26,A0228,RM009,Webinar,Senior Direct Lending Fund VI,Private Credit,50,No,No,,57
AC005955,2025-10-16,A0260,RM001,Intro Call,Opportunistic Credit Fund II,Private Credit,59,No,No,,21
AC005956,2025-09-02,A0175,RM007,Portfolio Review,Senior Direct Lending Fund VI,Private Credit,72,Yes,Yes,6.0,92
AC005957,2026-02-25,A0024,RM008,Follow-up Call,Senior Direct Lending Fund VI,Private Credit,59,No,No,,33
AC005958,2026-02-13,A0155,RM011,Follow-up Call,Private Equity Buyout Fund VII,Private Equity,51,Yes,No,20.0,39
AC005959,2025-05-08,A0359,RM013,Follow-up Call,Private Equity Buyout Fund VII,Private Equity,29,Yes,Yes,21.0,20
AC005960,2025-08-08,A0326,RM014,In-person Meeting,Real Estate Income Fund II,Real Estate,60,Yes,Yes,28.0,76
AC005961,2025-10-21,A0371,RM009,Follow-up Call,Opportunistic Real Estate Fund VI,Real Estate,66,Yes,Yes,9.0,25
AC005962,2026-04-29,A0054,RM003,Intro Call,Opportunistic Real Estate Fund VI,Real Estate,49,No,No,,20
AC005963,2025-08-17,A0200,RM007,Product Education,Direct Lending Income Fund V,Private Credit,86,Yes,Yes,8.0,43
AC005964,2025-07-24,A0234,RM008,Intro Call,Value-Add Real Estate Fund IV,Real Estate,68,Yes,Yes,8.0,28
AC005965,2026-01-11,A0077,RM005,Product Education,Direct Lending Income Fund V,Private Credit,48,Yes,No,5.0,33
AC005966,2026-03-05,A0073,RM002,Intro Call,Senior Direct Lending Fund VI,Private Credit,57,No,No,,27
AC005967,2025-08-31,A0320,RM009,Intro Call,Value-Add Real Estate Fund IV,Real Estate,69,No,No,,41
AC005968,2025-10-05,A0273,RM012,In-person Meeting,Opportunistic Credit Fund II,Private Credit,70,Yes,Yes,3.0,109
AC005969,2025-08-29,A0260,RM001,Product Education,Direct Lending Income Fund V,Private Credit,84,No,No,,54
AC005970,2026-03-14,A0101,RM005,Follow-up Call,Global Infrastructure Partners IV,Infrastructure,36,No,No,,50
AC005971,2025-08-23,A0201,RM008,Follow-up Call,Global Infrastructure Partners IV,Infrastructure,72,Yes,No,7.0,35
AC005972,2025-09-16,A0013,RM011,Webinar,Global Infrastructure Partners IV,Infrastructure,44,Yes,No,2.0,63
AC005973,2025-11-27,A0046,RM009,Follow-up Call,Growth Equity Partners III,Private Equity,55,Yes,Yes,15.0,31
AC005974,2025-07-20,A0204,RM004,Portfolio Review,Global Infrastructure Partners IV,Infrastructure,52,No,No,,58
AC005975,2025-07-22,A0118,RM013,Webinar,Opportunistic Real Estate Fund VI,Real Estate,39,No,No,,28
AC005976,2025-10-16,A0388,RM012,In-person Meeting,Core Infrastructure Income Fund III,Infrastructure,65,Yes,Yes,12.0,90
AC005977,2025-11-12,A0187,RM009,Follow-up Call,Core Infrastructure Income Fund III,Infrastructure,73,Yes,No,5.0,22
AC005978,2025-08-24,A0031,RM010,Follow-up Call,Real Estate Income Fund II,Real Estate,58,Yes,Yes,5.0,33
AC005979,2026-01-30,A0009,RM010,Webinar,Direct Lending Income Fund V,Private Credit,67,Yes,No,12.0,42
AC005980,2026-01-23,A0295,RM009,Intro Call,Senior Direct Lending Fund VI,Private Credit,34,No,No,,25
AC005981,2025-09-16,A0062,RM016,Portfolio Review,Direct Lending Income Fund V,Private Credit,91,No,No,,63
AC005982,2025-08-09,A0069,RM016,In-person Meeting,Direct Lending Income Fund V,Private Credit,80,Yes,Yes,13.0,80
AC005983,2026-03-29,A0171,RM016,Follow-up Call,Growth Equity Partners III,Private Equity,57,No,No,,53
AC005984,2025-05-21,A0099,RM001,Product Education,Private Equity Buyout Fund VII,Private Equity,74,Yes,No,4.0,30
AC005985,2026-01-09,A0249,RM001,Intro Call,Value-Add Real Estate Fund IV,Real Estate,61,Yes,No,17.0,40
AC005986,2026-01-02,A0193,RM004,Intro Call,Core Infrastructure Income Fund III,Infrastructure,60,No,No,,31
AC005987,2025-06-02,A0040,RM001,Intro Call,Private Equity Buyout Fund VII,Private Equity,67,Yes,No,7.0,33
AC005988,2025-11-17,A0321,RM014,Follow-up Call,Opportunistic Credit Fund II,Private Credit,49,No,No,,32
AC005989,2026-04-26,A0171,RM016,Intro Call,Real Estate Income Fund II,Real Estate,70,Yes,Yes,23.0,32
AC005990,2025-09-23,A0247,RM013,Follow-up Call,Private Equity Buyout Fund VII,Private Equity,42,Yes,Yes,22.0,33
AC005991,2025-11-29,A0003,RM001,In-person Meeting,Growth Equity Partners III,Private Equity,50,Yes,No,19.0,66
AC005992,2025-05-18,A0252,RM008,Portfolio Review,Global Infrastructure Partners IV,Infrastructure,68,Yes,Yes,7.0,58
AC005993,2025-06-28,A0107,RM004,Due Diligence Meeting,Private Equity Buyout Fund VII,Private Equity,85,Yes,Yes,20.0,115
AC005994,2026-02-21,A0197,RM010,In-person Meeting,Private Equity Buyout Fund VII,Private Equity,71,Yes,Yes,26.0,68
AC005995,2025-06-05,A0113,RM003,Webinar,Core Infrastructure Income Fund III,Infrastructure,64,No,No,,38
AC005996,2026-02-03,A0399,RM006,Follow-up Call,Value-Add Real Estate Fund IV,Real Estate,44,Yes,No,18.0,37
AC005997,2026-04-21,A0088,RM014,Product Education,Direct Lending Income Fund V,Private Credit,47,Yes,Yes,25.0,39
AC005998,2026-01-21,A0366,RM014,Follow-up Call,Private Equity Buyout Fund VII,Private Equity,73,Yes,Yes,13.0,39
AC005999,2025-07-15,A0367,RM002,Intro Call,Real Estate Income Fund II,Real Estate,56,Yes,Yes,20.0,39
AC006000,2025-05-30,A0168,RM013,Follow-up Call,Direct Lending Income Fund V,Private Credit,54,Yes,Yes,8.0,34
AC006001,2026-01-08,A0116,RM005,Intro Call,Value-Add Real Estate Fund IV,Real Estate,60,No,No,,46
AC006002,2026-04-27,A0149,RM014,Webinar,Core Infrastructure Income Fund III,Infrastructure,66,No,No,,46
AC006003,2026-04-25,A0398,RM007,In-person Meeting,Private Equity Buyout Fund VII,Private Equity,95,Yes,Yes,24.0,94
AC006004,2026-04-05,A0249,RM001,In-person Meeting,Global Infrastructure Partners IV,Infrastructure,88,Yes,No,2.0,78
AC006005,2025-06-13,A0219,RM011,In-person Meeting,Core Infrastructure Income Fund III,Infrastructure,60,No,No,,58
AC006006,2026-03-24,A0017,RM002,Webinar,Value-Add Real Estate Fund IV,Real Estate,50,Yes,Yes,17.0,64
AC006007,2025-06-27,A0341,RM002,Intro Call,Senior Direct Lending Fund VI,Private Credit,47,No,No,,21
AC006008,2025-06-26,A0031,RM010,Intro Call,Private Equity Buyout Fund VII,Private Equity,46,Yes,Yes,14.0,38
AC006009,2025-07-26,A0022,RM003,Intro Call,Real Estate Income Fund II,Real Estate,63,No,No,,54
AC006010,2026-04-06,A0104,RM011,Follow-up Call,Private Equity Buyout Fund VII,Private Equity,74,No,No,,44
AC006011,2026-03-26,A0190,RM009,Product Education,Private Equity Buyout Fund VII,Private Equity,65,Yes,Yes,26.0,33
AC006012,2025-12-26,A0357,RM010,Intro Call,Core Infrastructure Income Fund III,Infrastructure,78,Yes,Yes,2.0,31
AC006013,2026-04-19,A0323,RM016,In-person Meeting,Value-Add Real Estate Fund IV,Real Estate,86,Yes,Yes,25.0,44
AC006014,2025-05-01,A0072,RM009,Webinar,Global Infrastructure Partners IV,Infrastructure,83,Yes,No,27.0,46
AC006015,2025-07-02,A0144,RM007,Intro Call,Growth Equity Partners III,Private Equity,60,Yes,Yes,13.0,27
AC006016,2026-04-27,A0318,RM005,Follow-up Call,Growth Equity Partners III,Private Equity,70,Yes,No,5.0,33
AC006017,2025-09-04,A0209,RM010,Webinar,Senior Direct Lending Fund VI,Private Credit,60,Yes,Yes,11.0,37
AC006018,2026-02-05,A0062,RM016,Product Education,Core Infrastructure Income Fund III,Infrastructure,88,Yes,Yes,11.0,52
AC006019,2025-09-11,A0155,RM011,Intro Call,Private Equity Buyout Fund VII,Private Equity,50,Yes,No,21.0,43
AC006020,2026-04-14,A0252,RM008,In-person Meeting,Core Infrastructure Income Fund III,Infrastructure,63,Yes,Yes,7.0,60
AC006021,2025-07-26,A0391,RM012,Intro Call,Growth Equity Partners III,Private Equity,44,Yes,No,11.0,42
AC006022,2025-06-16,A0270,RM012,Intro Call,Value-Add Real Estate Fund IV,Real Estate,52,Yes,No,7.0,26
AC006023,2025-10-04,A0008,RM010,Follow-up Call,Opportunistic Real Estate Fund VI,Real Estate,54,Yes,Yes,15.0,52
AC006024,2025-05-02,A0286,RM008,Due Diligence Meeting,Direct Lending Income Fund V,Private Credit,89,Yes,Yes,2.0,62
AC006025,2025-08-13,A0096,RM010,Product Education,Direct Lending Income Fund V,Private Credit,91,Yes,Yes,28.0,29
AC006026,2026-01-10,A0343,RM004,In-person Meeting,Global Infrastructure Partners IV,Infrastructure,76,Yes,Yes,22.0,61
AC006027,2026-03-22,A0150,RM006,Portfolio Review,Opportunistic Real Estate Fund VI,Real Estate,72,Yes,No,8.0,77
AC006028,2026-02-22,A0072,RM009,In-person Meeting,Opportunistic Credit Fund II,Private Credit,91,Yes,Yes,18.0,52
AC006029,2025-12-05,A0186,RM006,Due Diligence Meeting,Core Infrastructure Income Fund III,Infrastructure,89,Yes,Yes,14.0,62
AC006030,2026-03-20,A0096,RM010,Due Diligence Meeting,Core Infrastructure Income Fund III,Infrastructure,100,Yes,No,6.0,64
AC006031,2025-10-17,A0090,RM014,Intro Call,Senior Direct Lending Fund VI,Private Credit,56,Yes,No,2.0,14
AC006032,2025-08-08,A0230,RM001,Follow-up Call,Global Infrastructure Partners IV,Infrastructure,51,Yes,No,10.0,45
AC006033,2025-07-28,A0311,RM004,Follow-up Call,Global Infrastructure Partners IV,Infrastructure,74,No,No,,47
AC006034,2025-09-08,A0338,RM007,Webinar,Private Equity Buyout Fund VII,Private Equity,53,Yes,Yes,19.0,60
AC006035,2025-08-31,A0155,RM011,Due Diligence Meeting,Growth Equity Partners III,Private Equity,64,Yes,Yes,27.0,70
AC006036,2025-06-19,A0027,RM006,Follow-up Call,Direct Lending Income Fund V,Private Credit,73,Yes,Yes,10.0,39
AC006037,2025-12-08,A0193,RM004,Follow-up Call,Real Estate Income Fund II,Real Estate,66,No,No,,23
AC006038,2026-01-25,A0173,RM016,Intro Call,Senior Direct Lending Fund VI,Private Credit,49,Yes,No,18.0,33
AC006039,2025-08-02,A0071,RM003,Product Education,Private Equity Buyout Fund VII,Private Equity,66,Yes,No,23.0,41
AC006040,2025-07-27,A0358,RM012,Product Education,Opportunistic Real Estate Fund VI,Real Estate,81,No,No,,27
AC006041,2025-09-08,A0391,RM012,In-person Meeting,Private Equity Buyout Fund VII,Private Equity,69,No,No,,80
AC006042,2026-01-28,A0024,RM008,Intro Call,Opportunistic Credit Fund II,Private Credit,40,Yes,No,12.0,28
AC006043,2026-04-24,A0323,RM016,Follow-up Call,Core Infrastructure Income Fund III,Infrastructure,74,No,No,,12
AC006044,2026-03-21,A0260,RM001,Follow-up Call,Growth Equity Partners III,Private Equity,72,Yes,Yes,9.0,38
AC006045,2026-02-23,A0099,RM001,Portfolio Review,Core Infrastructure Income Fund III,Infrastructure,85,Yes,Yes,18.0,77
AC006046,2025-09-06,A0257,RM004,Intro Call,Private Equity Buyout Fund VII,Private Equity,72,Yes,Yes,5.0,26
AC006047,2025-11-12,A0046,RM009,Due Diligence Meeting,Opportunistic Real Estate Fund VI,Real Estate,70,Yes,Yes,26.0,41
AC006048,2025-10-05,A0029,RM002,Intro Call,Private Equity Buyout Fund VII,Private Equity,44,No,No,,44
AC006049,2025-09-11,A0399,RM006,Follow-up Call,Direct Lending Income Fund V,Private Credit,53,No,No,,30
AC006050,2026-02-21,A0257,RM004,Webinar,Global Infrastructure Partners IV,Infrastructure,58,Yes,Yes,15.0,36
AC006051,2026-02-05,A0096,RM010,Webinar,Senior Direct Lending Fund VI,Private Credit,65,Yes,Yes,18.0,60
AC006052,2025-11-30,A0181,RM003,Intro Call,Opportunistic Credit Fund II,Private Credit,32,Yes,Yes,26.0,49
AC006053,2025-08-17,A0382,RM010,Follow-up Call,Opportunistic Credit Fund II,Private Credit,83,Yes,Yes,2.0,46
AC006054,2025-12-31,A0175,RM007,Webinar,Opportunistic Credit Fund II,Private Credit,69,Yes,Yes,11.0,41
AC006055,2025-06-02,A0359,RM013,Product Education,Senior Direct Lending Fund VI,Private Credit,48,No,No,,28
AC006056,2025-09-07,A0345,RM016,In-person Meeting,Value-Add Real Estate Fund IV,Real Estate,66,No,No,,59
AC006057,2026-04-12,A0132,RM007,Follow-up Call,Core Infrastructure Income Fund III,Infrastructure,56,No,No,,55
AC006058,2025-10-20,A0281,RM009,Due Diligence Meeting,Core Infrastructure Income Fund III,Infrastructure,87,Yes,Yes,15.0,104
AC006059,2025-07-13,A0268,RM007,Product Education,Opportunistic Credit Fund II,Private Credit,46,No,No,,40
AC006060,2025-12-03,A0314,RM016,Webinar,Opportunistic Credit Fund II,Private Credit,38,Yes,Yes,8.0,32
AC006061,2026-04-06,A0142,RM013,Follow-up Call,Opportunistic Credit Fund II,Private Credit,65,No,No,,16
AC006062,2026-03-29,A0024,RM008,Follow-up Call,Growth Equity Partners III,Private Equity,54,No,No,,26
AC006063,2025-11-06,A0062,RM016,Portfolio Review,Opportunistic Credit Fund II,Private Credit,100,Yes,Yes,26.0,62
AC006064,2026-04-30,A0249,RM001,Intro Call,Real Estate Income Fund II,Real Estate,61,Yes,No,9.0,36
AC006065,2026-02-20,A0316,RM001,Webinar,Direct Lending Income Fund V,Private Credit,63,No,No,,54
AC006066,2025-07-01,A0307,RM014,Follow-up Call,Senior Direct Lending Fund VI,Private Credit,43,Yes,Yes,10.0,42
AC006067,2026-04-27,A0233,RM004,Intro Call,Opportunistic Credit Fund II,Private Credit,36,Yes,Yes,8.0,31
AC006068,2025-06-13,A0031,RM010,Follow-up Call,Growth Equity Partners III,Private Equity,69,No,No,,19
AC006069,2026-02-10,A0009,RM010,In-person Meeting,Value-Add Real Estate Fund IV,Real Estate,72,Yes,Yes,4.0,66
AC006070,2025-11-02,A0320,RM009,Webinar,Real Estate Income Fund II,Real Estate,58,Yes,Yes,3.0,56
AC006071,2026-02-04,A0220,RM015,Intro Call,Private Equity Buyout Fund VII,Private Equity,69,Yes,Yes,27.0,36
AC006072,2025-07-09,A0320,RM009,Follow-up Call,Global Infrastructure Partners IV,Infrastructure,50,No,No,,41
AC006073,2025-07-07,A0059,RM002,Follow-up Call,Global Infrastructure Partners IV,Infrastructure,31,No,No,,22
AC006074,2025-05-10,A0160,RM002,Intro Call,Real Estate Income Fund II,Real Estate,58,No,No,,45
AC006075,2025-12-03,A0369,RM011,Product Education,Value-Add Real Estate Fund IV,Real Estate,70,Yes,No,23.0,41
AC006076,2025-11-09,A0062,RM016,Follow-up Call,Private Equity Buyout Fund VII,Private Equity,71,Yes,Yes,21.0,31
AC006077,2025-10-01,A0026,RM011,Intro Call,Value-Add Real Estate Fund IV,Real Estate,46,No,No,,23
AC006078,2025-10-15,A0263,RM014,Follow-up Call,Core Infrastructure Income Fund III,Infrastructure,50,No,No,,30
AC006079,2025-12-19,A0238,RM015,In-person Meeting,Real Estate Income Fund II,Real Estate,76,No,No,,56
AC006080,2026-01-08,A0382,RM010,In-person Meeting,Private Equity Buyout Fund VII,Private Equity,91,Yes,No,24.0,49
AC006081,2026-01-04,A0362,RM014,Webinar,Real Estate Income Fund II,Real Estate,65,No,No,,55
AC006082,2026-04-09,A0305,RM007,Webinar,Direct Lending Income Fund V,Private Credit,41,No,No,,49
AC006083,2025-05-20,A0009,RM010,In-person Meeting,Value-Add Real Estate Fund IV,Real Estate,72,No,No,,90
AC006084,2025-11-12,A0192,RM004,Follow-up Call,Opportunistic Credit Fund II,Private Credit,98,Yes,Yes,23.0,42
AC006085,2026-03-04,A0358,RM012,Webinar,Opportunistic Credit Fund II,Private Credit,71,Yes,Yes,25.0,69
AC006086,2025-07-02,A0173,RM016,In-person Meeting,Global Infrastructure Partners IV,Infrastructure,51,Yes,Yes,15.0,47
AC006087,2025-09-05,A0387,RM006,Webinar,Core Infrastructure Income Fund III,Infrastructure,55,Yes,Yes,15.0,32
AC006088,2025-12-21,A0263,RM014,Follow-up Call,Growth Equity Partners III,Private Equity,40,Yes,Yes,23.0,18
AC006089,2025-10-30,A0038,RM012,Intro Call,Global Infrastructure Partners IV,Infrastructure,71,No,No,,49
AC006090,2025-12-23,A0202,RM002,Follow-up Call,Core Infrastructure Income Fund III,Infrastructure,77,Yes,No,26.0,29
AC006091,2025-08-06,A0281,RM009,Portfolio Review,Core Infrastructure Income Fund III,Infrastructure,68,No,No,,83
AC006092,2026-04-25,A0026,RM011,Portfolio Review,Opportunistic Credit Fund II,Private Credit,62,Yes,Yes,29.0,54
AC006093,2026-04-02,A0132,RM007,Follow-up Call,Opportunistic Credit Fund II,Private Credit,88,No,No,,44
AC006094,2026-02-25,A0292,RM016,Product Education,Opportunistic Real Estate Fund VI,Real Estate,80,Yes,Yes,18.0,42
AC006095,2026-04-11,A0057,RM015,Product Education,Real Estate Income Fund II,Real Estate,51,Yes,No,12.0,43
AC006096,2025-10-31,A0134,RM006,Intro Call,Core Infrastructure Income Fund III,Infrastructure,41,No,No,,35
AC006097,2026-01-10,A0279,RM008,Due Diligence Meeting,Real Estate Income Fund II,Real Estate,71,No,No,,76
AC006098,2025-12-13,A0316,RM001,Webinar,Real Estate Income Fund II,Real Estate,48,No,No,,49
AC006099,2026-01-21,A0204,RM004,Due Diligence Meeting,Senior Direct Lending Fund VI,Private Credit,57,Yes,No,2.0,80
AC006100,2025-08-30,A0384,RM006,Follow-up Call,Global Infrastructure Partners IV,Infrastructure,54,Yes,Yes,6.0,35
AC006101,2025-05-07,A0371,RM009,Webinar,Global Infrastructure Partners IV,Infrastructure,42,Yes,No,8.0,61
AC006102,2025-05-17,A0188,RM004,In-person Meeting,Core Infrastructure Income Fund III,Infrastructure,82,Yes,Yes,24.0,61
AC006103,2026-04-13,A0058,RM007,In-person Meeting,Core Infrastructure Income Fund III,Infrastructure,92,Yes,Yes,22.0,81
AC006104,2026-04-16,A0315,RM016,Intro Call,Real Estate Income Fund II,Real Estate,38,No,No,,37
AC006105,2026-04-20,A0093,RM012,Due Diligence Meeting,Senior Direct Lending Fund VI,Private Credit,66,Yes,No,28.0,72
AC006106,2025-10-19,A0341,RM002,In-person Meeting,Value-Add Real Estate Fund IV,Real Estate,84,Yes,No,15.0,57
AC006107,2026-04-15,A0236,RM006,Follow-up Call,Global Infrastructure Partners IV,Infrastructure,62,Yes,Yes,29.0,32
AC006108,2025-10-19,A0154,RM002,Portfolio Review,Real Estate Income Fund II,Real Estate,69,Yes,Yes,21.0,86
AC006109,2025-07-24,A0224,RM009,Follow-up Call,Opportunistic Credit Fund II,Private Credit,66,Yes,Yes,25.0,22
AC006110,2025-12-10,A0211,RM006,Follow-up Call,Opportunistic Credit Fund II,Private Credit,86,Yes,No,10.0,55
AC006111,2026-01-02,A0371,RM009,In-person Meeting,Global Infrastructure Partners IV,Infrastructure,47,Yes,Yes,26.0,80
AC006112,2025-08-26,A0078,RM016,Follow-up Call,Value-Add Real Estate Fund IV,Real Estate,74,Yes,Yes,21.0,45
AC006113,2025-10-21,A0372,RM002,Webinar,Real Estate Income Fund II,Real Estate,48,No,No,,46
AC006114,2025-10-11,A0017,RM002,Product Education,Private Equity Buyout Fund VII,Private Equity,48,Yes,Yes,4.0,47
AC006115,2026-01-08,A0313,RM013,Follow-up Call,Private Equity Buyout Fund VII,Private Equity,84,Yes,Yes,19.0,40
AC006116,2025-06-07,A0369,RM011,Due Diligence Meeting,Senior Direct Lending Fund VI,Private Credit,80,No,No,,83
AC006117,2025-08-17,A0154,RM002,Portfolio Review,Opportunistic Real Estate Fund VI,Real Estate,69,Yes,Yes,12.0,96
AC006118,2025-05-19,A0029,RM002,Follow-up Call,Opportunistic Credit Fund II,Private Credit,77,Yes,No,20.0,32
AC006119,2026-04-11,A0326,RM014,In-person Meeting,Real Estate Income Fund II,Real Estate,51,No,No,,91
AC006120,2026-01-06,A0341,RM002,In-person Meeting,Global Infrastructure Partners IV,Infrastructure,81,Yes,Yes,26.0,62
AC006121,2025-07-14,A0127,RM014,Webinar,Opportunistic Credit Fund II,Private Credit,70,No,No,,39
AC006122,2025-09-27,A0204,RM004,Intro Call,Opportunistic Credit Fund II,Private Credit,36,No,No,,33
AC006123,2025-09-03,A0327,RM004,Webinar,Private Equity Buyout Fund VII,Private Equity,70,Yes,No,24.0,46
AC006124,2025-06-05,A0071,RM003,Intro Call,Value-Add Real Estate Fund IV,Real Estate,47,Yes,Yes,8.0,22
AC006125,2025-09-11,A0254,RM002,In-person Meeting,Real Estate Income Fund II,Real Estate,63,Yes,No,15.0,76
AC006126,2026-02-02,A0173,RM016,Webinar,Private Equity Buyout Fund VII,Private Equity,37,No,No,,34
AC006127,2025-05-29,A0062,RM016,Due Diligence Meeting,Global Infrastructure Partners IV,Infrastructure,99,Yes,Yes,27.0,50
AC006128,2026-04-13,A0337,RM002,Intro Call,Growth Equity Partners III,Private Equity,67,Yes,No,18.0,17
AC006129,2025-07-02,A0123,RM004,In-person Meeting,Senior Direct Lending Fund VI,Private Credit,73,Yes,Yes,13.0,114
AC006130,2025-07-17,A0374,RM009,Follow-up Call,Global Infrastructure Partners IV,Infrastructure,70,Yes,No,9.0,39
AC006131,2025-12-26,A0229,RM002,Product Education,Private Equity Buyout Fund VII,Private Equity,51,Yes,Yes,21.0,25
AC006132,2025-11-04,A0203,RM006,Webinar,Global Infrastructure Partners IV,Infrastructure,46,No,No,,47
AC006133,2025-08-21,A0170,RM012,Product Education,Growth Equity Partners III,Private Equity,59,No,No,,32
AC006134,2025-05-25,A0157,RM016,Due Diligence Meeting,Senior Direct Lending Fund VI,Private Credit,76,Yes,Yes,16.0,87
AC006135,2025-09-29,A0333,RM006,Webinar,Value-Add Real Estate Fund IV,Real Estate,47,No,No,,66
AC006136,2025-07-10,A0276,RM005,Intro Call,Senior Direct Lending Fund VI,Private Credit,70,Yes,Yes,16.0,30
AC006137,2026-03-04,A0316,RM001,Portfolio Review,Core Infrastructure Income Fund III,Infrastructure,73,Yes,Yes,28.0,61
AC006138,2025-10-24,A0168,RM013,In-person Meeting,Value-Add Real Estate Fund IV,Real Estate,71,Yes,Yes,13.0,103
AC006139,2025-11-14,A0099,RM001,Product Education,Value-Add Real Estate Fund IV,Real Estate,86,No,No,,22
AC006140,2025-12-23,A0032,RM001,Webinar,Value-Add Real Estate Fund IV,Real Estate,61,Yes,No,14.0,40
AC006141,2025-08-07,A0317,RM011,Webinar,Opportunistic Real Estate Fund VI,Real Estate,76,Yes,Yes,8.0,45
AC006142,2025-12-03,A0165,RM011,Follow-up Call,Real Estate Income Fund II,Real Estate,79,Yes,Yes,13.0,51
AC006143,2025-08-13,A0202,RM002,Product Education,Opportunistic Credit Fund II,Private Credit,72,No,No,,46
AC006144,2025-12-12,A0186,RM006,In-person Meeting,Value-Add Real Estate Fund IV,Real Estate,95,No,No,,68
AC006145,2025-07-27,A0173,RM016,Webinar,Private Equity Buyout Fund VII,Private Equity,29,Yes,Yes,18.0,44
AC006146,2025-12-07,A0277,RM006,Follow-up Call,Core Infrastructure Income Fund III,Infrastructure,62,No,No,,38
AC006147,2026-02-21,A0245,RM010,Follow-up Call,Private Equity Buyout Fund VII,Private Equity,81,Yes,Yes,24.0,45
AC006148,2025-11-19,A0391,RM012,Webinar,Opportunistic Credit Fund II,Private Credit,37,Yes,Yes,14.0,47
AC006149,2026-03-08,A0049,RM011,Follow-up Call,Core Infrastructure Income Fund III,Infrastructure,51,Yes,No,26.0,54
AC006150,2025-10-11,A0230,RM001,Due Diligence Meeting,Opportunistic Real Estate Fund VI,Real Estate,70,No,No,,73
AC006151,2025-06-04,A0026,RM011,Webinar,Private Equity Buyout Fund VII,Private Equity,52,Yes,Yes,16.0,54
AC006152,2025-07-20,A0327,RM004,Product Education,Growth Equity Partners III,Private Equity,86,Yes,No,9.0,27
AC006153,2025-05-13,A0249,RM001,Intro Call,Real Estate Income Fund II,Real Estate,72,Yes,No,27.0,20
AC006154,2025-07-12,A0172,RM009,Due Diligence Meeting,Core Infrastructure Income Fund III,Infrastructure,70,Yes,Yes,16.0,35
AC006155,2026-04-05,A0326,RM014,Follow-up Call,Value-Add Real Estate Fund IV,Real Estate,46,No,No,,25
AC006156,2025-09-06,A0183,RM014,Due Diligence Meeting,Real Estate Income Fund II,Real Estate,67,Yes,No,9.0,63
AC006157,2025-07-22,A0087,RM013,Follow-up Call,Real Estate Income Fund II,Real Estate,59,Yes,Yes,29.0,31
AC006158,2025-06-30,A0188,RM004,In-person Meeting,Private Equity Buyout Fund VII,Private Equity,81,Yes,Yes,7.0,67
AC006159,2025-08-21,A0029,RM002,Intro Call,Real Estate Income Fund II,Real Estate,68,Yes,Yes,7.0,52
AC006160,2025-12-13,A0359,RM013,Due Diligence Meeting,Core Infrastructure Income Fund III,Infrastructure,51,Yes,No,21.0,52
AC006161,2025-07-01,A0296,RM001,Product Education,Direct Lending Income Fund V,Private Credit,55,Yes,No,13.0,38
AC006162,2025-08-27,A0309,RM008,Portfolio Review,Real Estate Income Fund II,Real Estate,61,Yes,Yes,13.0,65
AC006163,2025-05-26,A0347,RM003,Follow-up Call,Growth Equity Partners III,Private Equity,56,Yes,Yes,28.0,50
AC006164,2025-05-09,A0323,RM016,Due Diligence Meeting,Real Estate Income Fund II,Real Estate,85,Yes,Yes,10.0,84
AC006165,2026-01-16,A0173,RM016,In-person Meeting,Real Estate Income Fund II,Real Estate,59,Yes,Yes,7.0,71
AC006166,2026-02-20,A0043,RM003,Portfolio Review,Direct Lending Income Fund V,Private Credit,68,Yes,Yes,28.0,69
AC006167,2026-03-21,A0145,RM006,In-person Meeting,Senior Direct Lending Fund VI,Private Credit,66,Yes,Yes,10.0,88
AC006168,2025-12-22,A0373,RM005,Portfolio Review,Senior Direct Lending Fund VI,Private Credit,55,Yes,No,10.0,68
AC006169,2025-07-27,A0382,RM010,Intro Call,Private Equity Buyout Fund VII,Private Equity,74,Yes,Yes,17.0,21
AC006170,2026-01-14,A0311,RM004,Portfolio Review,Opportunistic Credit Fund II,Private Credit,77,Yes,Yes,9.0,47
AC006171,2025-07-14,A0074,RM008,Product Education,Core Infrastructure Income Fund III,Infrastructure,72,Yes,Yes,5.0,40
AC006172,2025-08-23,A0071,RM003,Due Diligence Meeting,Global Infrastructure Partners IV,Infrastructure,74,Yes,Yes,23.0,88
AC006173,2026-04-10,A0349,RM014,Intro Call,Private Equity Buyout Fund VII,Private Equity,70,No,No,,28
AC006174,2026-02-25,A0050,RM015,Due Diligence Meeting,Senior Direct Lending Fund VI,Private Credit,63,No,No,,72
AC006175,2026-04-10,A0234,RM008,Intro Call,Direct Lending Income Fund V,Private Credit,57,Yes,No,26.0,30
AC006176,2025-12-14,A0147,RM016,Product Education,Value-Add Real Estate Fund IV,Real Estate,55,Yes,No,19.0,35
AC006177,2026-03-23,A0115,RM012,Follow-up Call,Value-Add Real Estate Fund IV,Real Estate,79,Yes,Yes,27.0,44
AC006178,2025-09-06,A0276,RM005,Portfolio Review,Opportunistic Credit Fund II,Private Credit,79,Yes,Yes,15.0,68
AC006179,2025-06-23,A0386,RM003,Webinar,Senior Direct Lending Fund VI,Private Credit,62,Yes,Yes,11.0,39
AC006180,2025-10-20,A0317,RM011,Webinar,Senior Direct Lending Fund VI,Private Credit,59,Yes,No,10.0,47
AC006181,2025-08-19,A0194,RM002,In-person Meeting,Global Infrastructure Partners IV,Infrastructure,89,Yes,No,28.0,75
AC006182,2025-08-17,A0175,RM007,Webinar,Core Infrastructure Income Fund III,Infrastructure,55,Yes,No,22.0,44
AC006183,2026-02-04,A0363,RM012,Product Education,Opportunistic Real Estate Fund VI,Real Estate,84,Yes,Yes,17.0,47
AC006184,2026-04-07,A0232,RM012,Intro Call,Growth Equity Partners III,Private Equity,22,No,No,,46
AC006185,2026-01-19,A0198,RM014,Portfolio Review,Opportunistic Real Estate Fund VI,Real Estate,70,Yes,Yes,20.0,76
AC006186,2026-02-16,A0276,RM005,Product Education,Growth Equity Partners III,Private Equity,83,Yes,Yes,14.0,39
AC006187,2025-10-10,A0091,RM009,Webinar,Senior Direct Lending Fund VI,Private Credit,69,Yes,Yes,16.0,34
AC006188,2025-07-02,A0026,RM011,Intro Call,Private Equity Buyout Fund VII,Private Equity,46,Yes,Yes,4.0,49
AC006189,2025-05-16,A0343,RM004,Portfolio Review,Opportunistic Real Estate Fund VI,Real Estate,85,Yes,Yes,2.0,85
AC006190,2025-08-22,A0245,RM010,Follow-up Call,Growth Equity Partners III,Private Equity,73,Yes,Yes,8.0,38
AC006191,2026-03-07,A0060,RM006,Webinar,Senior Direct Lending Fund VI,Private Credit,53,No,No,,54
AC006192,2025-12-01,A0113,RM003,Due Diligence Meeting,Global Infrastructure Partners IV,Infrastructure,84,Yes,Yes,19.0,61
AC006193,2026-04-05,A0398,RM007,Intro Call,Private Equity Buyout Fund VII,Private Equity,88,No,No,,31
AC006194,2025-11-06,A0256,RM015,Portfolio Review,Senior Direct Lending Fund VI,Private Credit,50,Yes,Yes,23.0,78
AC006195,2025-11-30,A0257,RM004,Due Diligence Meeting,Senior Direct Lending Fund VI,Private Credit,93,No,No,,90
AC006196,2026-01-11,A0029,RM002,Intro Call,Value-Add Real Estate Fund IV,Real Estate,62,Yes,Yes,17.0,43
AC006197,2026-01-02,A0389,RM004,Follow-up Call,Real Estate Income Fund II,Real Estate,44,Yes,Yes,23.0,25
AC006198,2026-04-12,A0356,RM002,Intro Call,Direct Lending Income Fund V,Private Credit,57,Yes,Yes,10.0,37
AC006199,2025-10-01,A0220,RM015,Webinar,Growth Equity Partners III,Private Equity,59,No,No,,74
AC006200,2025-08-04,A0117,RM010,Webinar,Value-Add Real Estate Fund IV,Real Estate,39,No,No,,54
AC006201,2025-07-18,A0283,RM010,Webinar,Private Equity Buyout Fund VII,Private Equity,52,No,No,,59
AC006202,2025-05-12,A0337,RM002,Follow-up Call,Growth Equity Partners III,Private Equity,71,Yes,Yes,6.0,41
AC006203,2025-06-13,A0322,RM006,Due Diligence Meeting,Core Infrastructure Income Fund III,Infrastructure,75,No,No,,62
AC006204,2026-04-05,A0395,RM002,Intro Call,Opportunistic Real Estate Fund VI,Real Estate,42,Yes,Yes,29.0,48
AC006205,2025-11-24,A0257,RM004,Webinar,Direct Lending Income Fund V,Private Credit,60,Yes,Yes,10.0,53
AC006206,2025-12-16,A0121,RM010,Follow-up Call,Private Equity Buyout Fund VII,Private Equity,77,Yes,Yes,29.0,42
AC006207,2025-12-28,A0199,RM014,Due Diligence Meeting,Value-Add Real Estate Fund IV,Real Estate,86,Yes,Yes,24.0,64
AC006208,2026-04-07,A0332,RM001,Due Diligence Meeting,Direct Lending Income Fund V,Private Credit,86,Yes,Yes,10.0,68
AC006209,2025-11-03,A0100,RM006,Webinar,Private Equity Buyout Fund VII,Private Equity,61,Yes,Yes,28.0,75
AC006210,2025-06-30,A0088,RM014,Due Diligence Meeting,Core Infrastructure Income Fund III,Infrastructure,57,Yes,No,2.0,111
AC006211,2025-08-20,A0294,RM012,Webinar,Global Infrastructure Partners IV,Infrastructure,54,No,No,,60
AC006212,2026-01-20,A0179,RM015,Intro Call,Direct Lending Income Fund V,Private Credit,46,No,No,,37
AC006213,2025-09-01,A0333,RM006,Follow-up Call,Global Infrastructure Partners IV,Infrastructure,26,No,No,,24
AC006214,2025-08-11,A0051,RM010,Intro Call,Opportunistic Credit Fund II,Private Credit,54,Yes,No,3.0,50
AC006215,2026-01-09,A0127,RM014,Webinar,Private Equity Buyout Fund VII,Private Equity,58,Yes,Yes,15.0,44
AC006216,2026-02-27,A0102,RM002,In-person Meeting,Core Infrastructure Income Fund III,Infrastructure,67,Yes,Yes,8.0,79
AC006217,2025-06-29,A0283,RM010,Intro Call,Value-Add Real Estate Fund IV,Real Estate,65,Yes,Yes,3.0,28
AC006218,2025-10-23,A0308,RM003,Intro Call,Senior Direct Lending Fund VI,Private Credit,31,Yes,No,3.0,34
AC006219,2025-10-16,A0183,RM014,Intro Call,Global Infrastructure Partners IV,Infrastructure,57,No,No,,39
AC006220,2025-08-09,A0191,RM014,Due Diligence Meeting,Growth Equity Partners III,Private Equity,57,No,No,,60
AC006221,2025-08-29,A0046,RM009,Product Education,Growth Equity Partners III,Private Equity,58,Yes,Yes,15.0,34
AC006222,2025-06-16,A0285,RM011,Intro Call,Global Infrastructure Partners IV,Infrastructure,53,Yes,No,25.0,14
AC006223,2025-10-22,A0399,RM006,Intro Call,Core Infrastructure Income Fund III,Infrastructure,41,Yes,Yes,16.0,30
AC006224,2025-08-26,A0317,RM011,Portfolio Review,Private Equity Buyout Fund VII,Private Equity,82,No,No,,75
AC006225,2025-06-05,A0083,RM012,Webinar,Opportunistic Credit Fund II,Private Credit,62,No,No,,46
AC006226,2025-06-13,A0251,RM007,Webinar,Senior Direct Lending Fund VI,Private Credit,39,Yes,Yes,19.0,40
AC006227,2025-07-07,A0111,RM006,Portfolio Review,Private Equity Buyout Fund VII,Private Equity,44,No,No,,52
AC006228,2026-03-30,A0017,RM002,In-person Meeting,Global Infrastructure Partners IV,Infrastructure,72,Yes,Yes,21.0,65
AC006229,2025-09-09,A0064,RM011,Webinar,Global Infrastructure Partners IV,Infrastructure,50,No,No,,55
AC006230,2025-07-11,A0036,RM008,Webinar,Core Infrastructure Income Fund III,Infrastructure,40,Yes,No,14.0,40
AC006231,2026-04-04,A0071,RM003,In-person Meeting,Core Infrastructure Income Fund III,Infrastructure,76,No,No,,64
AC006232,2026-01-01,A0323,RM016,Portfolio Review,Senior Direct Lending Fund VI,Private Credit,77,Yes,No,2.0,58
AC006233,2026-02-11,A0110,RM003,Webinar,Value-Add Real Estate Fund IV,Real Estate,56,No,No,,66
AC006234,2025-05-11,A0307,RM014,Intro Call,Opportunistic Real Estate Fund VI,Real Estate,55,No,No,,32
AC006235,2025-11-21,A0382,RM010,Webinar,Real Estate Income Fund II,Real Estate,77,Yes,Yes,27.0,54
AC006236,2025-10-01,A0231,RM003,Webinar,Real Estate Income Fund II,Real Estate,43,No,No,,74
AC006237,2025-05-17,A0193,RM004,Portfolio Review,Core Infrastructure Income Fund III,Infrastructure,91,Yes,Yes,22.0,69
AC006238,2025-08-29,A0305,RM007,In-person Meeting,Opportunistic Real Estate Fund VI,Real Estate,81,Yes,Yes,18.0,72
AC006239,2026-01-20,A0034,RM014,Product Education,Direct Lending Income Fund V,Private Credit,54,Yes,Yes,12.0,37
AC006240,2026-02-11,A0172,RM009,Due Diligence Meeting,Direct Lending Income Fund V,Private Credit,71,Yes,Yes,12.0,88
AC006241,2025-05-13,A0199,RM014,Intro Call,Opportunistic Credit Fund II,Private Credit,48,No,No,,40
AC006242,2025-06-18,A0336,RM005,Follow-up Call,Growth Equity Partners III,Private Equity,54,No,No,,10
AC006243,2025-12-15,A0331,RM013,Due Diligence Meeting,Direct Lending Income Fund V,Private Credit,75,Yes,Yes,28.0,81
AC006244,2026-01-24,A0341,RM002,Portfolio Review,Opportunistic Credit Fund II,Private Credit,64,Yes,Yes,19.0,97
AC006245,2025-06-21,A0283,RM010,Intro Call,Opportunistic Credit Fund II,Private Credit,63,Yes,Yes,10.0,26
AC006246,2025-10-31,A0211,RM006,Follow-up Call,Value-Add Real Estate Fund IV,Real Estate,83,Yes,Yes,29.0,24
AC006247,2026-02-21,A0335,RM006,In-person Meeting,Global Infrastructure Partners IV,Infrastructure,69,Yes,Yes,23.0,88
AC006248,2025-07-27,A0347,RM003,Intro Call,Core Infrastructure Income Fund III,Infrastructure,68,No,No,,27
AC006249,2025-08-20,A0192,RM004,Follow-up Call,Senior Direct Lending Fund VI,Private Credit,74,Yes,Yes,3.0,29
AC006250,2025-07-26,A0398,RM007,Intro Call,Value-Add Real Estate Fund IV,Real Estate,79,Yes,Yes,11.0,43
AC006251,2025-12-05,A0347,RM003,Intro Call,Direct Lending Income Fund V,Private Credit,34,No,No,,45
AC006252,2026-03-23,A0203,RM006,In-person Meeting,Opportunistic Real Estate Fund VI,Real Estate,75,Yes,No,20.0,65
AC006253,2025-06-10,A0029,RM002,Follow-up Call,Growth Equity Partners III,Private Equity,52,No,No,,31
AC006254,2025-11-01,A0085,RM002,Intro Call,Real Estate Income Fund II,Real Estate,53,No,No,,49
AC006255,2026-01-08,A0317,RM011,Follow-up Call,Private Equity Buyout Fund VII,Private Equity,56,Yes,Yes,23.0,50
AC006256,2025-07-23,A0039,RM001,Intro Call,Global Infrastructure Partners IV,Infrastructure,75,No,No,,10
AC006257,2026-02-11,A0186,RM006,Follow-up Call,Growth Equity Partners III,Private Equity,71,Yes,Yes,28.0,23
AC006258,2025-06-12,A0242,RM015,Product Education,Senior Direct Lending Fund VI,Private Credit,73,Yes,No,14.0,40
AC006259,2025-09-25,A0349,RM014,Due Diligence Meeting,Growth Equity Partners III,Private Equity,100,Yes,Yes,11.0,79
AC006260,2025-11-15,A0341,RM002,In-person Meeting,Real Estate Income Fund II,Real Estate,74,Yes,Yes,2.0,86
AC006261,2025-10-12,A0310,RM010,Due Diligence Meeting,Growth Equity Partners III,Private Equity,68,Yes,Yes,13.0,91
AC006262,2025-08-24,A0160,RM002,Intro Call,Global Infrastructure Partners IV,Infrastructure,49,Yes,Yes,9.0,38
AC006263,2025-06-13,A0050,RM015,Due Diligence Meeting,Growth Equity Partners III,Private Equity,80,Yes,No,24.0,37
AC006264,2026-04-07,A0273,RM012,Follow-up Call,Private Equity Buyout Fund VII,Private Equity,56,Yes,Yes,11.0,36
AC006265,2025-05-22,A0065,RM005,Follow-up Call,Private Equity Buyout Fund VII,Private Equity,84,Yes,Yes,19.0,30
AC006266,2026-04-01,A0226,RM006,Intro Call,Global Infrastructure Partners IV,Infrastructure,68,Yes,Yes,7.0,45
AC006267,2025-09-19,A0396,RM016,In-person Meeting,Growth Equity Partners III,Private Equity,54,No,No,,59
AC006268,2026-02-02,A0220,RM015,Webinar,Opportunistic Credit Fund II,Private Credit,62,No,No,,39
AC006269,2025-07-21,A0260,RM001,Due Diligence Meeting,Real Estate Income Fund II,Real Estate,100,Yes,Yes,20.0,72
AC006270,2025-05-25,A0276,RM005,In-person Meeting,Direct Lending Income Fund V,Private Credit,85,Yes,No,26.0,84
AC006271,2026-02-04,A0336,RM005,Follow-up Call,Value-Add Real Estate Fund IV,Real Estate,59,No,No,,41
AC006272,2026-04-08,A0174,RM016,Product Education,Growth Equity Partners III,Private Equity,66,No,No,,29
AC006273,2026-04-14,A0198,RM014,Due Diligence Meeting,Private Equity Buyout Fund VII,Private Equity,96,No,No,,73
AC006274,2025-08-25,A0063,RM016,Product Education,Core Infrastructure Income Fund III,Infrastructure,55,Yes,Yes,5.0,31
AC006275,2025-08-07,A0249,RM001,In-person Meeting,Growth Equity Partners III,Private Equity,84,Yes,Yes,16.0,75
AC006276,2025-08-03,A0112,RM013,Portfolio Review,Senior Direct Lending Fund VI,Private Credit,81,No,No,,61
AC006277,2025-06-09,A0201,RM008,Due Diligence Meeting,Opportunistic Real Estate Fund VI,Real Estate,100,Yes,Yes,15.0,86
AC006278,2025-08-26,A0311,RM004,Intro Call,Growth Equity Partners III,Private Equity,72,Yes,No,9.0,35
AC006279,2025-09-23,A0009,RM010,Intro Call,Value-Add Real Estate Fund IV,Real Estate,76,Yes,Yes,12.0,28
AC006280,2025-09-21,A0227,RM015,Follow-up Call,Real Estate Income Fund II,Real Estate,43,Yes,Yes,22.0,29
AC006281,2026-04-19,A0062,RM016,Webinar,Senior Direct Lending Fund VI,Private Credit,79,Yes,No,26.0,47
AC006282,2025-06-14,A0106,RM001,Portfolio Review,Global Infrastructure Partners IV,Infrastructure,63,No,No,,76
AC006283,2025-07-26,A0017,RM002,Follow-up Call,Real Estate Income Fund II,Real Estate,53,Yes,No,27.0,42
AC006284,2025-05-09,A0062,RM016,Due Diligence Meeting,Value-Add Real Estate Fund IV,Real Estate,93,No,No,,100
AC006285,2026-04-24,A0398,RM007,Product Education,Opportunistic Credit Fund II,Private Credit,86,Yes,Yes,20.0,37
AC006286,2026-01-12,A0400,RM006,Due Diligence Meeting,Direct Lending Income Fund V,Private Credit,100,Yes,Yes,18.0,81
AC006287,2026-02-20,A0293,RM001,Intro Call,Senior Direct Lending Fund VI,Private Credit,42,Yes,Yes,21.0,28
AC006288,2025-11-27,A0247,RM013,Follow-up Call,Global Infrastructure Partners IV,Infrastructure,32,No,No,,39
AC006289,2025-08-01,A0317,RM011,In-person Meeting,Value-Add Real Estate Fund IV,Real Estate,76,Yes,Yes,17.0,97
AC006290,2025-07-22,A0358,RM012,In-person Meeting,Growth Equity Partners III,Private Equity,77,Yes,Yes,3.0,37
AC006291,2025-10-13,A0204,RM004,Follow-up Call,Senior Direct Lending Fund VI,Private Credit,38,Yes,No,18.0,46
AC006292,2026-04-23,A0017,RM002,Intro Call,Opportunistic Real Estate Fund VI,Real Estate,33,Yes,No,24.0,33
AC006293,2025-11-18,A0288,RM015,In-person Meeting,Growth Equity Partners III,Private Equity,61,Yes,Yes,27.0,58
AC006294,2025-05-12,A0397,RM013,Follow-up Call,Direct Lending Income Fund V,Private Credit,39,Yes,Yes,2.0,49
AC006295,2025-05-15,A0097,RM009,Follow-up Call,Real Estate Income Fund II,Real Estate,59,No,No,,36
AC006296,2026-03-20,A0186,RM006,Webinar,Core Infrastructure Income Fund III,Infrastructure,66,No,No,,70
AC006297,2025-07-18,A0142,RM013,Follow-up Call,Real Estate Income Fund II,Real Estate,61,Yes,Yes,23.0,44
AC006298,2025-12-23,A0151,RM003,Follow-up Call,Private Equity Buyout Fund VII,Private Equity,64,Yes,Yes,22.0,49
AC006299,2025-10-14,A0294,RM012,Portfolio Review,Private Equity Buyout Fund VII,Private Equity,53,No,No,,59
AC006300,2025-07-23,A0147,RM016,Portfolio Review,Opportunistic Credit Fund II,Private Credit,57,Yes,No,23.0,106
AC006301,2026-01-28,A0377,RM013,Follow-up Call,Core Infrastructure Income Fund III,Infrastructure,44,No,No,,35
AC006302,2025-10-06,A0323,RM016,Intro Call,Senior Direct Lending Fund VI,Private Credit,67,No,No,,49
AC006303,2026-02-05,A0015,RM005,Product Education,Core Infrastructure Income Fund III,Infrastructure,83,Yes,Yes,21.0,27
AC006304,2026-02-08,A0333,RM006,Due Diligence Meeting,Private Equity Buyout Fund VII,Private Equity,57,Yes,Yes,11.0,73
AC006305,2025-07-11,A0315,RM016,Webinar,Value-Add Real Estate Fund IV,Real Estate,41,Yes,No,5.0,51
AC006306,2025-09-13,A0204,RM004,Portfolio Review,Senior Direct Lending Fund VI,Private Credit,50,No,No,,69
AC006307,2026-02-02,A0198,RM014,In-person Meeting,Core Infrastructure Income Fund III,Infrastructure,86,No,No,,75
AC006308,2025-08-11,A0339,RM004,Product Education,Opportunistic Credit Fund II,Private Credit,56,Yes,Yes,23.0,26
AC006309,2025-09-11,A0171,RM016,Intro Call,Direct Lending Income Fund V,Private Credit,59,No,No,,28
AC006310,2025-09-10,A0058,RM007,Follow-up Call,Senior Direct Lending Fund VI,Private Credit,61,Yes,No,24.0,32
AC006311,2025-08-01,A0118,RM013,In-person Meeting,Value-Add Real Estate Fund IV,Real Estate,61,No,No,,102
AC006312,2025-10-30,A0100,RM006,Follow-up Call,Value-Add Real Estate Fund IV,Real Estate,48,Yes,No,17.0,15
AC006313,2025-08-07,A0276,RM005,Product Education,Value-Add Real Estate Fund IV,Real Estate,89,Yes,No,25.0,37
AC006314,2025-11-13,A0064,RM011,Webinar,Growth Equity Partners III,Private Equity,62,Yes,Yes,23.0,67
AC006315,2025-11-16,A0260,RM001,Product Education,Opportunistic Real Estate Fund VI,Real Estate,68,No,No,,37
AC006316,2025-10-21,A0186,RM006,Due Diligence Meeting,Opportunistic Real Estate Fund VI,Real Estate,77,Yes,Yes,6.0,79
AC006317,2025-05-29,A0340,RM016,Intro Call,Growth Equity Partners III,Private Equity,42,Yes,No,29.0,29
AC006318,2025-07-14,A0193,RM004,Intro Call,Global Infrastructure Partners IV,Infrastructure,62,No,No,,28
AC006319,2025-11-21,A0373,RM005,In-person Meeting,Growth Equity Partners III,Private Equity,72,No,No,,75
AC006320,2026-01-14,A0359,RM013,In-person Meeting,Global Infrastructure Partners IV,Infrastructure,38,Yes,No,22.0,51
AC006321,2025-05-03,A0068,RM004,Intro Call,Opportunistic Real Estate Fund VI,Real Estate,37,No,No,,34
AC006322,2025-06-27,A0278,RM011,Due Diligence Meeting,Global Infrastructure Partners IV,Infrastructure,77,Yes,Yes,17.0,63
AC006323,2026-02-19,A0078,RM016,Product Education,Growth Equity Partners III,Private Equity,83,Yes,Yes,12.0,35
AC006324,2025-06-18,A0333,RM006,Intro Call,Global Infrastructure Partners IV,Infrastructure,37,No,No,,22
AC006325,2026-03-03,A0257,RM004,Intro Call,Opportunistic Real Estate Fund VI,Real Estate,37,No,No,,30
AC006326,2025-05-06,A0111,RM006,Follow-up Call,Growth Equity Partners III,Private Equity,48,No,No,,10
AC006327,2025-07-09,A0095,RM003,Product Education,Opportunistic Real Estate Fund VI,Real Estate,91,No,No,,29
AC006328,2025-07-28,A0173,RM016,Product Education,Global Infrastructure Partners IV,Infrastructure,73,Yes,Yes,7.0,42
AC006329,2025-07-06,A0326,RM014,Webinar,Senior Direct Lending Fund VI,Private Credit,41,No,No,,53
AC006330,2025-06-09,A0324,RM008,Portfolio Review,Growth Equity Partners III,Private Equity,81,No,No,,99
AC006331,2025-05-20,A0017,RM002,Webinar,Opportunistic Real Estate Fund VI,Real Estate,40,No,No,,40
AC006332,2025-11-04,A0115,RM012,Due Diligence Meeting,Value-Add Real Estate Fund IV,Real Estate,94,Yes,Yes,16.0,59
AC006333,2025-05-03,A0170,RM012,Webinar,Opportunistic Credit Fund II,Private Credit,78,Yes,Yes,10.0,44
AC006334,2025-05-07,A0234,RM008,Due Diligence Meeting,Private Equity Buyout Fund VII,Private Equity,82,Yes,Yes,17.0,75
AC006335,2026-03-19,A0054,RM003,Intro Call,Senior Direct Lending Fund VI,Private Credit,63,No,No,,38
AC006336,2026-01-31,A0127,RM014,Product Education,Global Infrastructure Partners IV,Infrastructure,62,No,No,,41
AC006337,2025-10-20,A0351,RM007,In-person Meeting,Opportunistic Real Estate Fund VI,Real Estate,69,No,No,,59
AC006338,2026-04-22,A0190,RM009,Intro Call,Opportunistic Credit Fund II,Private Credit,57,Yes,Yes,26.0,32
AC006339,2026-02-26,A0303,RM014,Due Diligence Meeting,Direct Lending Income Fund V,Private Credit,99,Yes,No,27.0,73
AC006340,2026-02-28,A0193,RM004,Follow-up Call,Value-Add Real Estate Fund IV,Real Estate,65,Yes,No,18.0,51
AC006341,2026-02-08,A0186,RM006,Follow-up Call,Growth Equity Partners III,Private Equity,68,No,No,,36
AC006342,2025-06-01,A0250,RM010,Follow-up Call,Real Estate Income Fund II,Real Estate,62,Yes,Yes,19.0,55
AC006343,2025-12-11,A0098,RM009,Webinar,Global Infrastructure Partners IV,Infrastructure,61,Yes,Yes,6.0,58
AC006344,2026-03-10,A0095,RM003,Portfolio Review,Direct Lending Income Fund V,Private Credit,89,Yes,Yes,18.0,53
AC006345,2026-02-26,A0398,RM007,In-person Meeting,Senior Direct Lending Fund VI,Private Credit,92,Yes,Yes,14.0,85
AC006346,2025-09-15,A0345,RM016,Follow-up Call,Opportunistic Real Estate Fund VI,Real Estate,52,Yes,Yes,27.0,22
AC006347,2026-01-06,A0299,RM006,Follow-up Call,Core Infrastructure Income Fund III,Infrastructure,69,Yes,Yes,22.0,38
AC006348,2025-12-07,A0049,RM011,In-person Meeting,Opportunistic Credit Fund II,Private Credit,63,Yes,Yes,29.0,70
AC006349,2026-04-25,A0017,RM002,In-person Meeting,Value-Add Real Estate Fund IV,Real Estate,51,No,No,,78
AC006350,2025-07-24,A0062,RM016,Follow-up Call,Private Equity Buyout Fund VII,Private Equity,83,Yes,No,17.0,10
AC006351,2026-04-25,A0374,RM009,Follow-up Call,Growth Equity Partners III,Private Equity,75,No,No,,30
AC006352,2025-11-22,A0332,RM001,Follow-up Call,Real Estate Income Fund II,Real Estate,50,Yes,No,18.0,30
AC006353,2026-04-08,A0207,RM008,Intro Call,Global Infrastructure Partners IV,Infrastructure,44,Yes,Yes,3.0,17
AC006354,2025-11-17,A0389,RM004,Webinar,Value-Add Real Estate Fund IV,Real Estate,59,Yes,Yes,20.0,44
AC006355,2025-05-17,A0052,RM006,Follow-up Call,Real Estate Income Fund II,Real Estate,58,No,No,,42
AC006356,2025-08-13,A0225,RM016,Portfolio Review,Core Infrastructure Income Fund III,Infrastructure,70,Yes,Yes,19.0,59
AC006357,2026-03-09,A0065,RM005,Portfolio Review,Opportunistic Real Estate Fund VI,Real Estate,85,No,No,,65
AC006358,2026-02-12,A0117,RM010,Portfolio Review,Opportunistic Real Estate Fund VI,Real Estate,39,No,No,,67
AC006359,2026-01-02,A0376,RM012,Follow-up Call,Opportunistic Credit Fund II,Private Credit,70,No,No,,28
AC006360,2025-10-15,A0345,RM016,Follow-up Call,Opportunistic Credit Fund II,Private Credit,65,Yes,No,20.0,25
AC006361,2025-10-31,A0036,RM008,Follow-up Call,Value-Add Real Estate Fund IV,Real Estate,43,Yes,Yes,3.0,31
AC006362,2025-08-15,A0095,RM003,Follow-up Call,Global Infrastructure Partners IV,Infrastructure,74,No,No,,35
AC006363,2025-12-06,A0238,RM015,Intro Call,Senior Direct Lending Fund VI,Private Credit,52,No,No,,40
AC006364,2026-01-01,A0026,RM011,Due Diligence Meeting,Value-Add Real Estate Fund IV,Real Estate,74,No,No,,120
AC006365,2025-05-16,A0220,RM015,Webinar,Growth Equity Partners III,Private Equity,63,Yes,Yes,24.0,62
AC006366,2025-08-06,A0234,RM008,Follow-up Call,Real Estate Income Fund II,Real Estate,68,Yes,Yes,9.0,23
AC006367,2026-01-08,A0110,RM003,Due Diligence Meeting,Real Estate Income Fund II,Real Estate,63,Yes,Yes,3.0,71
AC006368,2026-01-30,A0110,RM003,Follow-up Call,Senior Direct Lending Fund VI,Private Credit,56,Yes,No,25.0,32
AC006369,2025-06-04,A0087,RM013,Portfolio Review,Direct Lending Income Fund V,Private Credit,86,No,No,,53
AC006370,2025-05-09,A0374,RM009,Due Diligence Meeting,Global Infrastructure Partners IV,Infrastructure,85,No,No,,69
AC006371,2026-01-26,A0151,RM003,In-person Meeting,Value-Add Real Estate Fund IV,Real Estate,85,Yes,Yes,11.0,93
AC006372,2025-07-04,A0234,RM008,Webinar,Senior Direct Lending Fund VI,Private Credit,58,No,No,,67
AC006373,2025-05-07,A0115,RM012,Portfolio Review,Senior Direct Lending Fund VI,Private Credit,87,No,No,,59
AC006374,2026-03-28,A0285,RM011,Webinar,Core Infrastructure Income Fund III,Infrastructure,57,Yes,Yes,5.0,44
AC006375,2026-03-13,A0035,RM002,Intro Call,Global Infrastructure Partners IV,Infrastructure,47,No,No,,51
AC006376,2025-10-06,A0029,RM002,Webinar,Senior Direct Lending Fund VI,Private Credit,48,No,No,,46
AC006377,2026-04-19,A0303,RM014,Follow-up Call,Growth Equity Partners III,Private Equity,57,Yes,No,10.0,15
AC006378,2025-09-19,A0295,RM009,Intro Call,Growth Equity Partners III,Private Equity,51,No,No,,47
AC006379,2025-06-04,A0100,RM006,Product Education,Direct Lending Income Fund V,Private Credit,89,Yes,No,14.0,35
AC006380,2025-05-20,A0138,RM016,Product Education,Private Equity Buyout Fund VII,Private Equity,96,Yes,Yes,27.0,35
AC006381,2025-11-24,A0385,RM001,Follow-up Call,Real Estate Income Fund II,Real Estate,53,Yes,Yes,16.0,31
AC006382,2025-12-07,A0036,RM008,Follow-up Call,Value-Add Real Estate Fund IV,Real Estate,54,Yes,No,7.0,32
AC006383,2026-02-25,A0065,RM005,Webinar,Global Infrastructure Partners IV,Infrastructure,62,No,No,,67
AC006384,2025-08-23,A0173,RM016,Intro Call,Opportunistic Credit Fund II,Private Credit,39,No,No,,43
AC006385,2026-02-06,A0107,RM004,Webinar,Private Equity Buyout Fund VII,Private Equity,54,Yes,Yes,15.0,47
AC006386,2025-12-01,A0261,RM005,Follow-up Call,Value-Add Real Estate Fund IV,Real Estate,48,No,No,,31
AC006387,2025-10-04,A0279,RM008,Follow-up Call,Direct Lending Income Fund V,Private Credit,48,No,No,,32
AC006388,2025-06-30,A0208,RM014,Follow-up Call,Global Infrastructure Partners IV,Infrastructure,60,Yes,No,24.0,36
AC006389,2025-08-01,A0247,RM013,Follow-up Call,Senior Direct Lending Fund VI,Private Credit,36,No,No,,39
AC006390,2025-09-14,A0173,RM016,Webinar,Core Infrastructure Income Fund III,Infrastructure,23,No,No,,44
AC006391,2025-06-01,A0309,RM008,Product Education,Private Equity Buyout Fund VII,Private Equity,64,Yes,Yes,15.0,51
AC006392,2025-11-01,A0020,RM014,Due Diligence Meeting,Growth Equity Partners III,Private Equity,69,No,No,,72
AC006393,2025-07-24,A0118,RM013,Intro Call,Opportunistic Credit Fund II,Private Credit,42,No,No,,35
AC006394,2025-07-15,A0277,RM006,Follow-up Call,Senior Direct Lending Fund VI,Private Credit,72,Yes,No,5.0,34
AC006395,2025-12-04,A0126,RM013,Portfolio Review,Growth Equity Partners III,Private Equity,70,No,No,,65
AC006396,2026-04-20,A0031,RM010,Portfolio Review,Direct Lending Income Fund V,Private Credit,57,No,No,,60
AC006397,2025-11-26,A0132,RM007,Webinar,Real Estate Income Fund II,Real Estate,50,No,No,,46
AC006398,2026-02-06,A0289,RM008,Webinar,Value-Add Real Estate Fund IV,Real Estate,51,No,No,,53
AC006399,2025-07-15,A0045,RM016,Due Diligence Meeting,Senior Direct Lending Fund VI,Private Credit,93,No,No,,64
AC006400,2026-02-04,A0294,RM012,Intro Call,Value-Add Real Estate Fund IV,Real Estate,60,Yes,No,19.0,20
AC006401,2025-11-29,A0316,RM001,Webinar,Opportunistic Credit Fund II,Private Credit,52,No,No,,43
AC006402,2025-06-30,A0257,RM004,Intro Call,Real Estate Income Fund II,Real Estate,50,Yes,Yes,28.0,37
AC006403,2025-11-27,A0094,RM005,Intro Call,Opportunistic Credit Fund II,Private Credit,38,Yes,Yes,2.0,39
AC006404,2025-11-11,A0326,RM014,Due Diligence Meeting,Real Estate Income Fund II,Real Estate,61,Yes,Yes,6.0,84
AC006405,2025-11-06,A0078,RM016,Intro Call,Real Estate Income Fund II,Real Estate,67,Yes,Yes,5.0,41
AC006406,2025-06-29,A0362,RM014,Intro Call,Private Equity Buyout Fund VII,Private Equity,52,Yes,Yes,5.0,23
AC006407,2025-12-14,A0286,RM008,Follow-up Call,Opportunistic Real Estate Fund VI,Real Estate,44,Yes,Yes,27.0,31
AC006408,2025-11-06,A0024,RM008,Product Education,Growth Equity Partners III,Private Equity,50,No,No,,27
AC006409,2025-07-01,A0325,RM006,Follow-up Call,Senior Direct Lending Fund VI,Private Credit,63,No,No,,32
AC006410,2025-08-21,A0201,RM008,Portfolio Review,Global Infrastructure Partners IV,Infrastructure,93,No,No,,86
AC006411,2026-01-01,A0183,RM014,Webinar,Real Estate Income Fund II,Real Estate,36,No,No,,33
AC006412,2025-12-09,A0168,RM013,Due Diligence Meeting,Opportunistic Credit Fund II,Private Credit,80,Yes,Yes,13.0,105
AC006413,2026-03-29,A0244,RM007,Intro Call,Opportunistic Credit Fund II,Private Credit,39,No,No,,31
AC006414,2025-10-21,A0294,RM012,In-person Meeting,Direct Lending Income Fund V,Private Credit,80,No,No,,69
AC006415,2025-09-24,A0357,RM010,Follow-up Call,Direct Lending Income Fund V,Private Credit,65,Yes,Yes,25.0,32
AC006416,2026-03-29,A0102,RM002,Due Diligence Meeting,Real Estate Income Fund II,Real Estate,72,No,No,,42
AC006417,2025-07-17,A0255,RM014,Due Diligence Meeting,Value-Add Real Estate Fund IV,Real Estate,95,Yes,No,10.0,58
AC006418,2025-10-09,A0278,RM011,In-person Meeting,Global Infrastructure Partners IV,Infrastructure,63,Yes,Yes,20.0,81
AC006419,2026-02-18,A0275,RM005,Follow-up Call,Senior Direct Lending Fund VI,Private Credit,51,Yes,No,22.0,25
AC006420,2025-12-06,A0197,RM010,Due Diligence Meeting,Opportunistic Credit Fund II,Private Credit,86,No,No,,95
AC006421,2025-06-30,A0152,RM015,In-person Meeting,Opportunistic Real Estate Fund VI,Real Estate,67,No,No,,73
AC006422,2026-04-16,A0310,RM010,In-person Meeting,Real Estate Income Fund II,Real Estate,49,No,No,,88
AC006423,2025-11-13,A0114,RM016,Intro Call,Growth Equity Partners III,Private Equity,51,Yes,No,15.0,38
AC006424,2025-06-30,A0076,RM007,Follow-up Call,Core Infrastructure Income Fund III,Infrastructure,52,Yes,Yes,6.0,46
AC006425,2025-05-23,A0219,RM011,Intro Call,Real Estate Income Fund II,Real Estate,40,No,No,,26
AC006426,2026-01-16,A0101,RM005,Intro Call,Opportunistic Real Estate Fund VI,Real Estate,44,Yes,Yes,4.0,54
AC006427,2025-10-02,A0017,RM002,Follow-up Call,Core Infrastructure Income Fund III,Infrastructure,46,No,No,,14
AC006428,2026-04-28,A0024,RM008,Intro Call,Real Estate Income Fund II,Real Estate,39,Yes,Yes,14.0,34
AC006429,2025-11-05,A0281,RM009,Portfolio Review,Opportunistic Credit Fund II,Private Credit,72,Yes,Yes,11.0,76
AC006430,2025-06-06,A0391,RM012,Intro Call,Senior Direct Lending Fund VI,Private Credit,31,No,No,,30
AC006431,2025-08-19,A0183,RM014,Intro Call,Opportunistic Credit Fund II,Private Credit,27,No,No,,38
AC006432,2025-05-31,A0052,RM006,Follow-up Call,Growth Equity Partners III,Private Equity,46,Yes,No,3.0,41
AC006433,2025-12-28,A0333,RM006,Portfolio Review,Real Estate Income Fund II,Real Estate,39,Yes,No,12.0,64
AC006434,2025-06-18,A0099,RM001,In-person Meeting,Value-Add Real Estate Fund IV,Real Estate,74,Yes,Yes,8.0,76
AC006435,2025-06-16,A0399,RM006,Intro Call,Global Infrastructure Partners IV,Infrastructure,26,No,No,,27
AC006436,2025-12-01,A0226,RM006,Webinar,Real Estate Income Fund II,Real Estate,50,Yes,Yes,23.0,46
AC006437,2025-12-11,A0089,RM012,Webinar,Senior Direct Lending Fund VI,Private Credit,66,Yes,Yes,10.0,39
AC006438,2025-05-13,A0198,RM014,Follow-up Call,Senior Direct Lending Fund VI,Private Credit,66,Yes,Yes,9.0,35
AC006439,2026-01-27,A0127,RM014,Product Education,Real Estate Income Fund II,Real Estate,62,Yes,Yes,18.0,52
AC006440,2025-11-13,A0318,RM005,Follow-up Call,Opportunistic Real Estate Fund VI,Real Estate,71,Yes,Yes,6.0,13
AC006441,2026-04-30,A0036,RM008,Intro Call,Global Infrastructure Partners IV,Infrastructure,51,Yes,Yes,2.0,22
AC006442,2025-10-16,A0343,RM004,Follow-up Call,Value-Add Real Estate Fund IV,Real Estate,67,Yes,Yes,26.0,50
AC006443,2025-07-22,A0311,RM004,Webinar,Real Estate Income Fund II,Real Estate,66,No,No,,54
AC006444,2026-03-30,A0343,RM004,Intro Call,Direct Lending Income Fund V,Private Credit,65,Yes,Yes,6.0,45
AC006445,2026-04-23,A0357,RM010,Intro Call,Opportunistic Real Estate Fund VI,Real Estate,65,Yes,No,20.0,47
AC006446,2025-08-25,A0087,RM013,In-person Meeting,Opportunistic Credit Fund II,Private Credit,87,Yes,Yes,20.0,91
AC006447,2025-09-14,A0205,RM014,Product Education,Private Equity Buyout Fund VII,Private Equity,59,Yes,No,9.0,27
AC006448,2026-03-02,A0342,RM003,In-person Meeting,Private Equity Buyout Fund VII,Private Equity,68,Yes,Yes,20.0,68
AC006449,2025-08-31,A0146,RM016,Follow-up Call,Senior Direct Lending Fund VI,Private Credit,68,Yes,Yes,8.0,32
AC006450,2026-01-07,A0026,RM011,In-person Meeting,Global Infrastructure Partners IV,Infrastructure,46,No,No,,47
AC006451,2025-08-30,A0110,RM003,Follow-up Call,Opportunistic Credit Fund II,Private Credit,51,Yes,No,27.0,39
AC006452,2026-03-31,A0093,RM012,Follow-up Call,Opportunistic Real Estate Fund VI,Real Estate,38,No,No,,33
AC006453,2026-04-26,A0345,RM016,Due Diligence Meeting,Growth Equity Partners III,Private Equity,62,Yes,Yes,8.0,79
AC006454,2025-12-22,A0186,RM006,Product Education,Real Estate Income Fund II,Real Estate,62,Yes,Yes,25.0,43
AC006455,2026-03-28,A0276,RM005,Product Education,Core Infrastructure Income Fund III,Infrastructure,75,Yes,Yes,15.0,20
AC006456,2025-06-14,A0387,RM006,Follow-up Call,Private Equity Buyout Fund VII,Private Equity,66,Yes,No,27.0,29
AC006457,2026-03-26,A0113,RM003,Product Education,Opportunistic Real Estate Fund VI,Real Estate,68,No,No,,40
AC006458,2026-04-13,A0310,RM010,Follow-up Call,Growth Equity Partners III,Private Equity,37,Yes,No,28.0,40
AC006459,2026-03-30,A0013,RM011,Webinar,Core Infrastructure Income Fund III,Infrastructure,36,No,No,,52
AC006460,2025-10-14,A0036,RM008,Product Education,Direct Lending Income Fund V,Private Credit,61,No,No,,29
AC006461,2025-07-22,A0059,RM002,In-person Meeting,Value-Add Real Estate Fund IV,Real Estate,74,Yes,Yes,14.0,74
AC006462,2026-02-19,A0118,RM013,Product Education,Core Infrastructure Income Fund III,Infrastructure,59,Yes,Yes,6.0,29
AC006463,2026-03-10,A0157,RM016,Follow-up Call,Core Infrastructure Income Fund III,Infrastructure,81,Yes,Yes,13.0,53
AC006464,2025-10-24,A0190,RM009,Intro Call,Opportunistic Real Estate Fund VI,Real Estate,56,Yes,Yes,3.0,33
AC006465,2025-12-30,A0094,RM005,Product Education,Private Equity Buyout Fund VII,Private Equity,37,No,No,,24
AC006466,2025-07-02,A0027,RM006,In-person Meeting,Senior Direct Lending Fund VI,Private Credit,96,Yes,Yes,24.0,61
AC006467,2025-09-18,A0276,RM005,Webinar,Senior Direct Lending Fund VI,Private Credit,59,Yes,Yes,15.0,59
AC006468,2025-09-22,A0013,RM011,Follow-up Call,Direct Lending Income Fund V,Private Credit,40,Yes,No,26.0,36
AC006469,2026-01-09,A0327,RM004,Follow-up Call,Global Infrastructure Partners IV,Infrastructure,74,Yes,Yes,22.0,34
AC006470,2025-06-05,A0372,RM002,Intro Call,Growth Equity Partners III,Private Equity,54,Yes,No,19.0,43
AC006471,2025-08-05,A0289,RM008,In-person Meeting,Opportunistic Credit Fund II,Private Credit,84,Yes,Yes,23.0,76
AC006472,2026-04-26,A0239,RM003,In-person Meeting,Growth Equity Partners III,Private Equity,70,No,No,,85
AC006473,2026-01-20,A0266,RM010,In-person Meeting,Opportunistic Real Estate Fund VI,Real Estate,89,Yes,Yes,28.0,37
AC006474,2025-06-05,A0263,RM014,Webinar,Private Equity Buyout Fund VII,Private Equity,38,No,No,,39
AC006475,2026-01-16,A0373,RM005,Due Diligence Meeting,Growth Equity Partners III,Private Equity,77,No,No,,79
AC006476,2025-05-15,A0388,RM012,Follow-up Call,Private Equity Buyout Fund VII,Private Equity,54,Yes,No,11.0,10
AC006477,2025-07-14,A0172,RM009,Product Education,Private Equity Buyout Fund VII,Private Equity,56,Yes,Yes,24.0,30
AC006478,2025-05-01,A0249,RM001,Intro Call,Opportunistic Credit Fund II,Private Credit,74,Yes,No,11.0,29
AC006479,2026-03-13,A0326,RM014,Intro Call,Real Estate Income Fund II,Real Estate,46,Yes,Yes,5.0,46
AC006480,2026-04-07,A0001,RM006,Product Education,Direct Lending Income Fund V,Private Credit,52,Yes,Yes,10.0,40
AC006481,2025-07-29,A0209,RM010,Intro Call,Growth Equity Partners III,Private Equity,74,Yes,No,5.0,48
AC006482,2025-07-16,A0263,RM014,Intro Call,Opportunistic Real Estate Fund VI,Real Estate,49,No,No,,51
AC006483,2026-02-25,A0292,RM016,Product Education,Private Equity Buyout Fund VII,Private Equity,81,No,No,,55
AC006484,2026-01-09,A0143,RM009,In-person Meeting,Real Estate Income Fund II,Real Estate,83,Yes,Yes,7.0,67
AC006485,2025-09-30,A0112,RM013,Webinar,Opportunistic Real Estate Fund VI,Real Estate,56,Yes,No,27.0,73
AC006486,2025-12-11,A0065,RM005,Intro Call,Opportunistic Real Estate Fund VI,Real Estate,74,No,No,,48
AC006487,2026-02-20,A0225,RM016,Portfolio Review,Senior Direct Lending Fund VI,Private Credit,61,Yes,Yes,14.0,52
AC006488,2025-06-29,A0369,RM011,Webinar,Value-Add Real Estate Fund IV,Real Estate,61,Yes,Yes,5.0,54
AC006489,2025-10-03,A0357,RM010,Follow-up Call,Core Infrastructure Income Fund III,Infrastructure,68,No,No,,29
AC006490,2025-10-26,A0141,RM003,In-person Meeting,Senior Direct Lending Fund VI,Private Credit,76,Yes,Yes,9.0,32
AC006491,2026-03-16,A0097,RM009,Portfolio Review,Real Estate Income Fund II,Real Estate,51,Yes,No,26.0,77
AC006492,2025-12-28,A0323,RM016,Follow-up Call,Growth Equity Partners III,Private Equity,63,Yes,No,26.0,20
AC006493,2025-10-16,A0294,RM012,Portfolio Review,Direct Lending Income Fund V,Private Credit,79,Yes,Yes,25.0,82
AC006494,2025-09-30,A0200,RM007,Webinar,Opportunistic Real Estate Fund VI,Real Estate,67,No,No,,45
AC006495,2025-11-17,A0151,RM003,Intro Call,Real Estate Income Fund II,Real Estate,55,Yes,Yes,22.0,25
AC006496,2025-05-09,A0045,RM016,Follow-up Call,Opportunistic Real Estate Fund VI,Real Estate,57,Yes,Yes,25.0,22
AC006497,2025-08-07,A0321,RM014,Due Diligence Meeting,Senior Direct Lending Fund VI,Private Credit,53,Yes,No,25.0,58
AC006498,2026-04-11,A0249,RM001,Webinar,Real Estate Income Fund II,Real Estate,47,Yes,Yes,29.0,58
AC006499,2026-02-09,A0146,RM016,Portfolio Review,Opportunistic Credit Fund II,Private Credit,83,Yes,Yes,15.0,74
AC006500,2026-01-22,A0369,RM011,Follow-up Call,Opportunistic Credit Fund II,Private Credit,44,No,No,,38
AC006501,2025-08-10,A0267,RM007,In-person Meeting,Direct Lending Income Fund V,Private Credit,76,Yes,Yes,20.0,51
AC006502,2026-03-10,A0373,RM005,In-person Meeting,Core Infrastructure Income Fund III,Infrastructure,45,Yes,No,22.0,77
AC006503,2026-02-20,A0189,RM015,Webinar,Growth Equity Partners III,Private Equity,31,No,No,,58
AC006504,2025-07-25,A0183,RM014,In-person Meeting,Core Infrastructure Income Fund III,Infrastructure,76,Yes,Yes,25.0,61
AC006505,2025-07-13,A0374,RM009,Follow-up Call,Opportunistic Credit Fund II,Private Credit,53,Yes,Yes,18.0,28
AC006506,2026-01-17,A0386,RM003,Follow-up Call,Growth Equity Partners III,Private Equity,88,Yes,Yes,28.0,54
AC006507,2025-11-12,A0386,RM003,Follow-up Call,Senior Direct Lending Fund VI,Private Credit,70,Yes,No,15.0,41
AC006508,2025-12-09,A0333,RM006,Follow-up Call,Core Infrastructure Income Fund III,Infrastructure,53,Yes,Yes,23.0,31
AC006509,2025-11-02,A0185,RM004,Follow-up Call,Real Estate Income Fund II,Real Estate,67,Yes,No,8.0,25
AC006510,2025-12-15,A0077,RM005,Intro Call,Opportunistic Credit Fund II,Private Credit,35,No,No,,37
AC006511,2026-01-25,A0150,RM006,Webinar,Opportunistic Real Estate Fund VI,Real Estate,61,Yes,No,16.0,43
AC006512,2026-02-02,A0375,RM010,Webinar,Direct Lending Income Fund V,Private Credit,56,Yes,Yes,14.0,73
AC006513,2025-05-08,A0142,RM013,In-person Meeting,Opportunistic Credit Fund II,Private Credit,78,Yes,Yes,15.0,81
AC006514,2025-07-19,A0307,RM014,Due Diligence Meeting,Opportunistic Credit Fund II,Private Credit,68,Yes,Yes,26.0,71
AC006515,2025-08-16,A0370,RM009,Intro Call,Core Infrastructure Income Fund III,Infrastructure,43,Yes,Yes,19.0,39
AC006516,2026-03-15,A0390,RM001,Intro Call,Growth Equity Partners III,Private Equity,66,No,No,,42
AC006517,2025-12-31,A0381,RM004,Product Education,Senior Direct Lending Fund VI,Private Credit,32,No,No,,26
AC006518,2026-04-23,A0223,RM008,Product Education,Core Infrastructure Income Fund III,Infrastructure,63,Yes,Yes,2.0,43
AC006519,2026-02-25,A0197,RM010,Due Diligence Meeting,Direct Lending Income Fund V,Private Credit,94,No,No,,85
AC006520,2026-01-09,A0398,RM007,Product Education,Opportunistic Credit Fund II,Private Credit,99,No,No,,34
AC006521,2025-08-04,A0079,RM015,In-person Meeting,Core Infrastructure Income Fund III,Infrastructure,81,Yes,Yes,11.0,76
AC006522,2025-11-05,A0069,RM016,Webinar,Senior Direct Lending Fund VI,Private Credit,87,Yes,Yes,7.0,45
AC006523,2025-10-01,A0387,RM006,Webinar,Private Equity Buyout Fund VII,Private Equity,64,No,No,,46
AC006524,2025-09-28,A0279,RM008,Intro Call,Core Infrastructure Income Fund III,Infrastructure,45,Yes,No,4.0,28
AC006525,2025-09-13,A0212,RM007,Follow-up Call,Real Estate Income Fund II,Real Estate,60,Yes,Yes,18.0,38
AC006526,2025-09-15,A0046,RM009,Portfolio Review,Private Equity Buyout Fund VII,Private Equity,96,Yes,No,19.0,74
AC006527,2025-07-02,A0203,RM006,Portfolio Review,Growth Equity Partners III,Private Equity,66,No,No,,101
AC006528,2026-02-12,A0379,RM010,Due Diligence Meeting,Value-Add Real Estate Fund IV,Real Estate,68,Yes,Yes,17.0,66
AC006529,2025-12-01,A0241,RM014,In-person Meeting,Private Equity Buyout Fund VII,Private Equity,52,Yes,Yes,26.0,106
AC006530,2026-02-01,A0158,RM007,Due Diligence Meeting,Growth Equity Partners III,Private Equity,66,Yes,Yes,18.0,105
AC006531,2025-06-01,A0221,RM001,Follow-up Call,Core Infrastructure Income Fund III,Infrastructure,46,Yes,No,4.0,39
AC006532,2026-04-27,A0351,RM007,In-person Meeting,Growth Equity Partners III,Private Equity,76,Yes,Yes,6.0,89
AC006533,2025-05-09,A0366,RM014,In-person Meeting,Core Infrastructure Income Fund III,Infrastructure,86,No,No,,45
AC006534,2026-01-06,A0157,RM016,Portfolio Review,Direct Lending Income Fund V,Private Credit,75,No,No,,80
AC006535,2025-07-04,A0245,RM010,In-person Meeting,Opportunistic Real Estate Fund VI,Real Estate,91,Yes,Yes,16.0,76
AC006536,2025-07-21,A0106,RM001,Intro Call,Direct Lending Income Fund V,Private Credit,50,Yes,No,13.0,47
AC006537,2025-10-17,A0182,RM013,Portfolio Review,Opportunistic Credit Fund II,Private Credit,42,Yes,Yes,22.0,61
AC006538,2025-09-13,A0081,RM001,Intro Call,Core Infrastructure Income Fund III,Infrastructure,45,No,No,,31
AC006539,2026-03-03,A0211,RM006,Intro Call,Core Infrastructure Income Fund III,Infrastructure,64,Yes,No,4.0,31
AC006540,2026-04-09,A0232,RM012,Follow-up Call,Private Equity Buyout Fund VII,Private Equity,48,Yes,Yes,17.0,46
AC006541,2026-01-19,A0129,RM011,Product Education,Value-Add Real Estate Fund IV,Real Estate,72,Yes,Yes,25.0,29
AC006542,2025-06-12,A0102,RM002,Intro Call,Senior Direct Lending Fund VI,Private Credit,61,No,No,,32
AC006543,2025-12-20,A0054,RM003,Intro Call,Growth Equity Partners III,Private Equity,58,Yes,Yes,8.0,32
AC006544,2025-10-02,A0049,RM011,In-person Meeting,Real Estate Income Fund II,Real Estate,72,Yes,Yes,25.0,63
AC006545,2025-07-25,A0289,RM008,Product Education,Global Infrastructure Partners IV,Infrastructure,85,Yes,Yes,7.0,25
AC006546,2025-08-23,A0082,RM003,Portfolio Review,Opportunistic Real Estate Fund VI,Real Estate,57,Yes,Yes,23.0,55
AC006547,2025-11-16,A0042,RM009,Webinar,Core Infrastructure Income Fund III,Infrastructure,51,No,No,,67
AC006548,2026-01-16,A0400,RM006,Follow-up Call,Direct Lending Income Fund V,Private Credit,86,No,No,,30
AC006549,2025-10-07,A0098,RM009,Webinar,Real Estate Income Fund II,Real Estate,83,Yes,Yes,7.0,29
AC006550,2025-06-01,A0357,RM010,Intro Call,Global Infrastructure Partners IV,Infrastructure,61,Yes,Yes,18.0,36
AC006551,2025-05-24,A0246,RM002,Follow-up Call,Opportunistic Credit Fund II,Private Credit,63,Yes,Yes,27.0,31
AC006552,2025-06-24,A0290,RM015,Follow-up Call,Real Estate Income Fund II,Real Estate,54,No,No,,30
AC006553,2026-02-24,A0225,RM016,Follow-up Call,Growth Equity Partners III,Private Equity,49,No,No,,32
AC006554,2026-01-04,A0065,RM005,Due Diligence Meeting,Real Estate Income Fund II,Real Estate,96,Yes,Yes,11.0,100
AC006555,2025-12-11,A0341,RM002,Intro Call,Senior Direct Lending Fund VI,Private Credit,73,No,No,,36
AC006556,2026-02-07,A0335,RM006,Portfolio Review,Senior Direct Lending Fund VI,Private Credit,61,Yes,Yes,16.0,47
AC006557,2025-06-23,A0136,RM010,Follow-up Call,Core Infrastructure Income Fund III,Infrastructure,33,No,No,,40
AC006558,2025-11-27,A0310,RM010,Intro Call,Value-Add Real Estate Fund IV,Real Estate,49,Yes,Yes,24.0,43
AC006559,2025-12-28,A0217,RM006,Follow-up Call,Real Estate Income Fund II,Real Estate,59,Yes,Yes,4.0,28
AC006560,2025-11-07,A0363,RM012,Follow-up Call,Core Infrastructure Income Fund III,Infrastructure,80,Yes,Yes,11.0,37
AC006561,2025-09-14,A0326,RM014,Follow-up Call,Opportunistic Real Estate Fund VI,Real Estate,56,No,No,,42
AC006562,2026-01-29,A0020,RM014,Webinar,Core Infrastructure Income Fund III,Infrastructure,50,Yes,Yes,2.0,22
AC006563,2026-04-07,A0349,RM014,Webinar,Value-Add Real Estate Fund IV,Real Estate,83,Yes,Yes,5.0,49
AC006564,2026-02-21,A0389,RM004,In-person Meeting,Value-Add Real Estate Fund IV,Real Estate,78,Yes,Yes,16.0,82
AC006565,2026-03-12,A0301,RM012,Follow-up Call,Value-Add Real Estate Fund IV,Real Estate,49,No,No,,42
AC006566,2025-10-27,A0043,RM003,Product Education,Real Estate Income Fund II,Real Estate,66,Yes,Yes,18.0,28
AC006567,2025-11-13,A0326,RM014,Intro Call,Growth Equity Partners III,Private Equity,24,No,No,,36
AC006568,2026-04-12,A0260,RM001,Product Education,Opportunistic Real Estate Fund VI,Real Estate,86,No,No,,52
AC006569,2026-02-21,A0129,RM011,Intro Call,Real Estate Income Fund II,Real Estate,50,No,No,,51
AC006570,2025-08-20,A0350,RM007,Intro Call,Private Equity Buyout Fund VII,Private Equity,48,Yes,Yes,23.0,41
AC006571,2026-04-26,A0228,RM009,Due Diligence Meeting,Direct Lending Income Fund V,Private Credit,100,Yes,No,17.0,52
AC006572,2026-01-24,A0342,RM003,Follow-up Call,Direct Lending Income Fund V,Private Credit,44,No,No,,42
AC006573,2025-05-22,A0273,RM012,Due Diligence Meeting,Opportunistic Real Estate Fund VI,Real Estate,67,Yes,Yes,2.0,72
AC006574,2025-10-07,A0108,RM008,Due Diligence Meeting,Senior Direct Lending Fund VI,Private Credit,60,Yes,No,4.0,79
AC006575,2025-10-01,A0392,RM009,Follow-up Call,Direct Lending Income Fund V,Private Credit,62,No,No,,34
AC006576,2025-12-27,A0229,RM002,In-person Meeting,Senior Direct Lending Fund VI,Private Credit,60,Yes,No,10.0,78
AC006577,2025-12-30,A0204,RM004,In-person Meeting,Value-Add Real Estate Fund IV,Real Estate,55,No,No,,89
AC006578,2026-01-06,A0158,RM007,Intro Call,Opportunistic Credit Fund II,Private Credit,31,Yes,Yes,27.0,35
AC006579,2025-12-10,A0048,RM007,Portfolio Review,Real Estate Income Fund II,Real Estate,82,Yes,Yes,29.0,78
AC006580,2025-05-31,A0278,RM011,Intro Call,Senior Direct Lending Fund VI,Private Credit,51,No,No,,36
AC006581,2025-11-18,A0173,RM016,In-person Meeting,Real Estate Income Fund II,Real Estate,73,No,No,,53
AC006582,2026-03-02,A0374,RM009,Product Education,Opportunistic Real Estate Fund VI,Real Estate,77,No,No,,39
AC006583,2025-10-01,A0388,RM012,Product Education,Private Equity Buyout Fund VII,Private Equity,56,No,No,,37
AC006584,2025-07-01,A0311,RM004,Intro Call,Real Estate Income Fund II,Real Estate,61,No,No,,40
AC006585,2026-02-08,A0093,RM012,Webinar,Growth Equity Partners III,Private Equity,59,No,No,,32
AC006586,2025-07-21,A0291,RM003,Intro Call,Growth Equity Partners III,Private Equity,53,No,No,,35
AC006587,2025-12-03,A0011,RM014,Follow-up Call,Real Estate Income Fund II,Real Estate,54,No,No,,35
AC006588,2026-01-07,A0335,RM006,Webinar,Opportunistic Credit Fund II,Private Credit,44,No,No,,39
AC006589,2026-01-26,A0197,RM010,In-person Meeting,Real Estate Income Fund II,Real Estate,77,Yes,Yes,16.0,77
AC006590,2025-06-07,A0374,RM009,Intro Call,Real Estate Income Fund II,Real Estate,49,No,No,,36
AC006591,2025-10-17,A0147,RM016,Product Education,Senior Direct Lending Fund VI,Private Credit,68,Yes,No,14.0,31
AC006592,2025-08-25,A0099,RM001,Follow-up Call,Senior Direct Lending Fund VI,Private Credit,100,No,No,,41
AC006593,2025-08-30,A0399,RM006,Due Diligence Meeting,Value-Add Real Estate Fund IV,Real Estate,54,Yes,Yes,10.0,69
AC006594,2025-07-24,A0211,RM006,Intro Call,Global Infrastructure Partners IV,Infrastructure,65,No,No,,33
AC006595,2026-04-23,A0343,RM004,Intro Call,Direct Lending Income Fund V,Private Credit,59,Yes,No,5.0,38
AC006596,2026-02-13,A0364,RM003,Webinar,Real Estate Income Fund II,Real Estate,44,No,No,,44
AC006597,2025-08-02,A0204,RM004,Webinar,Private Equity Buyout Fund VII,Private Equity,50,Yes,No,15.0,48
AC006598,2025-08-18,A0183,RM014,In-person Meeting,Value-Add Real Estate Fund IV,Real Estate,52,Yes,Yes,23.0,77
AC006599,2025-06-18,A0221,RM001,Portfolio Review,Opportunistic Real Estate Fund VI,Real Estate,53,No,No,,88
AC006600,2025-06-20,A0341,RM002,Due Diligence Meeting,Opportunistic Credit Fund II,Private Credit,75,No,No,,82
AC006601,2025-12-04,A0388,RM012,Follow-up Call,Global Infrastructure Partners IV,Infrastructure,48,No,No,,31
AC006602,2025-12-19,A0125,RM013,Portfolio Review,Opportunistic Real Estate Fund VI,Real Estate,64,No,No,,44
AC006603,2026-02-18,A0299,RM006,Product Education,Senior Direct Lending Fund VI,Private Credit,72,Yes,Yes,16.0,35
AC006604,2025-10-03,A0108,RM008,Intro Call,Value-Add Real Estate Fund IV,Real Estate,31,Yes,Yes,11.0,30
AC006605,2026-02-27,A0247,RM013,Follow-up Call,Global Infrastructure Partners IV,Infrastructure,46,No,No,,37
AC006606,2026-04-24,A0326,RM014,In-person Meeting,Direct Lending Income Fund V,Private Credit,55,Yes,Yes,5.0,65
AC006607,2026-01-04,A0352,RM002,Intro Call,Value-Add Real Estate Fund IV,Real Estate,81,No,No,,39
AC006608,2025-06-26,A0181,RM003,Portfolio Review,Private Equity Buyout Fund VII,Private Equity,46,No,No,,93
AC006609,2025-08-29,A0143,RM009,In-person Meeting,Private Equity Buyout Fund VII,Private Equity,74,Yes,Yes,26.0,84
AC006610,2025-10-11,A0096,RM010,Product Education,Real Estate Income Fund II,Real Estate,86,Yes,Yes,16.0,28
AC006611,2025-10-23,A0047,RM011,Product Education,Senior Direct Lending Fund VI,Private Credit,60,Yes,Yes,23.0,26
AC006612,2025-09-03,A0142,RM013,Due Diligence Meeting,Opportunistic Real Estate Fund VI,Real Estate,93,Yes,Yes,4.0,89
AC006613,2025-09-22,A0346,RM016,Portfolio Review,Real Estate Income Fund II,Real Estate,83,Yes,Yes,2.0,70
AC006614,2026-03-22,A0167,RM008,Follow-up Call,Opportunistic Credit Fund II,Private Credit,51,Yes,Yes,17.0,33
AC006615,2026-04-12,A0120,RM009,Due Diligence Meeting,Private Equity Buyout Fund VII,Private Equity,77,No,No,,67
AC006616,2026-03-24,A0299,RM006,In-person Meeting,Global Infrastructure Partners IV,Infrastructure,89,Yes,Yes,14.0,79
AC006617,2026-01-09,A0078,RM016,Follow-up Call,Senior Direct Lending Fund VI,Private Credit,63,Yes,No,27.0,28
AC006618,2026-01-15,A0097,RM009,Follow-up Call,Senior Direct Lending Fund VI,Private Credit,64,No,No,,43
AC006619,2025-07-26,A0374,RM009,Intro Call,Real Estate Income Fund II,Real Estate,69,Yes,No,17.0,25
AC006620,2026-03-17,A0031,RM010,Follow-up Call,Opportunistic Real Estate Fund VI,Real Estate,62,No,No,,36
AC006621,2025-10-08,A0165,RM011,Webinar,Senior Direct Lending Fund VI,Private Credit,80,Yes,Yes,20.0,45
AC006622,2025-06-21,A0232,RM012,Webinar,Value-Add Real Estate Fund IV,Real Estate,51,Yes,Yes,2.0,47
AC006623,2025-06-11,A0088,RM014,Webinar,Private Equity Buyout Fund VII,Private Equity,31,Yes,No,17.0,55
AC006624,2025-06-12,A0107,RM004,Product Education,Growth Equity Partners III,Private Equity,67,Yes,Yes,14.0,34
AC006625,2025-05-20,A0082,RM003,Product Education,Direct Lending Income Fund V,Private Credit,51,Yes,Yes,7.0,38
AC006626,2025-08-12,A0132,RM007,Portfolio Review,Private Equity Buyout Fund VII,Private Equity,85,Yes,No,27.0,87
AC006627,2026-04-10,A0359,RM013,Follow-up Call,Direct Lending Income Fund V,Private Credit,43,No,No,,43
AC006628,2025-05-13,A0173,RM016,In-person Meeting,Growth Equity Partners III,Private Equity,80,Yes,Yes,20.0,69
AC006629,2026-01-04,A0166,RM013,Webinar,Value-Add Real Estate Fund IV,Real Estate,54,Yes,Yes,27.0,44
AC006630,2025-11-12,A0150,RM006,In-person Meeting,Private Equity Buyout Fund VII,Private Equity,79,Yes,Yes,13.0,105
AC006631,2025-10-08,A0387,RM006,Webinar,Global Infrastructure Partners IV,Infrastructure,52,Yes,No,28.0,41
AC006632,2026-04-16,A0042,RM009,Follow-up Call,Private Equity Buyout Fund VII,Private Equity,58,No,No,,30
AC006633,2025-10-31,A0346,RM016,Follow-up Call,Private Equity Buyout Fund VII,Private Equity,62,Yes,No,6.0,22
AC006634,2025-10-11,A0124,RM007,In-person Meeting,Value-Add Real Estate Fund IV,Real Estate,91,Yes,Yes,26.0,109
AC006635,2026-02-04,A0384,RM006,Webinar,Direct Lending Income Fund V,Private Credit,50,No,No,,46
AC006636,2025-12-14,A0120,RM009,Webinar,Senior Direct Lending Fund VI,Private Credit,54,Yes,Yes,8.0,42
AC006637,2026-03-21,A0031,RM010,Intro Call,Value-Add Real Estate Fund IV,Real Estate,44,Yes,Yes,5.0,52
AC006638,2025-11-05,A0205,RM014,Due Diligence Meeting,Senior Direct Lending Fund VI,Private Credit,74,Yes,Yes,4.0,111
AC006639,2025-09-04,A0087,RM013,Intro Call,Global Infrastructure Partners IV,Infrastructure,57,Yes,No,26.0,47
AC006640,2026-02-05,A0306,RM009,Intro Call,Opportunistic Real Estate Fund VI,Real Estate,71,Yes,Yes,11.0,39
AC006641,2026-01-04,A0266,RM010,In-person Meeting,Direct Lending Income Fund V,Private Credit,78,Yes,Yes,4.0,78
AC006642,2026-03-08,A0278,RM011,Follow-up Call,Global Infrastructure Partners IV,Infrastructure,83,No,No,,37
AC006643,2025-08-22,A0071,RM003,Due Diligence Meeting,Opportunistic Credit Fund II,Private Credit,74,No,No,,59
AC006644,2025-11-12,A0287,RM006,Intro Call,Opportunistic Real Estate Fund VI,Real Estate,70,No,No,,21
AC006645,2025-06-28,A0118,RM013,Intro Call,Senior Direct Lending Fund VI,Private Credit,38,No,No,,54
AC006646,2026-03-05,A0400,RM006,Due Diligence Meeting,Growth Equity Partners III,Private Equity,100,Yes,Yes,9.0,71
AC006647,2025-11-04,A0297,RM006,In-person Meeting,Value-Add Real Estate Fund IV,Real Estate,87,No,No,,60
AC006648,2026-02-22,A0237,RM008,Intro Call,Senior Direct Lending Fund VI,Private Credit,47,Yes,Yes,14.0,19
AC006649,2026-04-20,A0344,RM001,In-person Meeting,Senior Direct Lending Fund VI,Private Credit,78,No,No,,65
AC006650,2025-06-06,A0237,RM008,Follow-up Call,Opportunistic Credit Fund II,Private Credit,39,No,No,,39
AC006651,2025-06-17,A0221,RM001,In-person Meeting,Real Estate Income Fund II,Real Estate,55,Yes,Yes,9.0,63
AC006652,2026-04-20,A0091,RM009,In-person Meeting,Direct Lending Income Fund V,Private Credit,77,No,No,,50
AC006653,2025-06-29,A0276,RM005,Portfolio Review,Global Infrastructure Partners IV,Infrastructure,83,Yes,Yes,19.0,74
AC006654,2025-11-11,A0146,RM016,Due Diligence Meeting,Value-Add Real Estate Fund IV,Real Estate,93,Yes,Yes,24.0,112
AC006655,2025-11-28,A0020,RM014,Portfolio Review,Core Infrastructure Income Fund III,Infrastructure,92,Yes,No,29.0,79
AC006656,2026-01-28,A0331,RM013,Intro Call,Real Estate Income Fund II,Real Estate,37,Yes,Yes,4.0,21
AC006657,2026-04-08,A0024,RM008,Follow-up Call,Growth Equity Partners III,Private Equity,59,Yes,Yes,23.0,44
AC006658,2025-08-11,A0273,RM012,Product Education,Growth Equity Partners III,Private Equity,75,Yes,Yes,18.0,31
AC006659,2025-12-24,A0056,RM011,Webinar,Core Infrastructure Income Fund III,Infrastructure,63,Yes,Yes,11.0,49
AC006660,2026-01-25,A0173,RM016,Portfolio Review,Direct Lending Income Fund V,Private Credit,60,No,No,,97
AC006661,2025-11-01,A0343,RM004,Webinar,Growth Equity Partners III,Private Equity,73,Yes,Yes,9.0,29
AC006662,2026-02-27,A0034,RM014,Follow-up Call,Growth Equity Partners III,Private Equity,76,Yes,Yes,9.0,24
AC006663,2025-07-29,A0272,RM012,Follow-up Call,Direct Lending Income Fund V,Private Credit,63,No,No,,30
AC006664,2025-10-24,A0248,RM013,Intro Call,Direct Lending Income Fund V,Private Credit,40,No,No,,55
AC006665,2026-02-15,A0344,RM001,Webinar,Growth Equity Partners III,Private Equity,57,Yes,Yes,23.0,43
AC006666,2025-10-19,A0062,RM016,In-person Meeting,Value-Add Real Estate Fund IV,Real Estate,93,Yes,Yes,8.0,66
AC006667,2025-08-16,A0325,RM006,In-person Meeting,Opportunistic Real Estate Fund VI,Real Estate,72,Yes,Yes,12.0,75
AC006668,2025-06-25,A0181,RM003,Due Diligence Meeting,Opportunistic Real Estate Fund VI,Real Estate,68,Yes,Yes,29.0,70
AC006669,2025-12-12,A0172,RM009,Follow-up Call,Private Equity Buyout Fund VII,Private Equity,44,No,No,,28
AC006670,2026-03-22,A0142,RM013,Due Diligence Meeting,Opportunistic Credit Fund II,Private Credit,82,No,No,,35
AC006671,2025-08-16,A0150,RM006,Follow-up Call,Real Estate Income Fund II,Real Estate,72,No,No,,43
AC006672,2025-11-21,A0205,RM014,Follow-up Call,Core Infrastructure Income Fund III,Infrastructure,44,Yes,No,5.0,62
AC006673,2025-10-15,A0036,RM008,Due Diligence Meeting,Real Estate Income Fund II,Real Estate,79,Yes,No,28.0,57
AC006674,2026-01-31,A0171,RM016,Follow-up Call,Direct Lending Income Fund V,Private Credit,54,No,No,,36
AC006675,2026-03-01,A0263,RM014,Due Diligence Meeting,Core Infrastructure Income Fund III,Infrastructure,69,No,No,,85
AC006676,2025-10-31,A0199,RM014,Webinar,Opportunistic Credit Fund II,Private Credit,51,No,No,,47
AC006677,2025-06-29,A0060,RM006,In-person Meeting,Opportunistic Real Estate Fund VI,Real Estate,61,Yes,No,29.0,81
AC006678,2026-01-28,A0142,RM013,Portfolio Review,Core Infrastructure Income Fund III,Infrastructure,80,Yes,No,18.0,56
AC006679,2025-10-29,A0177,RM014,Product Education,Senior Direct Lending Fund VI,Private Credit,35,Yes,Yes,22.0,40
AC006680,2025-09-04,A0272,RM012,Product Education,Private Equity Buyout Fund VII,Private Equity,56,Yes,Yes,15.0,31
AC006681,2026-02-01,A0360,RM013,Due Diligence Meeting,Opportunistic Credit Fund II,Private Credit,100,Yes,Yes,29.0,76
AC006682,2025-12-10,A0220,RM015,Follow-up Call,Opportunistic Credit Fund II,Private Credit,83,No,No,,30
AC006683,2025-10-12,A0276,RM005,In-person Meeting,Opportunistic Credit Fund II,Private Credit,83,Yes,No,26.0,49
AC006684,2025-09-16,A0031,RM010,In-person Meeting,Private Equity Buyout Fund VII,Private Equity,66,No,No,,83
AC006685,2025-07-14,A0382,RM010,Intro Call,Senior Direct Lending Fund VI,Private Credit,79,No,No,,48
AC006686,2025-08-07,A0120,RM009,Follow-up Call,Growth Equity Partners III,Private Equity,58,No,No,,38
AC006687,2025-07-16,A0138,RM016,Webinar,Global Infrastructure Partners IV,Infrastructure,55,No,No,,50
AC006688,2025-05-29,A0083,RM012,Webinar,Direct Lending Income Fund V,Private Credit,45,Yes,No,20.0,41
AC006689,2026-01-28,A0031,RM010,Follow-up Call,Core Infrastructure Income Fund III,Infrastructure,59,No,No,,28
AC006690,2025-10-27,A0323,RM016,Intro Call,Growth Equity Partners III,Private Equity,58,Yes,Yes,29.0,35
AC006691,2025-10-08,A0092,RM009,Follow-up Call,Real Estate Income Fund II,Real Estate,40,No,No,,34
AC006692,2026-01-22,A0107,RM004,Due Diligence Meeting,Opportunistic Credit Fund II,Private Credit,89,No,No,,76
AC006693,2025-05-29,A0065,RM005,In-person Meeting,Growth Equity Partners III,Private Equity,100,Yes,No,14.0,46
AC006694,2025-08-18,A0392,RM009,Intro Call,Direct Lending Income Fund V,Private Credit,64,Yes,Yes,21.0,29
AC006695,2026-04-21,A0319,RM014,In-person Meeting,Core Infrastructure Income Fund III,Infrastructure,91,No,No,,86
AC006696,2025-08-20,A0373,RM005,Due Diligence Meeting,Real Estate Income Fund II,Real Estate,58,No,No,,23
AC006697,2026-01-29,A0343,RM004,Product Education,Global Infrastructure Partners IV,Infrastructure,74,No,No,,42
AC006698,2025-06-16,A0362,RM014,Due Diligence Meeting,Opportunistic Real Estate Fund VI,Real Estate,72,Yes,Yes,19.0,101
AC006699,2025-07-15,A0192,RM004,Due Diligence Meeting,Core Infrastructure Income Fund III,Infrastructure,100,Yes,Yes,16.0,90
AC006700,2025-10-26,A0062,RM016,Product Education,Global Infrastructure Partners IV,Infrastructure,98,Yes,Yes,13.0,30
AC006701,2025-07-05,A0124,RM007,Product Education,Global Infrastructure Partners IV,Infrastructure,88,No,No,,13
AC006702,2025-07-29,A0110,RM003,Due Diligence Meeting,Core Infrastructure Income Fund III,Infrastructure,66,Yes,Yes,7.0,98
AC006703,2025-06-07,A0292,RM016,Follow-up Call,Senior Direct Lending Fund VI,Private Credit,81,Yes,Yes,15.0,19
AC006704,2025-06-25,A0014,RM013,Intro Call,Global Infrastructure Partners IV,Infrastructure,59,Yes,Yes,6.0,39
AC006705,2026-03-19,A0050,RM015,Webinar,Global Infrastructure Partners IV,Infrastructure,50,No,No,,46
AC006706,2025-06-13,A0276,RM005,Webinar,Senior Direct Lending Fund VI,Private Credit,77,Yes,No,25.0,43
AC006707,2026-04-21,A0045,RM016,Portfolio Review,Core Infrastructure Income Fund III,Infrastructure,78,Yes,Yes,11.0,84
AC006708,2025-06-04,A0022,RM003,In-person Meeting,Opportunistic Credit Fund II,Private Credit,72,No,No,,105
AC006709,2025-05-03,A0038,RM012,Webinar,Core Infrastructure Income Fund III,Infrastructure,73,Yes,Yes,24.0,55
AC006710,2025-11-18,A0279,RM008,Follow-up Call,Opportunistic Credit Fund II,Private Credit,39,Yes,Yes,5.0,42
AC006711,2025-10-25,A0049,RM011,Follow-up Call,Global Infrastructure Partners IV,Infrastructure,56,Yes,No,23.0,31
AC006712,2025-10-11,A0052,RM006,Product Education,Private Equity Buyout Fund VII,Private Equity,73,No,No,,34
AC006713,2025-08-06,A0088,RM014,Follow-up Call,Core Infrastructure Income Fund III,Infrastructure,37,No,No,,40
AC006714,2025-10-14,A0305,RM007,Webinar,Senior Direct Lending Fund VI,Private Credit,56,No,No,,71
AC006715,2026-02-17,A0073,RM002,Intro Call,Direct Lending Income Fund V,Private Credit,51,No,No,,38
AC006716,2025-12-04,A0017,RM002,Webinar,Global Infrastructure Partners IV,Infrastructure,48,No,No,,45
AC006717,2025-07-02,A0362,RM014,Intro Call,Value-Add Real Estate Fund IV,Real Estate,56,No,No,,52
AC006718,2025-12-22,A0347,RM003,Webinar,Private Equity Buyout Fund VII,Private Equity,34,Yes,No,16.0,71
AC006719,2025-11-05,A0068,RM004,Follow-up Call,Senior Direct Lending Fund VI,Private Credit,55,Yes,Yes,14.0,34
AC006720,2025-08-13,A0100,RM006,Intro Call,Direct Lending Income Fund V,Private Credit,47,No,No,,10
AC006721,2026-02-10,A0069,RM016,Follow-up Call,Value-Add Real Estate Fund IV,Real Estate,78,No,No,,40
AC006722,2025-07-27,A0293,RM001,Intro Call,Private Equity Buyout Fund VII,Private Equity,66,Yes,No,8.0,49
AC006723,2026-02-14,A0095,RM003,Follow-up Call,Core Infrastructure Income Fund III,Infrastructure,88,Yes,Yes,13.0,28
AC006724,2025-10-11,A0373,RM005,Webinar,Real Estate Income Fund II,Real Estate,48,No,No,,55
AC006725,2026-03-26,A0335,RM006,In-person Meeting,Real Estate Income Fund II,Real Estate,66,Yes,Yes,12.0,126
AC006726,2025-05-13,A0236,RM006,Follow-up Call,Direct Lending Income Fund V,Private Credit,55,No,No,,27
AC006727,2025-12-23,A0006,RM012,In-person Meeting,Direct Lending Income Fund V,Private Credit,95,No,No,,83
AC006728,2025-07-07,A0350,RM007,Product Education,Direct Lending Income Fund V,Private Credit,68,Yes,Yes,21.0,40
AC006729,2025-07-04,A0296,RM001,Intro Call,Global Infrastructure Partners IV,Infrastructure,59,No,No,,33
AC006730,2025-11-09,A0323,RM016,Intro Call,Core Infrastructure Income Fund III,Infrastructure,58,Yes,No,24.0,25
AC006731,2025-10-29,A0029,RM002,Intro Call,Opportunistic Credit Fund II,Private Credit,55,No,No,,49
AC006732,2025-11-18,A0287,RM006,Follow-up Call,Private Equity Buyout Fund VII,Private Equity,75,Yes,Yes,17.0,45
AC006733,2026-03-16,A0326,RM014,Webinar,Senior Direct Lending Fund VI,Private Credit,38,No,No,,51
AC006734,2025-09-07,A0384,RM006,Intro Call,Senior Direct Lending Fund VI,Private Credit,59,Yes,Yes,7.0,42
AC006735,2025-07-22,A0233,RM004,Follow-up Call,Private Equity Buyout Fund VII,Private Equity,43,Yes,Yes,16.0,38
AC006736,2026-03-12,A0202,RM002,Product Education,Growth Equity Partners III,Private Equity,83,Yes,No,15.0,46
AC006737,2025-05-30,A0171,RM016,Follow-up Call,Value-Add Real Estate Fund IV,Real Estate,58,Yes,Yes,24.0,22
AC006738,2026-03-17,A0285,RM011,Portfolio Review,Growth Equity Partners III,Private Equity,69,Yes,Yes,16.0,78
AC006739,2026-03-22,A0369,RM011,Intro Call,Opportunistic Credit Fund II,Private Credit,50,Yes,Yes,20.0,39
AC006740,2026-03-22,A0239,RM003,In-person Meeting,Real Estate Income Fund II,Real Estate,71,Yes,No,3.0,72
AC006741,2025-12-18,A0087,RM013,Webinar,Direct Lending Income Fund V,Private Credit,64,No,No,,47
AC006742,2025-08-11,A0009,RM010,Follow-up Call,Growth Equity Partners III,Private Equity,61,Yes,No,9.0,24
AC006743,2025-09-06,A0249,RM001,Follow-up Call,Global Infrastructure Partners IV,Infrastructure,81,Yes,No,15.0,39
AC006744,2025-09-11,A0343,RM004,Follow-up Call,Global Infrastructure Partners IV,Infrastructure,61,No,No,,28
AC006745,2026-01-15,A0027,RM006,Intro Call,Opportunistic Credit Fund II,Private Credit,70,Yes,No,29.0,55
AC006746,2026-04-03,A0155,RM011,Due Diligence Meeting,Opportunistic Credit Fund II,Private Credit,68,No,No,,98
AC006747,2025-09-13,A0376,RM012,Due Diligence Meeting,Global Infrastructure Partners IV,Infrastructure,83,Yes,Yes,9.0,53
AC006748,2026-03-22,A0200,RM007,Webinar,Direct Lending Income Fund V,Private Credit,64,Yes,Yes,19.0,45
AC006749,2026-03-09,A0081,RM001,Intro Call,Real Estate Income Fund II,Real Estate,52,No,No,,30
AC006750,2026-02-22,A0137,RM008,Intro Call,Value-Add Real Estate Fund IV,Real Estate,37,No,No,,38
AC006751,2026-02-13,A0160,RM002,Portfolio Review,Opportunistic Credit Fund II,Private Credit,66,Yes,Yes,27.0,63
AC006752,2025-08-20,A0042,RM009,In-person Meeting,Value-Add Real Estate Fund IV,Real Estate,66,No,No,,76
AC006753,2025-10-22,A0268,RM007,Due Diligence Meeting,Senior Direct Lending Fund VI,Private Credit,57,Yes,Yes,19.0,77
AC006754,2025-09-27,A0237,RM008,Due Diligence Meeting,Global Infrastructure Partners IV,Infrastructure,65,Yes,Yes,2.0,93
AC006755,2026-03-16,A0260,RM001,Webinar,Direct Lending Income Fund V,Private Credit,51,No,No,,31
AC006756,2025-10-19,A0247,RM013,Follow-up Call,Real Estate Income Fund II,Real Estate,44,No,No,,46
AC006757,2025-08-17,A0009,RM010,Webinar,Private Equity Buyout Fund VII,Private Equity,63,Yes,Yes,23.0,61
AC006758,2025-10-21,A0062,RM016,Due Diligence Meeting,Private Equity Buyout Fund VII,Private Equity,91,Yes,Yes,21.0,102
AC006759,2026-04-17,A0060,RM006,Intro Call,Global Infrastructure Partners IV,Infrastructure,42,No,No,,25
AC006760,2026-02-02,A0035,RM002,In-person Meeting,Private Equity Buyout Fund VII,Private Equity,72,Yes,No,19.0,63
AC006761,2025-08-08,A0299,RM006,Intro Call,Direct Lending Income Fund V,Private Credit,66,No,No,,32
AC006762,2025-05-15,A0044,RM005,Follow-up Call,Core Infrastructure Income Fund III,Infrastructure,51,Yes,Yes,23.0,46
AC006763,2025-12-08,A0272,RM012,In-person Meeting,Opportunistic Credit Fund II,Private Credit,65,Yes,Yes,2.0,92
AC006764,2025-08-08,A0064,RM011,Intro Call,Private Equity Buyout Fund VII,Private Equity,56,Yes,Yes,6.0,31
AC006765,2025-06-24,A0042,RM009,Webinar,Private Equity Buyout Fund VII,Private Equity,46,No,No,,36
AC006766,2026-02-26,A0059,RM002,Follow-up Call,Value-Add Real Estate Fund IV,Real Estate,53,Yes,Yes,25.0,28
AC006767,2025-10-31,A0202,RM002,Product Education,Value-Add Real Estate Fund IV,Real Estate,83,Yes,Yes,3.0,35
AC006768,2025-09-19,A0260,RM001,In-person Meeting,Global Infrastructure Partners IV,Infrastructure,79,Yes,Yes,19.0,80
AC006769,2026-04-04,A0328,RM013,Product Education,Real Estate Income Fund II,Real Estate,49,No,No,,30
AC006770,2025-09-06,A0046,RM009,Product Education,Opportunistic Credit Fund II,Private Credit,86,Yes,Yes,23.0,54
AC006771,2025-11-15,A0249,RM001,Portfolio Review,Senior Direct Lending Fund VI,Private Credit,80,No,No,,94
AC006772,2025-07-07,A0316,RM001,Webinar,Opportunistic Credit Fund II,Private Credit,52,Yes,Yes,18.0,59
AC006773,2025-12-25,A0118,RM013,Due Diligence Meeting,Global Infrastructure Partners IV,Infrastructure,71,No,No,,25
AC006774,2025-09-16,A0031,RM010,Intro Call,Global Infrastructure Partners IV,Infrastructure,55,No,No,,40
AC006775,2025-06-09,A0055,RM006,Follow-up Call,Value-Add Real Estate Fund IV,Real Estate,61,Yes,No,14.0,34
AC006776,2025-10-01,A0033,RM009,In-person Meeting,Core Infrastructure Income Fund III,Infrastructure,58,Yes,Yes,23.0,85
AC006777,2026-03-25,A0352,RM002,Product Education,Value-Add Real Estate Fund IV,Real Estate,86,Yes,Yes,27.0,24
AC006778,2025-05-07,A0146,RM016,Intro Call,Real Estate Income Fund II,Real Estate,72,Yes,Yes,22.0,33
AC006779,2025-11-17,A0207,RM008,Intro Call,Core Infrastructure Income Fund III,Infrastructure,43,No,No,,38
AC006780,2025-12-09,A0312,RM009,In-person Meeting,Senior Direct Lending Fund VI,Private Credit,79,Yes,Yes,7.0,92
AC006781,2026-02-16,A0144,RM007,Due Diligence Meeting,Direct Lending Income Fund V,Private Credit,69,Yes,Yes,2.0,70
AC006782,2025-10-18,A0261,RM005,Product Education,Real Estate Income Fund II,Real Estate,52,No,No,,39
AC006783,2025-07-08,A0030,RM009,In-person Meeting,Direct Lending Income Fund V,Private Credit,92,Yes,Yes,6.0,61
AC006784,2025-11-27,A0192,RM004,Follow-up Call,Growth Equity Partners III,Private Equity,86,Yes,No,29.0,47
AC006785,2025-07-01,A0034,RM014,Webinar,Value-Add Real Estate Fund IV,Real Estate,52,Yes,Yes,2.0,58
AC006786,2025-10-25,A0095,RM003,Product Education,Value-Add Real Estate Fund IV,Real Estate,89,Yes,Yes,29.0,20
AC006787,2025-10-05,A0110,RM003,Webinar,Opportunistic Credit Fund II,Private Credit,56,Yes,No,12.0,66
AC006788,2025-09-03,A0292,RM016,In-person Meeting,Senior Direct Lending Fund VI,Private Credit,80,No,No,,68
AC006789,2026-03-01,A0275,RM005,Portfolio Review,Core Infrastructure Income Fund III,Infrastructure,47,No,No,,78
AC006790,2025-09-04,A0305,RM007,Due Diligence Meeting,Growth Equity Partners III,Private Equity,78,Yes,Yes,21.0,61
AC006791,2026-01-08,A0026,RM011,Webinar,Private Equity Buyout Fund VII,Private Equity,44,No,No,,60
AC006792,2025-07-24,A0399,RM006,Intro Call,Global Infrastructure Partners IV,Infrastructure,37,Yes,Yes,3.0,44
AC006793,2025-11-01,A0024,RM008,Follow-up Call,Senior Direct Lending Fund VI,Private Credit,43,Yes,Yes,11.0,29
AC006794,2026-04-07,A0335,RM006,In-person Meeting,Direct Lending Income Fund V,Private Credit,72,Yes,Yes,17.0,88
AC006795,2025-08-19,A0300,RM008,Due Diligence Meeting,Senior Direct Lending Fund VI,Private Credit,72,Yes,Yes,8.0,50
AC006796,2025-09-26,A0237,RM008,Product Education,Growth Equity Partners III,Private Equity,66,Yes,Yes,25.0,24
AC006797,2025-06-09,A0175,RM007,Portfolio Review,Real Estate Income Fund II,Real Estate,71,Yes,Yes,20.0,87
AC006798,2025-09-15,A0307,RM014,Webinar,Private Equity Buyout Fund VII,Private Equity,32,No,No,,48
AC006799,2026-02-27,A0300,RM008,In-person Meeting,Private Equity Buyout Fund VII,Private Equity,65,Yes,Yes,21.0,64
AC006800,2025-10-22,A0049,RM011,Intro Call,Private Equity Buyout Fund VII,Private Equity,50,No,No,,55
AC006801,2026-02-05,A0323,RM016,Product Education,Senior Direct Lending Fund VI,Private Credit,76,Yes,Yes,20.0,36
AC006802,2025-05-29,A0031,RM010,Due Diligence Meeting,Opportunistic Real Estate Fund VI,Real Estate,82,Yes,Yes,2.0,92
AC006803,2025-07-19,A0199,RM014,Portfolio Review,Opportunistic Credit Fund II,Private Credit,39,No,No,,137
AC006804,2025-11-12,A0260,RM001,In-person Meeting,Direct Lending Income Fund V,Private Credit,100,Yes,Yes,26.0,54
AC006805,2025-10-21,A0333,RM006,Follow-up Call,Direct Lending Income Fund V,Private Credit,36,No,No,,29
AC006806,2025-12-29,A0186,RM006,Portfolio Review,Direct Lending Income Fund V,Private Credit,77,Yes,Yes,20.0,85
AC006807,2025-09-27,A0090,RM014,Portfolio Review,Global Infrastructure Partners IV,Infrastructure,70,Yes,Yes,16.0,73
AC006808,2025-07-11,A0196,RM009,In-person Meeting,Growth Equity Partners III,Private Equity,79,Yes,Yes,22.0,73
AC006809,2025-07-01,A0095,RM003,Intro Call,Opportunistic Real Estate Fund VI,Real Estate,60,Yes,Yes,14.0,38
AC006810,2026-04-01,A0210,RM012,Portfolio Review,Global Infrastructure Partners IV,Infrastructure,54,Yes,Yes,24.0,69
AC006811,2025-09-30,A0186,RM006,In-person Meeting,Private Equity Buyout Fund VII,Private Equity,85,Yes,Yes,14.0,99
AC006812,2025-07-05,A0319,RM014,Due Diligence Meeting,Real Estate Income Fund II,Real Estate,100,Yes,No,25.0,35
AC006813,2026-01-21,A0092,RM009,Product Education,Opportunistic Real Estate Fund VI,Real Estate,66,No,No,,24
AC006814,2025-11-02,A0072,RM009,Intro Call,Growth Equity Partners III,Private Equity,58,No,No,,33
AC006815,2025-12-04,A0189,RM015,Follow-up Call,Core Infrastructure Income Fund III,Infrastructure,70,Yes,Yes,21.0,56
AC006816,2025-06-09,A0024,RM008,In-person Meeting,Global Infrastructure Partners IV,Infrastructure,63,Yes,No,22.0,98
AC006817,2025-12-23,A0087,RM013,Due Diligence Meeting,Opportunistic Real Estate Fund VI,Real Estate,100,No,No,,71
AC006818,2026-03-03,A0137,RM008,Product Education,Opportunistic Real Estate Fund VI,Real Estate,39,Yes,No,22.0,37
AC006819,2026-04-02,A0195,RM005,Follow-up Call,Core Infrastructure Income Fund III,Infrastructure,60,No,No,,25
AC006820,2025-12-29,A0102,RM002,Follow-up Call,Private Equity Buyout Fund VII,Private Equity,52,No,No,,33
AC006821,2025-10-14,A0225,RM016,Product Education,Global Infrastructure Partners IV,Infrastructure,68,No,No,,44
AC006822,2025-10-05,A0349,RM014,In-person Meeting,Opportunistic Real Estate Fund VI,Real Estate,97,No,No,,77
AC006823,2025-07-06,A0218,RM006,In-person Meeting,Global Infrastructure Partners IV,Infrastructure,100,Yes,Yes,16.0,48
AC006824,2025-05-18,A0108,RM008,Webinar,Direct Lending Income Fund V,Private Credit,40,No,No,,50
AC006825,2025-11-09,A0026,RM011,Follow-up Call,Real Estate Income Fund II,Real Estate,53,Yes,Yes,24.0,39
AC006826,2025-11-11,A0048,RM007,Portfolio Review,Direct Lending Income Fund V,Private Credit,78,No,No,,78
AC006827,2025-09-15,A0225,RM016,Intro Call,Private Equity Buyout Fund VII,Private Equity,53,No,No,,36
AC006828,2026-02-14,A0277,RM006,Product Education,Value-Add Real Estate Fund IV,Real Estate,77,No,No,,29
AC006829,2025-05-19,A0024,RM008,Follow-up Call,Core Infrastructure Income Fund III,Infrastructure,44,No,No,,38
AC006830,2025-11-09,A0068,RM004,Portfolio Review,Growth Equity Partners III,Private Equity,89,Yes,Yes,10.0,86
AC006831,2026-04-03,A0121,RM010,In-person Meeting,Senior Direct Lending Fund VI,Private Credit,66,Yes,No,8.0,79
AC006832,2026-02-12,A0121,RM010,In-person Meeting,Direct Lending Income Fund V,Private Credit,85,Yes,Yes,11.0,112
AC006833,2025-10-03,A0385,RM001,In-person Meeting,Senior Direct Lending Fund VI,Private Credit,68,Yes,Yes,22.0,86
AC006834,2026-03-27,A0074,RM008,Follow-up Call,Direct Lending Income Fund V,Private Credit,67,No,No,,31
AC006835,2026-01-29,A0026,RM011,Intro Call,Opportunistic Real Estate Fund VI,Real Estate,48,Yes,No,27.0,44
AC006836,2025-11-08,A0137,RM008,Product Education,Private Equity Buyout Fund VII,Private Equity,42,Yes,Yes,17.0,10
AC006837,2026-01-01,A0048,RM007,In-person Meeting,Private Equity Buyout Fund VII,Private Equity,95,Yes,No,8.0,61
AC006838,2025-11-07,A0046,RM009,Intro Call,Direct Lending Income Fund V,Private Credit,57,No,No,,30
AC006839,2025-06-08,A0160,RM002,Product Education,Global Infrastructure Partners IV,Infrastructure,77,Yes,Yes,29.0,32
AC006840,2025-09-26,A0117,RM010,In-person Meeting,Opportunistic Real Estate Fund VI,Real Estate,45,Yes,No,17.0,45
AC006841,2025-08-30,A0033,RM009,Product Education,Value-Add Real Estate Fund IV,Real Estate,44,Yes,No,5.0,23
AC006842,2026-01-22,A0241,RM014,Product Education,Opportunistic Credit Fund II,Private Credit,53,No,No,,40
AC006843,2025-06-06,A0200,RM007,Intro Call,Direct Lending Income Fund V,Private Credit,72,No,No,,24
AC006844,2025-05-05,A0031,RM010,Portfolio Review,Global Infrastructure Partners IV,Infrastructure,69,Yes,Yes,23.0,61
AC006845,2025-10-04,A0343,RM004,Portfolio Review,Real Estate Income Fund II,Real Estate,67,Yes,Yes,17.0,50
AC006846,2025-08-28,A0108,RM008,Follow-up Call,Opportunistic Real Estate Fund VI,Real Estate,40,Yes,Yes,5.0,45
AC006847,2026-01-02,A0386,RM003,Product Education,Real Estate Income Fund II,Real Estate,85,No,No,,44
AC006848,2026-04-29,A0373,RM005,Webinar,Opportunistic Credit Fund II,Private Credit,41,No,No,,52
AC006849,2026-01-25,A0174,RM016,Intro Call,Opportunistic Credit Fund II,Private Credit,45,No,No,,37
AC006850,2025-10-13,A0087,RM013,Follow-up Call,Direct Lending Income Fund V,Private Credit,76,Yes,No,16.0,52
AC006851,2026-03-23,A0338,RM007,In-person Meeting,Core Infrastructure Income Fund III,Infrastructure,51,Yes,Yes,18.0,86
AC006852,2025-12-15,A0142,RM013,In-person Meeting,Senior Direct Lending Fund VI,Private Credit,65,No,No,,89
AC006853,2026-04-07,A0060,RM006,Follow-up Call,Value-Add Real Estate Fund IV,Real Estate,50,Yes,Yes,6.0,34
AC006854,2025-09-19,A0221,RM001,In-person Meeting,Value-Add Real Estate Fund IV,Real Estate,68,No,No,,83
AC006855,2025-05-02,A0196,RM009,Webinar,Opportunistic Real Estate Fund VI,Real Estate,75,Yes,No,29.0,49
AC006856,2025-07-25,A0342,RM003,Webinar,Direct Lending Income Fund V,Private Credit,29,No,No,,60
AC006857,2025-07-15,A0296,RM001,Product Education,Opportunistic Real Estate Fund VI,Real Estate,71,Yes,Yes,11.0,38
AC006858,2026-03-26,A0347,RM003,Webinar,Real Estate Income Fund II,Real Estate,25,No,No,,48
AC006859,2025-07-24,A0299,RM006,Webinar,Opportunistic Real Estate Fund VI,Real Estate,81,Yes,Yes,6.0,58
AC006860,2025-11-03,A0259,RM007,Follow-up Call,Core Infrastructure Income Fund III,Infrastructure,72,Yes,No,17.0,34
AC006861,2026-02-08,A0199,RM014,Webinar,Global Infrastructure Partners IV,Infrastructure,38,No,No,,49
AC006862,2025-06-28,A0398,RM007,Follow-up Call,Real Estate Income Fund II,Real Estate,81,Yes,Yes,8.0,36
AC006863,2026-03-21,A0385,RM001,Due Diligence Meeting,Opportunistic Real Estate Fund VI,Real Estate,84,No,No,,73
AC006864,2025-12-29,A0342,RM003,Follow-up Call,Private Equity Buyout Fund VII,Private Equity,57,No,No,,33
AC006865,2026-01-24,A0316,RM001,Follow-up Call,Private Equity Buyout Fund VII,Private Equity,47,No,No,,36
AC006866,2026-02-19,A0232,RM012,Portfolio Review,Opportunistic Real Estate Fund VI,Real Estate,56,No,No,,82
AC006867,2026-04-12,A0098,RM009,Webinar,Direct Lending Income Fund V,Private Credit,76,Yes,Yes,11.0,60
AC006868,2026-04-02,A0347,RM003,Due Diligence Meeting,Global Infrastructure Partners IV,Infrastructure,60,No,No,,111
AC006869,2025-06-01,A0006,RM012,Intro Call,Opportunistic Real Estate Fund VI,Real Estate,69,Yes,Yes,17.0,57
AC006870,2025-09-30,A0087,RM013,Intro Call,Private Equity Buyout Fund VII,Private Equity,55,No,No,,35
AC006871,2025-12-05,A0158,RM007,Webinar,Opportunistic Credit Fund II,Private Credit,40,No,No,,46
AC006872,2025-12-29,A0235,RM005,Product Education,Opportunistic Credit Fund II,Private Credit,77,Yes,Yes,6.0,37
AC006873,2025-07-31,A0225,RM016,Intro Call,Value-Add Real Estate Fund IV,Real Estate,50,Yes,Yes,3.0,31
AC006874,2025-09-04,A0062,RM016,Follow-up Call,Private Equity Buyout Fund VII,Private Equity,69,Yes,No,4.0,25
AC006875,2025-12-30,A0036,RM008,Webinar,Senior Direct Lending Fund VI,Private Credit,54,Yes,Yes,18.0,30
AC006876,2026-04-29,A0082,RM003,Follow-up Call,Opportunistic Credit Fund II,Private Credit,54,No,No,,33
AC006877,2025-12-20,A0134,RM006,Follow-up Call,Senior Direct Lending Fund VI,Private Credit,29,No,No,,24
AC006878,2025-12-17,A0008,RM010,Follow-up Call,Global Infrastructure Partners IV,Infrastructure,59,Yes,No,28.0,35
AC006879,2025-09-25,A0280,RM004,In-person Meeting,Direct Lending Income Fund V,Private Credit,77,No,No,,28
AC006880,2026-01-02,A0095,RM003,Webinar,Direct Lending Income Fund V,Private Credit,61,No,No,,49
AC006881,2025-11-19,A0137,RM008,In-person Meeting,Real Estate Income Fund II,Real Estate,59,No,No,,86
AC006882,2025-06-29,A0127,RM014,Webinar,Private Equity Buyout Fund VII,Private Equity,61,No,No,,54
AC006883,2025-06-10,A0203,RM006,Product Education,Private Equity Buyout Fund VII,Private Equity,50,Yes,Yes,23.0,32
AC006884,2026-01-09,A0343,RM004,Webinar,Opportunistic Real Estate Fund VI,Real Estate,55,Yes,Yes,29.0,44
AC006885,2025-08-26,A0054,RM003,In-person Meeting,Opportunistic Real Estate Fund VI,Real Estate,75,No,No,,43
AC006886,2026-01-10,A0130,RM009,Follow-up Call,Opportunistic Credit Fund II,Private Credit,67,No,No,,34
AC006887,2025-07-06,A0280,RM004,Intro Call,Growth Equity Partners III,Private Equity,66,Yes,Yes,2.0,35
AC006888,2026-01-24,A0021,RM010,Intro Call,Private Equity Buyout Fund VII,Private Equity,60,No,No,,33
AC006889,2025-10-01,A0336,RM005,Follow-up Call,Private Equity Buyout Fund VII,Private Equity,50,No,No,,45
AC006890,2025-05-06,A0387,RM006,Portfolio Review,Direct Lending Income Fund V,Private Credit,64,Yes,Yes,19.0,90
AC006891,2025-12-27,A0245,RM010,Webinar,Core Infrastructure Income Fund III,Infrastructure,62,No,No,,62
AC006892,2025-10-26,A0384,RM006,In-person Meeting,Senior Direct Lending Fund VI,Private Credit,57,Yes,Yes,27.0,76
AC006893,2025-05-29,A0165,RM011,Follow-up Call,Growth Equity Partners III,Private Equity,71,Yes,No,9.0,40
AC006894,2025-05-24,A0165,RM011,Due Diligence Meeting,Opportunistic Credit Fund II,Private Credit,100,Yes,Yes,11.0,65
AC006895,2026-03-17,A0036,RM008,Portfolio Review,Opportunistic Real Estate Fund VI,Real Estate,68,Yes,Yes,12.0,81
AC006896,2025-08-09,A0017,RM002,Portfolio Review,Opportunistic Real Estate Fund VI,Real Estate,59,Yes,Yes,18.0,84
AC006897,2025-12-14,A0094,RM005,Follow-up Call,Real Estate Income Fund II,Real Estate,55,No,No,,24
AC006898,2025-09-12,A0191,RM014,Webinar,Global Infrastructure Partners IV,Infrastructure,18,No,No,,59
AC006899,2026-02-15,A0201,RM008,Product Education,Core Infrastructure Income Fund III,Infrastructure,81,Yes,Yes,11.0,26
AC006900,2026-02-23,A0079,RM015,Due Diligence Meeting,Private Equity Buyout Fund VII,Private Equity,90,Yes,Yes,29.0,80
AC006901,2025-12-10,A0248,RM013,In-person Meeting,Opportunistic Credit Fund II,Private Credit,76,Yes,No,24.0,49
AC006902,2025-08-10,A0065,RM005,Portfolio Review,Opportunistic Real Estate Fund VI,Real Estate,83,Yes,Yes,28.0,43
AC006903,2025-12-22,A0124,RM007,Due Diligence Meeting,Private Equity Buyout Fund VII,Private Equity,100,Yes,Yes,11.0,68
AC006904,2026-02-03,A0071,RM003,Due Diligence Meeting,Growth Equity Partners III,Private Equity,68,Yes,Yes,3.0,70
AC006905,2025-12-10,A0281,RM009,In-person Meeting,Core Infrastructure Income Fund III,Infrastructure,72,Yes,Yes,16.0,72
AC006906,2026-02-11,A0204,RM004,In-person Meeting,Senior Direct Lending Fund VI,Private Credit,71,No,No,,60
AC006907,2026-02-14,A0299,RM006,Product Education,Value-Add Real Estate Fund IV,Real Estate,61,Yes,Yes,3.0,43
AC006908,2025-08-07,A0025,RM011,Intro Call,Opportunistic Real Estate Fund VI,Real Estate,59,No,No,,27
AC006909,2025-11-11,A0171,RM016,Follow-up Call,Senior Direct Lending Fund VI,Private Credit,62,No,No,,10
AC006910,2026-01-30,A0389,RM004,Intro Call,Opportunistic Real Estate Fund VI,Real Estate,44,No,No,,36
AC006911,2025-12-24,A0024,RM008,Portfolio Review,Senior Direct Lending Fund VI,Private Credit,51,Yes,No,12.0,54
AC006912,2025-06-02,A0167,RM008,Webinar,Real Estate Income Fund II,Real Estate,50,No,No,,52
AC006913,2025-10-06,A0019,RM006,In-person Meeting,Senior Direct Lending Fund VI,Private Credit,73,Yes,Yes,3.0,49
AC006914,2025-07-16,A0052,RM006,Intro Call,Private Equity Buyout Fund VII,Private Equity,53,No,No,,38
AC006915,2025-05-15,A0186,RM006,In-person Meeting,Opportunistic Real Estate Fund VI,Real Estate,69,Yes,No,29.0,75
AC006916,2026-03-03,A0057,RM015,Follow-up Call,Senior Direct Lending Fund VI,Private Credit,42,Yes,No,23.0,24
AC006917,2025-12-19,A0204,RM004,Webinar,Private Equity Buyout Fund VII,Private Equity,35,Yes,Yes,5.0,45
AC006918,2025-10-29,A0370,RM009,Portfolio Review,Private Equity Buyout Fund VII,Private Equity,74,No,No,,75
AC006919,2026-04-23,A0073,RM002,Follow-up Call,Direct Lending Income Fund V,Private Credit,49,Yes,Yes,22.0,29
AC006920,2026-01-04,A0037,RM013,Portfolio Review,Opportunistic Real Estate Fund VI,Real Estate,83,Yes,Yes,10.0,83
AC006921,2025-12-20,A0334,RM007,Follow-up Call,Real Estate Income Fund II,Real Estate,47,No,No,,10
AC006922,2025-09-30,A0183,RM014,Product Education,Global Infrastructure Partners IV,Infrastructure,60,Yes,Yes,9.0,40
AC006923,2025-08-31,A0350,RM007,Webinar,Senior Direct Lending Fund VI,Private Credit,36,No,No,,58
AC006924,2025-07-29,A0117,RM010,In-person Meeting,Real Estate Income Fund II,Real Estate,62,Yes,No,11.0,69
AC006925,2025-08-07,A0253,RM004,Product Education,Opportunistic Real Estate Fund VI,Real Estate,66,Yes,Yes,14.0,27
AC006926,2026-03-10,A0370,RM009,In-person Meeting,Senior Direct Lending Fund VI,Private Credit,75,Yes,No,23.0,79
AC006927,2025-11-09,A0062,RM016,Intro Call,Global Infrastructure Partners IV,Infrastructure,82,Yes,Yes,12.0,44
AC006928,2025-07-13,A0326,RM014,Intro Call,Global Infrastructure Partners IV,Infrastructure,36,Yes,Yes,21.0,31
AC006929,2025-12-16,A0256,RM015,Intro Call,Core Infrastructure Income Fund III,Infrastructure,36,Yes,No,17.0,34
AC006930,2025-08-27,A0329,RM001,Due Diligence Meeting,Direct Lending Income Fund V,Private Credit,72,Yes,No,15.0,77
AC006931,2025-08-18,A0062,RM016,Follow-up Call,Core Infrastructure Income Fund III,Infrastructure,81,Yes,Yes,9.0,29
AC006932,2025-05-10,A0174,RM016,Product Education,Value-Add Real Estate Fund IV,Real Estate,58,No,No,,36
AC006933,2025-05-17,A0046,RM009,Webinar,Senior Direct Lending Fund VI,Private Credit,49,No,No,,68
AC006934,2026-04-24,A0386,RM003,Webinar,Growth Equity Partners III,Private Equity,80,Yes,Yes,14.0,58
AC006935,2025-09-09,A0026,RM011,Intro Call,Value-Add Real Estate Fund IV,Real Estate,37,Yes,No,7.0,38
AC006936,2026-01-22,A0026,RM011,Due Diligence Meeting,Value-Add Real Estate Fund IV,Real Estate,56,Yes,No,10.0,66
AC006937,2026-04-27,A0359,RM013,Product Education,Core Infrastructure Income Fund III,Infrastructure,45,No,No,,17
AC006938,2025-11-16,A0114,RM016,Intro Call,Direct Lending Income Fund V,Private Credit,54,No,No,,33
AC006939,2025-06-25,A0239,RM003,Follow-up Call,Senior Direct Lending Fund VI,Private Credit,61,Yes,No,12.0,32
AC006940,2026-04-19,A0108,RM008,Follow-up Call,Value-Add Real Estate Fund IV,Real Estate,41,Yes,Yes,16.0,42
AC006941,2025-07-05,A0261,RM005,Follow-up Call,Growth Equity Partners III,Private Equity,61,Yes,Yes,25.0,28
AC006942,2025-12-13,A0071,RM003,In-person Meeting,Opportunistic Credit Fund II,Private Credit,70,Yes,Yes,8.0,65
AC006943,2026-02-26,A0183,RM014,In-person Meeting,Senior Direct Lending Fund VI,Private Credit,64,Yes,Yes,21.0,80
AC006944,2026-03-24,A0211,RM006,Webinar,Growth Equity Partners III,Private Equity,73,Yes,No,17.0,46
AC006945,2025-06-16,A0127,RM014,In-person Meeting,Global Infrastructure Partners IV,Infrastructure,88,Yes,Yes,15.0,62
AC006946,2025-05-28,A0096,RM010,Intro Call,Core Infrastructure Income Fund III,Infrastructure,70,Yes,Yes,27.0,47
AC006947,2026-02-22,A0049,RM011,Intro Call,Real Estate Income Fund II,Real Estate,44,No,No,,31
AC006948,2025-12-06,A0286,RM008,Due Diligence Meeting,Opportunistic Real Estate Fund VI,Real Estate,60,Yes,Yes,28.0,92
AC006949,2026-04-03,A0061,RM006,Product Education,Opportunistic Real Estate Fund VI,Real Estate,75,No,No,,35
AC006950,2025-06-09,A0110,RM003,Follow-up Call,Global Infrastructure Partners IV,Infrastructure,43,No,No,,48
AC006951,2025-10-05,A0128,RM002,Product Education,Value-Add Real Estate Fund IV,Real Estate,70,Yes,No,27.0,34
AC006952,2026-04-05,A0183,RM014,Intro Call,Value-Add Real Estate Fund IV,Real Estate,57,Yes,Yes,23.0,29
AC006953,2025-07-26,A0285,RM011,Follow-up Call,Global Infrastructure Partners IV,Infrastructure,52,Yes,Yes,22.0,19
AC006954,2025-06-07,A0172,RM009,Product Education,Opportunistic Credit Fund II,Private Credit,74,No,No,,34
AC006955,2026-01-28,A0346,RM016,Intro Call,Global Infrastructure Partners IV,Infrastructure,77,Yes,Yes,16.0,43
AC006956,2025-10-13,A0276,RM005,Follow-up Call,Global Infrastructure Partners IV,Infrastructure,81,Yes,Yes,3.0,19
AC006957,2025-11-19,A0340,RM016,In-person Meeting,Value-Add Real Estate Fund IV,Real Estate,65,Yes,Yes,16.0,84
AC006958,2025-05-02,A0291,RM003,Follow-up Call,Direct Lending Income Fund V,Private Credit,55,No,No,,40
AC006959,2025-10-21,A0052,RM006,Follow-up Call,Growth Equity Partners III,Private Equity,70,Yes,Yes,5.0,33
AC006960,2025-06-06,A0396,RM016,Follow-up Call,Private Equity Buyout Fund VII,Private Equity,58,No,No,,55
AC006961,2025-05-29,A0322,RM006,Follow-up Call,Global Infrastructure Partners IV,Infrastructure,76,No,No,,30
AC006962,2025-11-24,A0230,RM001,Follow-up Call,Direct Lending Income Fund V,Private Credit,49,No,No,,23
AC006963,2026-02-04,A0060,RM006,Webinar,Private Equity Buyout Fund VII,Private Equity,64,No,No,,56
AC006964,2026-03-14,A0062,RM016,Follow-up Call,Opportunistic Real Estate Fund VI,Real Estate,71,Yes,Yes,9.0,20
AC006965,2025-08-22,A0249,RM001,Portfolio Review,Value-Add Real Estate Fund IV,Real Estate,75,Yes,Yes,18.0,62
AC006966,2025-09-26,A0166,RM013,Follow-up Call,Senior Direct Lending Fund VI,Private Credit,83,Yes,Yes,17.0,41
AC006967,2026-04-10,A0276,RM005,Webinar,Core Infrastructure Income Fund III,Infrastructure,75,Yes,Yes,27.0,39
AC006968,2025-10-22,A0145,RM006,Webinar,Senior Direct Lending Fund VI,Private Credit,50,No,No,,58
AC006969,2025-10-28,A0203,RM006,Portfolio Review,Opportunistic Credit Fund II,Private Credit,58,Yes,Yes,6.0,80
AC006970,2025-11-05,A0069,RM016,Webinar,Private Equity Buyout Fund VII,Private Equity,72,Yes,Yes,3.0,43
AC006971,2025-12-31,A0054,RM003,Portfolio Review,Global Infrastructure Partners IV,Infrastructure,89,Yes,No,14.0,78
AC006972,2025-11-15,A0030,RM009,Intro Call,Opportunistic Real Estate Fund VI,Real Estate,84,Yes,Yes,28.0,30
AC006973,2025-09-30,A0333,RM006,Webinar,Growth Equity Partners III,Private Equity,51,No,No,,54
AC006974,2026-03-13,A0223,RM008,Intro Call,Core Infrastructure Income Fund III,Infrastructure,63,No,No,,34
AC006975,2025-12-23,A0381,RM004,Follow-up Call,Opportunistic Real Estate Fund VI,Real Estate,30,No,No,,49
AC006976,2025-10-25,A0305,RM007,Product Education,Direct Lending Income Fund V,Private Credit,56,No,No,,35
AC006977,2026-01-19,A0312,RM009,Due Diligence Meeting,Direct Lending Income Fund V,Private Credit,82,Yes,No,15.0,33
AC006978,2025-08-06,A0202,RM002,Webinar,Opportunistic Credit Fund II,Private Credit,52,Yes,Yes,24.0,38
AC006979,2025-09-19,A0331,RM013,In-person Meeting,Core Infrastructure Income Fund III,Infrastructure,73,Yes,Yes,28.0,52
AC006980,2026-02-06,A0377,RM013,Webinar,Core Infrastructure Income Fund III,Infrastructure,39,No,No,,59
AC006981,2025-08-03,A0294,RM012,Follow-up Call,Private Equity Buyout Fund VII,Private Equity,56,No,No,,33
AC006982,2026-01-14,A0036,RM008,In-person Meeting,Opportunistic Real Estate Fund VI,Real Estate,68,Yes,Yes,13.0,101
AC006983,2025-06-25,A0262,RM009,Follow-up Call,Core Infrastructure Income Fund III,Infrastructure,81,Yes,Yes,19.0,31
AC006984,2025-07-20,A0044,RM005,Follow-up Call,Growth Equity Partners III,Private Equity,38,Yes,No,19.0,31
AC006985,2025-12-24,A0031,RM010,Portfolio Review,Value-Add Real Estate Fund IV,Real Estate,54,Yes,No,20.0,60
AC006986,2025-06-17,A0280,RM004,Product Education,Global Infrastructure Partners IV,Infrastructure,81,No,No,,31
AC006987,2025-09-23,A0338,RM007,Follow-up Call,Direct Lending Income Fund V,Private Credit,58,Yes,No,16.0,40
AC006988,2025-12-29,A0058,RM007,Follow-up Call,Opportunistic Credit Fund II,Private Credit,70,No,No,,22
AC006989,2025-10-07,A0029,RM002,Due Diligence Meeting,Opportunistic Credit Fund II,Private Credit,87,Yes,Yes,7.0,47
AC006990,2025-09-07,A0352,RM002,In-person Meeting,Core Infrastructure Income Fund III,Infrastructure,91,Yes,No,7.0,51
AC006991,2025-11-22,A0046,RM009,Due Diligence Meeting,Core Infrastructure Income Fund III,Infrastructure,87,No,No,,67
AC006992,2025-07-04,A0017,RM002,Follow-up Call,Direct Lending Income Fund V,Private Credit,55,Yes,Yes,14.0,35
AC006993,2025-09-07,A0293,RM001,Follow-up Call,Value-Add Real Estate Fund IV,Real Estate,77,Yes,Yes,8.0,39
AC006994,2025-10-30,A0341,RM002,Follow-up Call,Private Equity Buyout Fund VII,Private Equity,64,No,No,,36
AC006995,2025-08-07,A0203,RM006,Portfolio Review,Senior Direct Lending Fund VI,Private Credit,64,No,No,,90
AC006996,2026-01-15,A0215,RM005,In-person Meeting,Opportunistic Credit Fund II,Private Credit,79,Yes,Yes,2.0,74
AC006997,2026-02-16,A0128,RM002,In-person Meeting,Opportunistic Credit Fund II,Private Credit,73,No,No,,79
AC006998,2025-10-07,A0092,RM009,Webinar,Opportunistic Real Estate Fund VI,Real Estate,66,Yes,Yes,19.0,43
AC006999,2026-04-23,A0307,RM014,Follow-up Call,Real Estate Income Fund II,Real Estate,49,Yes,Yes,10.0,32
AC007000,2025-10-06,A0342,RM003,Follow-up Call,Senior Direct Lending Fund VI,Private Credit,52,Yes,No,7.0,44
AC007001,2025-07-11,A0121,RM010,Follow-up Call,Direct Lending Income Fund V,Private Credit,74,Yes,No,18.0,43
AC007002,2025-05-15,A0103,RM005,Follow-up Call,Opportunistic Credit Fund II,Private Credit,35,Yes,No,14.0,46
AC007003,2026-03-18,A0102,RM002,Due Diligence Meeting,Global Infrastructure Partners IV,Infrastructure,78,No,No,,89
AC007004,2025-12-04,A0024,RM008,Product Education,Core Infrastructure Income Fund III,Infrastructure,41,No,No,,36
AC007005,2026-04-19,A0107,RM004,Intro Call,Direct Lending Income Fund V,Private Credit,51,Yes,Yes,25.0,32
AC007006,2025-09-15,A0014,RM013,Webinar,Opportunistic Credit Fund II,Private Credit,47,Yes,Yes,23.0,55
AC007007,2025-09-17,A0323,RM016,Product Education,Senior Direct Lending Fund VI,Private Credit,69,No,No,,23
AC007008,2025-07-15,A0097,RM009,Due Diligence Meeting,Direct Lending Income Fund V,Private Credit,57,Yes,Yes,6.0,74
AC007009,2026-01-05,A0279,RM008,Intro Call,Direct Lending Income Fund V,Private Credit,45,No,No,,38
AC007010,2025-12-23,A0217,RM006,Product Education,Direct Lending Income Fund V,Private Credit,68,Yes,Yes,11.0,52
AC007011,2025-10-08,A0339,RM004,Follow-up Call,Value-Add Real Estate Fund IV,Real Estate,59,Yes,No,21.0,55
AC007012,2026-03-20,A0386,RM003,Product Education,Private Equity Buyout Fund VII,Private Equity,65,No,No,,35
AC007013,2025-12-21,A0143,RM009,In-person Meeting,Opportunistic Real Estate Fund VI,Real Estate,69,Yes,Yes,19.0,72
AC007014,2025-11-09,A0033,RM009,Intro Call,Direct Lending Income Fund V,Private Credit,74,Yes,Yes,9.0,34
AC007015,2025-12-30,A0305,RM007,Portfolio Review,Global Infrastructure Partners IV,Infrastructure,78,Yes,Yes,29.0,70
AC007016,2025-07-10,A0012,RM012,Due Diligence Meeting,Senior Direct Lending Fund VI,Private Credit,88,Yes,Yes,27.0,46
AC007017,2026-02-26,A0083,RM012,Due Diligence Meeting,Opportunistic Real Estate Fund VI,Real Estate,67,Yes,No,10.0,77
AC007018,2025-09-20,A0024,RM008,Portfolio Review,Real Estate Income Fund II,Real Estate,59,Yes,Yes,2.0,52
AC007019,2025-07-10,A0359,RM013,Webinar,Senior Direct Lending Fund VI,Private Credit,28,Yes,No,6.0,52
AC007020,2026-04-01,A0004,RM016,Intro Call,Opportunistic Real Estate Fund VI,Real Estate,47,No,No,,34
AC007021,2026-04-22,A0197,RM010,Product Education,Opportunistic Real Estate Fund VI,Real Estate,90,No,No,,30
AC007022,2025-07-11,A0171,RM016,Follow-up Call,Opportunistic Real Estate Fund VI,Real Estate,61,No,No,,31
AC007023,2025-09-30,A0263,RM014,Intro Call,Opportunistic Credit Fund II,Private Credit,48,No,No,,30
AC007024,2025-05-09,A0109,RM008,Portfolio Review,Opportunistic Real Estate Fund VI,Real Estate,61,Yes,No,3.0,60
AC007025,2026-04-25,A0347,RM003,Webinar,Real Estate Income Fund II,Real Estate,38,No,No,,52
AC007026,2025-10-23,A0298,RM008,Intro Call,Real Estate Income Fund II,Real Estate,36,Yes,Yes,12.0,43
AC007027,2025-11-28,A0173,RM016,Portfolio Review,Growth Equity Partners III,Private Equity,56,No,No,,71
AC007028,2025-05-15,A0140,RM007,Follow-up Call,Direct Lending Income Fund V,Private Credit,44,No,No,,24
AC007029,2026-01-11,A0331,RM013,Portfolio Review,Value-Add Real Estate Fund IV,Real Estate,79,No,No,,101
AC007030,2026-01-15,A0307,RM014,Intro Call,Direct Lending Income Fund V,Private Credit,32,No,No,,37
AC007031,2026-04-26,A0156,RM004,Intro Call,Value-Add Real Estate Fund IV,Real Estate,41,No,No,,37
AC007032,2026-03-11,A0130,RM009,Intro Call,Global Infrastructure Partners IV,Infrastructure,72,Yes,Yes,23.0,29
AC007033,2025-08-08,A0019,RM006,In-person Meeting,Real Estate Income Fund II,Real Estate,50,Yes,Yes,22.0,101
AC007034,2025-10-23,A0031,RM010,Webinar,Direct Lending Income Fund V,Private Credit,53,Yes,Yes,7.0,62
AC007035,2025-09-23,A0024,RM008,Intro Call,Growth Equity Partners III,Private Equity,42,Yes,No,29.0,26
AC007036,2025-12-01,A0013,RM011,Follow-up Call,Direct Lending Income Fund V,Private Credit,57,Yes,Yes,10.0,34
AC007037,2025-09-20,A0054,RM003,Due Diligence Meeting,Global Infrastructure Partners IV,Infrastructure,92,Yes,Yes,27.0,93
AC007038,2025-05-10,A0343,RM004,Follow-up Call,Opportunistic Real Estate Fund VI,Real Estate,65,Yes,No,11.0,37
AC007039,2025-07-25,A0324,RM008,Intro Call,Core Infrastructure Income Fund III,Infrastructure,62,Yes,Yes,17.0,19
AC007040,2025-07-28,A0341,RM002,Product Education,Growth Equity Partners III,Private Equity,63,No,No,,36
AC007041,2025-05-18,A0251,RM007,Product Education,Real Estate Income Fund II,Real Estate,49,Yes,Yes,24.0,32
AC007042,2026-04-21,A0251,RM007,Intro Call,Core Infrastructure Income Fund III,Infrastructure,23,Yes,No,23.0,35
AC007043,2025-09-24,A0045,RM016,Follow-up Call,Global Infrastructure Partners IV,Infrastructure,78,No,No,,33
AC007044,2025-05-05,A0283,RM010,Webinar,Opportunistic Credit Fund II,Private Credit,69,No,No,,47
AC007045,2025-10-25,A0106,RM001,Webinar,Global Infrastructure Partners IV,Infrastructure,54,No,No,,62
AC007046,2026-03-28,A0204,RM004,In-person Meeting,Opportunistic Credit Fund II,Private Credit,55,No,No,,83
AC007047,2025-12-08,A0383,RM010,Follow-up Call,Value-Add Real Estate Fund IV,Real Estate,58,Yes,Yes,15.0,48
AC007048,2026-03-04,A0345,RM016,Webinar,Private Equity Buyout Fund VII,Private Equity,61,Yes,Yes,3.0,43
AC007049,2026-01-17,A0089,RM012,In-person Meeting,Value-Add Real Estate Fund IV,Real Estate,84,Yes,No,22.0,92
AC007050,2025-11-28,A0299,RM006,In-person Meeting,Direct Lending Income Fund V,Private Credit,82,Yes,Yes,16.0,98
AC007051,2025-08-05,A0036,RM008,Intro Call,Growth Equity Partners III,Private Equity,42,Yes,No,13.0,41
AC007052,2025-05-04,A0015,RM005,Follow-up Call,Senior Direct Lending Fund VI,Private Credit,75,No,No,,38
AC007053,2025-12-01,A0015,RM005,Follow-up Call,Opportunistic Credit Fund II,Private Credit,72,No,No,,35
AC007054,2026-02-21,A0062,RM016,In-person Meeting,Direct Lending Income Fund V,Private Credit,79,No,No,,55
AC007055,2025-11-13,A0281,RM009,Due Diligence Meeting,Growth Equity Partners III,Private Equity,81,No,No,,80
AC007056,2025-09-20,A0142,RM013,In-person Meeting,Opportunistic Credit Fund II,Private Credit,95,No,No,,83
AC007057,2026-01-15,A0008,RM010,In-person Meeting,Real Estate Income Fund II,Real Estate,67,Yes,No,17.0,76
AC007058,2026-03-21,A0398,RM007,Follow-up Call,Growth Equity Partners III,Private Equity,91,Yes,Yes,29.0,23
AC007059,2025-07-12,A0211,RM006,Webinar,Private Equity Buyout Fund VII,Private Equity,74,Yes,Yes,13.0,46
AC007060,2026-03-11,A0154,RM002,Follow-up Call,Senior Direct Lending Fund VI,Private Credit,82,Yes,Yes,10.0,31
AC007061,2026-01-23,A0204,RM004,Follow-up Call,Growth Equity Partners III,Private Equity,44,Yes,Yes,22.0,46
AC007062,2026-01-06,A0205,RM014,Webinar,Direct Lending Income Fund V,Private Credit,39,No,No,,53
AC007063,2025-12-07,A0186,RM006,Product Education,Opportunistic Credit Fund II,Private Credit,72,No,No,,32
AC007064,2026-04-16,A0248,RM013,Intro Call,Opportunistic Real Estate Fund VI,Real Estate,38,Yes,Yes,19.0,20
AC007065,2026-03-25,A0351,RM007,Follow-up Call,Core Infrastructure Income Fund III,Infrastructure,44,No,No,,39
AC007066,2025-09-03,A0115,RM012,Follow-up Call,Real Estate Income Fund II,Real Estate,80,Yes,Yes,28.0,33
AC007067,2026-04-16,A0195,RM005,Intro Call,Global Infrastructure Partners IV,Infrastructure,53,No,No,,30
AC007068,2025-12-25,A0003,RM001,Intro Call,Real Estate Income Fund II,Real Estate,27,No,No,,25
AC007069,2026-01-22,A0343,RM004,Intro Call,Growth Equity Partners III,Private Equity,67,Yes,Yes,27.0,26
AC007070,2025-10-29,A0117,RM010,Follow-up Call,Direct Lending Income Fund V,Private Credit,41,No,No,,30
AC007071,2025-10-08,A0102,RM002,Follow-up Call,Global Infrastructure Partners IV,Infrastructure,55,No,No,,34
AC007072,2026-04-02,A0400,RM006,Follow-up Call,Private Equity Buyout Fund VII,Private Equity,84,Yes,Yes,6.0,42
AC007073,2026-04-01,A0234,RM008,Follow-up Call,Direct Lending Income Fund V,Private Credit,79,No,No,,30
AC007074,2026-03-05,A0045,RM016,Intro Call,Core Infrastructure Income Fund III,Infrastructure,70,No,No,,31
AC007075,2025-05-14,A0100,RM006,Follow-up Call,Growth Equity Partners III,Private Equity,65,Yes,No,24.0,48
AC007076,2026-03-27,A0137,RM008,Product Education,Private Equity Buyout Fund VII,Private Equity,45,No,No,,15
AC007077,2025-11-02,A0398,RM007,Intro Call,Opportunistic Real Estate Fund VI,Real Estate,85,Yes,No,22.0,31
AC007078,2025-09-22,A0173,RM016,In-person Meeting,Core Infrastructure Income Fund III,Infrastructure,61,Yes,No,22.0,72
AC007079,2026-04-30,A0088,RM014,Intro Call,Direct Lending Income Fund V,Private Credit,29,Yes,No,6.0,33
AC007080,2025-10-14,A0229,RM002,Webinar,Growth Equity Partners III,Private Equity,32,Yes,Yes,7.0,55
AC007081,2025-05-23,A0158,RM007,Follow-up Call,Growth Equity Partners III,Private Equity,44,Yes,No,13.0,29
AC007082,2025-10-09,A0024,RM008,Portfolio Review,Real Estate Income Fund II,Real Estate,57,Yes,Yes,25.0,56
AC007083,2026-02-11,A0343,RM004,Webinar,Real Estate Income Fund II,Real Estate,63,Yes,Yes,17.0,41
AC007084,2025-10-18,A0008,RM010,Intro Call,Value-Add Real Estate Fund IV,Real Estate,44,Yes,Yes,14.0,33
AC007085,2025-05-14,A0359,RM013,Follow-up Call,Real Estate Income Fund II,Real Estate,34,Yes,No,13.0,35
AC007086,2025-06-04,A0323,RM016,In-person Meeting,Growth Equity Partners III,Private Equity,88,Yes,No,17.0,71
AC007087,2025-12-11,A0030,RM009,Follow-up Call,Senior Direct Lending Fund VI,Private Credit,78,Yes,Yes,18.0,39
AC007088,2025-05-03,A0294,RM012,Follow-up Call,Growth Equity Partners III,Private Equity,68,No,No,,42
AC007089,2025-07-10,A0314,RM016,Follow-up Call,Growth Equity Partners III,Private Equity,43,Yes,No,10.0,42
AC007090,2025-11-17,A0241,RM014,Webinar,Private Equity Buyout Fund VII,Private Equity,44,Yes,Yes,21.0,47
AC007091,2025-05-01,A0232,RM012,Follow-up Call,Private Equity Buyout Fund VII,Private Equity,44,No,No,,52
AC007092,2025-12-05,A0024,RM008,Product Education,Core Infrastructure Income Fund III,Infrastructure,54,No,No,,35
AC007093,2025-09-27,A0026,RM011,Intro Call,Core Infrastructure Income Fund III,Infrastructure,52,No,No,,34
AC007094,2026-02-20,A0296,RM001,Portfolio Review,Value-Add Real Estate Fund IV,Real Estate,76,Yes,Yes,12.0,78
AC007095,2025-08-25,A0036,RM008,Follow-up Call,Direct Lending Income Fund V,Private Credit,65,Yes,Yes,14.0,35
AC007096,2026-03-10,A0093,RM012,Due Diligence Meeting,Private Equity Buyout Fund VII,Private Equity,64,No,No,,71
AC007097,2025-07-26,A0199,RM014,Follow-up Call,Global Infrastructure Partners IV,Infrastructure,71,Yes,No,4.0,44
AC007098,2026-02-11,A0060,RM006,Product Education,Senior Direct Lending Fund VI,Private Credit,70,Yes,No,24.0,32
AC007099,2025-11-30,A0323,RM016,Portfolio Review,Opportunistic Real Estate Fund VI,Real Estate,85,Yes,No,28.0,88
AC007100,2026-01-01,A0326,RM014,Webinar,Direct Lending Income Fund V,Private Credit,40,No,No,,56
AC007101,2025-10-21,A0340,RM016,Follow-up Call,Private Equity Buyout Fund VII,Private Equity,54,No,No,,31
AC007102,2025-12-19,A0024,RM008,Portfolio Review,Value-Add Real Estate Fund IV,Real Estate,48,No,No,,79
AC007103,2026-02-07,A0172,RM009,Product Education,Opportunistic Credit Fund II,Private Credit,63,Yes,Yes,21.0,28
AC007104,2026-01-01,A0341,RM002,Follow-up Call,Real Estate Income Fund II,Real Estate,65,Yes,Yes,15.0,29
AC007105,2026-03-01,A0142,RM013,Due Diligence Meeting,Core Infrastructure Income Fund III,Infrastructure,73,Yes,Yes,10.0,38
AC007106,2025-12-16,A0281,RM009,Intro Call,Senior Direct Lending Fund VI,Private Credit,41,No,No,,40
AC007107,2026-03-27,A0236,RM006,Follow-up Call,Senior Direct Lending Fund VI,Private Credit,61,Yes,Yes,25.0,52
AC007108,2026-04-15,A0134,RM006,Intro Call,Private Equity Buyout Fund VII,Private Equity,33,Yes,Yes,18.0,50
AC007109,2025-12-27,A0105,RM004,In-person Meeting,Senior Direct Lending Fund VI,Private Credit,58,Yes,No,4.0,65
AC007110,2026-01-09,A0263,RM014,Follow-up Call,Senior Direct Lending Fund VI,Private Credit,42,Yes,Yes,28.0,45
AC007111,2025-06-21,A0048,RM007,Follow-up Call,Growth Equity Partners III,Private Equity,73,Yes,Yes,25.0,40
AC007112,2026-03-28,A0343,RM004,Follow-up Call,Opportunistic Credit Fund II,Private Credit,70,No,No,,20
AC007113,2025-09-19,A0232,RM012,Portfolio Review,Core Infrastructure Income Fund III,Infrastructure,46,Yes,Yes,10.0,81
AC007114,2025-12-02,A0040,RM001,Portfolio Review,Private Equity Buyout Fund VII,Private Equity,84,Yes,Yes,18.0,106
AC007115,2025-08-29,A0285,RM011,In-person Meeting,Direct Lending Income Fund V,Private Credit,80,No,No,,83
AC007116,2025-09-02,A0173,RM016,Follow-up Call,Private Equity Buyout Fund VII,Private Equity,51,Yes,Yes,23.0,22
AC007117,2025-06-25,A0074,RM008,Webinar,Opportunistic Credit Fund II,Private Credit,59,No,No,,37
AC007118,2026-01-02,A0386,RM003,Intro Call,Core Infrastructure Income Fund III,Infrastructure,96,No,No,,19
AC007119,2026-04-20,A0293,RM001,In-person Meeting,Core Infrastructure Income Fund III,Infrastructure,86,Yes,Yes,10.0,58
AC007120,2025-10-27,A0238,RM015,Due Diligence Meeting,Growth Equity Partners III,Private Equity,82,No,No,,82
AC007121,2025-08-18,A0342,RM003,Follow-up Call,Private Equity Buyout Fund VII,Private Equity,49,Yes,Yes,24.0,34
AC007122,2025-06-02,A0218,RM006,Follow-up Call,Direct Lending Income Fund V,Private Credit,69,No,No,,36
AC007123,2025-06-17,A0176,RM003,Product Education,Direct Lending Income Fund V,Private Credit,74,Yes,Yes,10.0,52
AC007124,2026-03-03,A0069,RM016,Due Diligence Meeting,Opportunistic Credit Fund II,Private Credit,97,Yes,Yes,9.0,90
AC007125,2026-04-14,A0054,RM003,Product Education,Growth Equity Partners III,Private Equity,72,Yes,Yes,4.0,40
AC007126,2025-12-05,A0173,RM016,Product Education,Opportunistic Real Estate Fund VI,Real Estate,65,Yes,Yes,26.0,34
AC007127,2025-05-16,A0183,RM014,Webinar,Senior Direct Lending Fund VI,Private Credit,49,Yes,Yes,14.0,59
AC007128,2025-06-09,A0297,RM006,Webinar,Growth Equity Partners III,Private Equity,69,Yes,Yes,2.0,45
AC007129,2026-02-23,A0176,RM003,Portfolio Review,Opportunistic Real Estate Fund VI,Real Estate,78,Yes,Yes,2.0,94
AC007130,2025-10-20,A0238,RM015,Due Diligence Meeting,Opportunistic Credit Fund II,Private Credit,75,No,No,,111
AC007131,2025-07-20,A0337,RM002,Portfolio Review,Direct Lending Income Fund V,Private Credit,78,No,No,,56
AC007132,2026-04-01,A0399,RM006,Due Diligence Meeting,Real Estate Income Fund II,Real Estate,73,Yes,No,28.0,64
AC007133,2026-04-03,A0122,RM006,In-person Meeting,Senior Direct Lending Fund VI,Private Credit,100,No,No,,73
AC007134,2025-06-08,A0361,RM001,Product Education,Opportunistic Real Estate Fund VI,Real Estate,53,No,No,,38
AC007135,2025-09-21,A0326,RM014,Webinar,Value-Add Real Estate Fund IV,Real Estate,43,No,No,,38
AC007136,2025-08-05,A0028,RM011,Due Diligence Meeting,Private Equity Buyout Fund VII,Private Equity,74,No,No,,49
AC007137,2026-04-12,A0127,RM014,Webinar,Opportunistic Real Estate Fund VI,Real Estate,63,Yes,No,11.0,31
AC007138,2025-07-21,A0079,RM015,Due Diligence Meeting,Core Infrastructure Income Fund III,Infrastructure,73,No,No,,85
AC007139,2026-01-03,A0271,RM014,Intro Call,Value-Add Real Estate Fund IV,Real Estate,43,No,No,,11
AC007140,2026-02-12,A0223,RM008,Webinar,Senior Direct Lending Fund VI,Private Credit,48,Yes,No,5.0,50
AC007141,2026-01-22,A0197,RM010,Intro Call,Core Infrastructure Income Fund III,Infrastructure,62,Yes,Yes,11.0,16
AC007142,2025-08-27,A0310,RM010,Follow-up Call,Opportunistic Real Estate Fund VI,Real Estate,52,No,No,,29
AC007143,2026-04-16,A0127,RM014,Product Education,Growth Equity Partners III,Private Equity,74,Yes,Yes,6.0,45
AC007144,2025-12-28,A0150,RM006,Intro Call,Global Infrastructure Partners IV,Infrastructure,56,Yes,Yes,29.0,25
AC007145,2025-06-18,A0343,RM004,Follow-up Call,Senior Direct Lending Fund VI,Private Credit,69,Yes,No,25.0,24
AC007146,2025-10-17,A0391,RM012,Product Education,Opportunistic Real Estate Fund VI,Real Estate,57,Yes,Yes,25.0,26
AC007147,2026-03-15,A0317,RM011,Due Diligence Meeting,Opportunistic Real Estate Fund VI,Real Estate,71,Yes,No,11.0,89
AC007148,2026-04-21,A0078,RM016,Intro Call,Senior Direct Lending Fund VI,Private Credit,56,Yes,No,11.0,39
AC007149,2025-08-26,A0040,RM001,Follow-up Call,Direct Lending Income Fund V,Private Credit,86,Yes,Yes,21.0,30
AC007150,2026-04-14,A0076,RM007,Due Diligence Meeting,Opportunistic Credit Fund II,Private Credit,83,Yes,Yes,29.0,99
AC007151,2025-10-25,A0170,RM012,Follow-up Call,Opportunistic Real Estate Fund VI,Real Estate,66,Yes,No,15.0,26
AC007152,2025-09-29,A0090,RM014,Follow-up Call,Growth Equity Partners III,Private Equity,50,Yes,No,24.0,38
AC007153,2025-12-19,A0360,RM013,Follow-up Call,Global Infrastructure Partners IV,Infrastructure,87,Yes,Yes,19.0,33
AC007154,2025-08-06,A0273,RM012,Intro Call,Value-Add Real Estate Fund IV,Real Estate,55,No,No,,28
AC007155,2025-11-01,A0166,RM013,Intro Call,Direct Lending Income Fund V,Private Credit,55,No,No,,52
AC007156,2025-08-23,A0103,RM005,Due Diligence Meeting,Private Equity Buyout Fund VII,Private Equity,58,No,No,,72
AC007157,2026-04-10,A0148,RM011,Follow-up Call,Private Equity Buyout Fund VII,Private Equity,65,Yes,Yes,29.0,47
AC007158,2026-01-15,A0190,RM009,Due Diligence Meeting,Growth Equity Partners III,Private Equity,76,No,No,,82
AC007159,2025-12-25,A0289,RM008,Intro Call,Global Infrastructure Partners IV,Infrastructure,68,Yes,Yes,22.0,52
AC007160,2025-12-20,A0033,RM009,Follow-up Call,Global Infrastructure Partners IV,Infrastructure,65,No,No,,33
AC007161,2025-07-10,A0342,RM003,Product Education,Direct Lending Income Fund V,Private Credit,56,Yes,Yes,28.0,20
AC007162,2025-09-06,A0046,RM009,Intro Call,Real Estate Income Fund II,Real Estate,63,No,No,,23
AC007163,2026-02-26,A0099,RM001,Follow-up Call,Direct Lending Income Fund V,Private Credit,75,No,No,,28
AC007164,2025-06-27,A0399,RM006,Portfolio Review,Real Estate Income Fund II,Real Estate,56,Yes,No,11.0,73
AC007165,2026-04-15,A0071,RM003,Portfolio Review,Opportunistic Real Estate Fund VI,Real Estate,53,Yes,Yes,14.0,61
AC007166,2025-06-02,A0035,RM002,Follow-up Call,Direct Lending Income Fund V,Private Credit,48,No,No,,26
AC007167,2025-06-20,A0258,RM009,In-person Meeting,Global Infrastructure Partners IV,Infrastructure,66,Yes,Yes,16.0,57
AC007168,2026-02-07,A0154,RM002,Follow-up Call,Private Equity Buyout Fund VII,Private Equity,46,No,No,,34
AC007169,2025-11-02,A0033,RM009,Portfolio Review,Real Estate Income Fund II,Real Estate,71,Yes,Yes,20.0,96
AC007170,2025-05-21,A0003,RM001,In-person Meeting,Global Infrastructure Partners IV,Infrastructure,55,Yes,No,29.0,99
AC007171,2025-05-01,A0031,RM010,In-person Meeting,Direct Lending Income Fund V,Private Credit,80,Yes,Yes,11.0,69
AC007172,2026-03-16,A0206,RM004,Follow-up Call,Direct Lending Income Fund V,Private Credit,65,Yes,Yes,10.0,54
AC007173,2026-04-23,A0088,RM014,Follow-up Call,Direct Lending Income Fund V,Private Credit,49,No,No,,22
AC007174,2025-11-02,A0317,RM011,Webinar,Real Estate Income Fund II,Real Estate,67,Yes,Yes,24.0,50
AC007175,2026-02-02,A0343,RM004,Follow-up Call,Senior Direct Lending Fund VI,Private Credit,68,Yes,Yes,19.0,27
AC007176,2025-05-18,A0052,RM006,Due Diligence Meeting,Growth Equity Partners III,Private Equity,89,No,No,,23
AC007177,2025-07-05,A0128,RM002,Intro Call,Real Estate Income Fund II,Real Estate,62,No,No,,13
AC007178,2025-12-02,A0052,RM006,Portfolio Review,Growth Equity Partners III,Private Equity,73,Yes,No,6.0,82
AC007179,2025-12-11,A0108,RM008,Webinar,Senior Direct Lending Fund VI,Private Credit,53,Yes,Yes,22.0,65
AC007180,2025-09-06,A0092,RM009,In-person Meeting,Growth Equity Partners III,Private Equity,69,Yes,Yes,27.0,84
AC007181,2025-12-28,A0322,RM006,Intro Call,Opportunistic Real Estate Fund VI,Real Estate,35,No,No,,30
AC007182,2025-11-06,A0133,RM014,In-person Meeting,Global Infrastructure Partners IV,Infrastructure,94,Yes,No,10.0,94
AC007183,2025-09-03,A0198,RM014,Product Education,Opportunistic Credit Fund II,Private Credit,83,No,No,,21
AC007184,2025-07-01,A0274,RM001,In-person Meeting,Opportunistic Credit Fund II,Private Credit,54,Yes,Yes,27.0,77
AC007185,2025-11-05,A0333,RM006,In-person Meeting,Senior Direct Lending Fund VI,Private Credit,58,Yes,Yes,9.0,81
AC007186,2025-09-22,A0115,RM012,Follow-up Call,Direct Lending Income Fund V,Private Credit,74,Yes,Yes,10.0,41
AC007187,2026-04-25,A0076,RM007,Product Education,Opportunistic Credit Fund II,Private Credit,76,Yes,Yes,27.0,44
AC007188,2025-12-30,A0396,RM016,In-person Meeting,Global Infrastructure Partners IV,Infrastructure,60,No,No,,73
AC007189,2025-12-09,A0121,RM010,Follow-up Call,Direct Lending Income Fund V,Private Credit,62,No,No,,27
AC007190,2025-06-21,A0273,RM012,Follow-up Call,Global Infrastructure Partners IV,Infrastructure,61,Yes,Yes,3.0,45
AC007191,2025-07-28,A0276,RM005,Product Education,Direct Lending Income Fund V,Private Credit,77,Yes,Yes,3.0,33
AC007192,2026-01-14,A0203,RM006,Follow-up Call,Real Estate Income Fund II,Real Estate,64,Yes,Yes,29.0,21
AC007193,2025-07-28,A0087,RM013,Follow-up Call,Senior Direct Lending Fund VI,Private Credit,55,Yes,Yes,6.0,40
AC007194,2025-07-12,A0050,RM015,Portfolio Review,Real Estate Income Fund II,Real Estate,49,No,No,,81
AC007195,2025-05-24,A0195,RM005,Follow-up Call,Senior Direct Lending Fund VI,Private Credit,63,Yes,Yes,25.0,33
AC007196,2026-04-27,A0203,RM006,Follow-up Call,Growth Equity Partners III,Private Equity,67,Yes,No,29.0,30
AC007197,2025-10-19,A0316,RM001,Product Education,Global Infrastructure Partners IV,Infrastructure,62,No,No,,46
AC007198,2025-07-12,A0288,RM015,Intro Call,Value-Add Real Estate Fund IV,Real Estate,42,No,No,,42
AC007199,2025-10-29,A0365,RM011,Follow-up Call,Value-Add Real Estate Fund IV,Real Estate,56,Yes,Yes,3.0,39
AC007200,2025-10-04,A0390,RM001,In-person Meeting,Direct Lending Income Fund V,Private Credit,81,Yes,Yes,3.0,62
AC007201,2026-04-12,A0296,RM001,Product Education,Core Infrastructure Income Fund III,Infrastructure,52,No,No,,34
AC007202,2026-02-18,A0030,RM009,Due Diligence Meeting,Opportunistic Real Estate Fund VI,Real Estate,100,Yes,Yes,5.0,77
AC007203,2026-01-02,A0158,RM007,In-person Meeting,Global Infrastructure Partners IV,Infrastructure,66,Yes,Yes,29.0,98
AC007204,2026-01-14,A0245,RM010,Webinar,Value-Add Real Estate Fund IV,Real Estate,78,Yes,Yes,15.0,48
AC007205,2026-03-18,A0237,RM008,Follow-up Call,Value-Add Real Estate Fund IV,Real Estate,45,Yes,Yes,16.0,58
AC007206,2026-03-24,A0065,RM005,Follow-up Call,Senior Direct Lending Fund VI,Private Credit,79,Yes,No,22.0,47
AC007207,2025-08-05,A0233,RM004,Intro Call,Real Estate Income Fund II,Real Estate,40,No,No,,42
AC007208,2025-11-29,A0136,RM010,Product Education,Value-Add Real Estate Fund IV,Real Estate,54,Yes,No,21.0,31
AC007209,2025-07-16,A0129,RM011,Portfolio Review,Direct Lending Income Fund V,Private Credit,62,Yes,No,22.0,89
AC007210,2025-07-12,A0338,RM007,Follow-up Call,Direct Lending Income Fund V,Private Credit,56,Yes,Yes,26.0,44
AC007211,2025-06-18,A0169,RM010,In-person Meeting,Core Infrastructure Income Fund III,Infrastructure,87,Yes,No,8.0,68
AC007212,2026-01-15,A0209,RM010,Intro Call,Opportunistic Real Estate Fund VI,Real Estate,54,Yes,Yes,18.0,37
AC007213,2026-01-23,A0226,RM006,Due Diligence Meeting,Senior Direct Lending Fund VI,Private Credit,81,Yes,Yes,22.0,65
AC007214,2025-12-16,A0226,RM006,Product Education,Global Infrastructure Partners IV,Infrastructure,81,No,No,,47
AC007215,2025-10-25,A0078,RM016,Follow-up Call,Core Infrastructure Income Fund III,Infrastructure,83,Yes,Yes,29.0,24
AC007216,2025-07-04,A0239,RM003,Intro Call,Real Estate Income Fund II,Real Estate,46,No,No,,43
AC007217,2025-08-03,A0127,RM014,Intro Call,Global Infrastructure Partners IV,Infrastructure,72,No,No,,12
AC007218,2025-06-19,A0265,RM001,Portfolio Review,Growth Equity Partners III,Private Equity,84,Yes,No,10.0,68
AC007219,2025-07-06,A0052,RM006,In-person Meeting,Senior Direct Lending Fund VI,Private Credit,89,Yes,Yes,16.0,84
AC007220,2025-05-13,A0399,RM006,Webinar,Real Estate Income Fund II,Real Estate,30,Yes,Yes,25.0,41
AC007221,2026-01-29,A0314,RM016,Webinar,Opportunistic Real Estate Fund VI,Real Estate,37,No,No,,42
AC007222,2026-01-21,A0166,RM013,Product Education,Private Equity Buyout Fund VII,Private Equity,75,No,No,,35
AC007223,2025-07-29,A0115,RM012,Webinar,Private Equity Buyout Fund VII,Private Equity,46,Yes,No,10.0,55
AC007224,2026-03-01,A0150,RM006,Intro Call,Growth Equity Partners III,Private Equity,60,Yes,Yes,6.0,47
AC007225,2025-12-14,A0294,RM012,In-person Meeting,Global Infrastructure Partners IV,Infrastructure,65,Yes,Yes,26.0,102
AC007226,2025-07-28,A0265,RM001,Intro Call,Growth Equity Partners III,Private Equity,29,No,No,,33
AC007227,2026-03-09,A0285,RM011,Follow-up Call,Direct Lending Income Fund V,Private Credit,63,Yes,No,21.0,42
AC007228,2025-06-03,A0353,RM004,Intro Call,Opportunistic Credit Fund II,Private Credit,75,Yes,Yes,10.0,38
AC007229,2025-10-27,A0183,RM014,Intro Call,Opportunistic Real Estate Fund VI,Real Estate,44,No,No,,27
AC007230,2026-02-14,A0273,RM012,Intro Call,Growth Equity Partners III,Private Equity,74,No,No,,33
AC007231,2025-12-29,A0176,RM003,In-person Meeting,Private Equity Buyout Fund VII,Private Equity,81,No,No,,52
AC007232,2025-07-02,A0258,RM009,Due Diligence Meeting,Global Infrastructure Partners IV,Infrastructure,69,Yes,Yes,9.0,81
AC007233,2025-10-01,A0190,RM009,Follow-up Call,Senior Direct Lending Fund VI,Private Credit,61,Yes,No,4.0,24
AC007234,2025-05-26,A0317,RM011,In-person Meeting,Opportunistic Real Estate Fund VI,Real Estate,69,Yes,No,17.0,56
AC007235,2025-05-18,A0004,RM016,Intro Call,Real Estate Income Fund II,Real Estate,46,No,No,,25
AC007236,2025-06-16,A0078,RM016,Portfolio Review,Private Equity Buyout Fund VII,Private Equity,91,Yes,Yes,20.0,62
AC007237,2026-02-05,A0112,RM013,Intro Call,Private Equity Buyout Fund VII,Private Equity,59,Yes,Yes,3.0,10
AC007238,2025-08-19,A0380,RM003,Product Education,Opportunistic Credit Fund II,Private Credit,70,Yes,Yes,5.0,23
AC007239,2026-02-21,A0201,RM008,Intro Call,Opportunistic Credit Fund II,Private Credit,63,No,No,,27
AC007240,2025-10-17,A0142,RM013,Intro Call,Growth Equity Partners III,Private Equity,63,Yes,Yes,2.0,27
AC007241,2026-04-17,A0158,RM007,Webinar,Opportunistic Credit Fund II,Private Credit,31,Yes,Yes,19.0,46
AC007242,2025-11-26,A0182,RM013,Intro Call,Senior Direct Lending Fund VI,Private Credit,26,Yes,Yes,13.0,47
AC007243,2025-06-04,A0344,RM001,In-person Meeting,Value-Add Real Estate Fund IV,Real Estate,82,Yes,Yes,26.0,57
AC007244,2025-08-22,A0387,RM006,Due Diligence Meeting,Direct Lending Income Fund V,Private Credit,62,No,No,,70
AC007245,2025-07-24,A0341,RM002,Webinar,Opportunistic Credit Fund II,Private Credit,51,Yes,Yes,16.0,46
AC007246,2025-11-24,A0340,RM016,Webinar,Value-Add Real Estate Fund IV,Real Estate,60,Yes,Yes,23.0,50
AC007247,2025-05-01,A0072,RM009,Intro Call,Direct Lending Income Fund V,Private Credit,76,Yes,Yes,4.0,47
AC007248,2025-07-30,A0102,RM002,Portfolio Review,Real Estate Income Fund II,Real Estate,62,Yes,Yes,20.0,99
AC007249,2025-12-22,A0239,RM003,Follow-up Call,Value-Add Real Estate Fund IV,Real Estate,49,Yes,No,15.0,22
AC007250,2025-11-21,A0265,RM001,In-person Meeting,Opportunistic Credit Fund II,Private Credit,64,Yes,Yes,29.0,84
AC007251,2025-05-12,A0074,RM008,Webinar,Senior Direct Lending Fund VI,Private Credit,41,No,No,,58
AC007252,2026-02-13,A0305,RM007,Intro Call,Senior Direct Lending Fund VI,Private Credit,59,Yes,No,12.0,47
AC007253,2025-09-14,A0072,RM009,Intro Call,Real Estate Income Fund II,Real Estate,65,Yes,Yes,19.0,44
AC007254,2025-11-18,A0099,RM001,In-person Meeting,Real Estate Income Fund II,Real Estate,97,Yes,Yes,6.0,97
AC007255,2025-07-30,A0117,RM010,Due Diligence Meeting,Opportunistic Real Estate Fund VI,Real Estate,49,No,No,,83
AC007256,2025-08-12,A0341,RM002,Follow-up Call,Real Estate Income Fund II,Real Estate,80,Yes,No,20.0,16
AC007257,2025-11-12,A0297,RM006,Product Education,Global Infrastructure Partners IV,Infrastructure,65,Yes,Yes,11.0,17
AC007258,2025-06-02,A0211,RM006,Product Education,Global Infrastructure Partners IV,Infrastructure,98,Yes,Yes,5.0,23
AC007259,2025-11-17,A0333,RM006,Product Education,Value-Add Real Estate Fund IV,Real Estate,51,No,No,,15
AC007260,2025-08-17,A0329,RM001,In-person Meeting,Value-Add Real Estate Fund IV,Real Estate,47,No,No,,49
AC007261,2025-11-10,A0151,RM003,Follow-up Call,Value-Add Real Estate Fund IV,Real Estate,75,No,No,,33
AC007262,2025-08-09,A0319,RM014,In-person Meeting,Opportunistic Real Estate Fund VI,Real Estate,88,No,No,,86
AC007263,2025-05-26,A0075,RM001,Intro Call,Core Infrastructure Income Fund III,Infrastructure,49,Yes,Yes,3.0,23
AC007264,2025-05-02,A0200,RM007,Follow-up Call,Real Estate Income Fund II,Real Estate,75,Yes,Yes,2.0,38
AC007265,2026-03-24,A0042,RM009,Intro Call,Senior Direct Lending Fund VI,Private Credit,58,No,No,,36
AC007266,2026-04-16,A0172,RM009,Follow-up Call,Opportunistic Credit Fund II,Private Credit,42,Yes,Yes,4.0,46
AC007267,2025-06-16,A0205,RM014,Follow-up Call,Global Infrastructure Partners IV,Infrastructure,57,No,No,,39
AC007268,2026-03-17,A0031,RM010,Follow-up Call,Opportunistic Credit Fund II,Private Credit,62,No,No,,37
AC007269,2025-05-13,A0186,RM006,Webinar,Opportunistic Credit Fund II,Private Credit,72,Yes,Yes,3.0,60
AC007270,2026-02-10,A0263,RM014,Due Diligence Meeting,Real Estate Income Fund II,Real Estate,65,No,No,,99
AC007271,2025-07-15,A0249,RM001,Intro Call,Direct Lending Income Fund V,Private Credit,64,Yes,No,27.0,19
AC007272,2026-04-09,A0024,RM008,Portfolio Review,Opportunistic Credit Fund II,Private Credit,59,Yes,Yes,11.0,93
AC007273,2025-12-30,A0034,RM014,Intro Call,Value-Add Real Estate Fund IV,Real Estate,59,Yes,No,27.0,37
AC007274,2025-09-21,A0137,RM008,Portfolio Review,Direct Lending Income Fund V,Private Credit,53,No,No,,72
AC007275,2025-07-05,A0341,RM002,Due Diligence Meeting,Direct Lending Income Fund V,Private Credit,84,Yes,Yes,29.0,64
AC007276,2025-07-22,A0345,RM016,Product Education,Global Infrastructure Partners IV,Infrastructure,81,Yes,Yes,2.0,44
AC007277,2025-06-20,A0118,RM013,Due Diligence Meeting,Private Equity Buyout Fund VII,Private Equity,54,Yes,Yes,15.0,88
AC007278,2026-01-15,A0293,RM001,Intro Call,Opportunistic Real Estate Fund VI,Real Estate,69,No,No,,28
AC007279,2025-08-27,A0232,RM012,Webinar,Senior Direct Lending Fund VI,Private Credit,44,No,No,,48
AC007280,2025-07-10,A0397,RM013,Intro Call,Senior Direct Lending Fund VI,Private Credit,42,No,No,,30
AC007281,2025-12-27,A0034,RM014,Follow-up Call,Global Infrastructure Partners IV,Infrastructure,58,No,No,,14
AC007282,2025-12-11,A0220,RM015,Follow-up Call,Global Infrastructure Partners IV,Infrastructure,82,Yes,No,24.0,22
AC007283,2025-10-03,A0237,RM008,Intro Call,Senior Direct Lending Fund VI,Private Credit,37,Yes,No,29.0,26
AC007284,2026-03-06,A0117,RM010,Due Diligence Meeting,Opportunistic Real Estate Fund VI,Real Estate,64,Yes,No,13.0,65
AC007285,2026-04-14,A0022,RM003,Product Education,Global Infrastructure Partners IV,Infrastructure,69,No,No,,35
AC007286,2026-04-21,A0024,RM008,In-person Meeting,Private Equity Buyout Fund VII,Private Equity,55,Yes,Yes,20.0,66
AC007287,2026-04-07,A0183,RM014,Follow-up Call,Core Infrastructure Income Fund III,Infrastructure,35,No,No,,39
AC007288,2025-05-12,A0280,RM004,Portfolio Review,Value-Add Real Estate Fund IV,Real Estate,80,Yes,Yes,20.0,78
AC007289,2025-05-15,A0285,RM011,Product Education,Global Infrastructure Partners IV,Infrastructure,65,No,No,,32
AC007290,2025-06-05,A0065,RM005,In-person Meeting,Core Infrastructure Income Fund III,Infrastructure,100,Yes,No,15.0,86
AC007291,2025-09-19,A0343,RM004,Product Education,Global Infrastructure Partners IV,Infrastructure,85,Yes,Yes,14.0,19
AC007292,2025-05-31,A0146,RM016,Webinar,Opportunistic Real Estate Fund VI,Real Estate,70,No,No,,65
AC007293,2025-08-30,A0388,RM012,Webinar,Core Infrastructure Income Fund III,Infrastructure,50,Yes,Yes,26.0,72
AC007294,2026-03-29,A0042,RM009,In-person Meeting,Growth Equity Partners III,Private Equity,68,Yes,Yes,16.0,48
AC007295,2025-06-01,A0339,RM004,Follow-up Call,Opportunistic Credit Fund II,Private Credit,50,Yes,Yes,25.0,30
AC007296,2025-12-30,A0363,RM012,Intro Call,Direct Lending Income Fund V,Private Credit,64,Yes,No,26.0,34
AC007297,2025-07-05,A0333,RM006,Due Diligence Meeting,Private Equity Buyout Fund VII,Private Equity,63,Yes,Yes,29.0,76
AC007298,2026-03-14,A0327,RM004,In-person Meeting,Opportunistic Credit Fund II,Private Credit,69,No,No,,62
AC007299,2025-12-02,A0142,RM013,Intro Call,Private Equity Buyout Fund VII,Private Equity,61,No,No,,35
AC007300,2025-06-06,A0289,RM008,Due Diligence Meeting,Value-Add Real Estate Fund IV,Real Estate,77,Yes,Yes,5.0,73
AC007301,2025-08-08,A0233,RM004,Due Diligence Meeting,Real Estate Income Fund II,Real Estate,62,Yes,Yes,12.0,75
AC007302,2025-12-28,A0171,RM016,Intro Call,Private Equity Buyout Fund VII,Private Equity,49,Yes,No,23.0,47
AC007303,2025-09-23,A0399,RM006,Due Diligence Meeting,Value-Add Real Estate Fund IV,Real Estate,62,Yes,No,19.0,73
AC007304,2025-06-22,A0110,RM003,Product Education,Growth Equity Partners III,Private Equity,45,Yes,No,12.0,46
AC007305,2025-06-24,A0165,RM011,Follow-up Call,Growth Equity Partners III,Private Equity,78,Yes,No,21.0,48
AC007306,2026-03-10,A0362,RM014,Intro Call,Private Equity Buyout Fund VII,Private Equity,52,No,No,,48
AC007307,2026-03-31,A0108,RM008,Follow-up Call,Opportunistic Credit Fund II,Private Credit,40,No,No,,39
AC007308,2025-12-14,A0054,RM003,Follow-up Call,Global Infrastructure Partners IV,Infrastructure,62,No,No,,14
AC007309,2025-09-11,A0118,RM013,Webinar,Real Estate Income Fund II,Real Estate,38,No,No,,38
AC007310,2026-02-14,A0308,RM003,In-person Meeting,Direct Lending Income Fund V,Private Credit,48,No,No,,62
AC007311,2025-08-06,A0343,RM004,Webinar,Real Estate Income Fund II,Real Estate,65,Yes,No,19.0,48
AC007312,2025-07-03,A0041,RM008,Due Diligence Meeting,Growth Equity Partners III,Private Equity,82,No,No,,71
AC007313,2025-06-30,A0250,RM010,Follow-up Call,Core Infrastructure Income Fund III,Infrastructure,74,Yes,Yes,8.0,39
AC007314,2025-12-09,A0228,RM009,Follow-up Call,Growth Equity Partners III,Private Equity,76,Yes,Yes,19.0,10
AC007315,2025-08-01,A0272,RM012,Webinar,Core Infrastructure Income Fund III,Infrastructure,49,No,No,,47
AC007316,2025-07-05,A0273,RM012,Portfolio Review,Opportunistic Real Estate Fund VI,Real Estate,85,Yes,Yes,24.0,120
AC007317,2025-06-21,A0386,RM003,In-person Meeting,Direct Lending Income Fund V,Private Credit,100,Yes,Yes,22.0,77
AC007318,2025-05-13,A0134,RM006,Intro Call,Core Infrastructure Income Fund III,Infrastructure,56,No,No,,43
AC007319,2025-07-07,A0113,RM003,Intro Call,Global Infrastructure Partners IV,Infrastructure,49,Yes,No,16.0,37
AC007320,2025-11-01,A0233,RM004,Follow-up Call,Growth Equity Partners III,Private Equity,53,No,No,,18
AC007321,2026-01-11,A0173,RM016,Follow-up Call,Value-Add Real Estate Fund IV,Real Estate,51,No,No,,44
AC007322,2025-09-20,A0189,RM015,Due Diligence Meeting,Value-Add Real Estate Fund IV,Real Estate,55,Yes,No,12.0,57
AC007323,2025-07-15,A0029,RM002,Due Diligence Meeting,Real Estate Income Fund II,Real Estate,82,Yes,No,15.0,69
AC007324,2025-10-12,A0052,RM006,Follow-up Call,Senior Direct Lending Fund VI,Private Credit,69,Yes,Yes,24.0,39
AC007325,2025-11-03,A0374,RM009,Webinar,Opportunistic Credit Fund II,Private Credit,64,Yes,Yes,7.0,45
AC007326,2025-06-08,A0028,RM011,Intro Call,Private Equity Buyout Fund VII,Private Equity,48,Yes,No,18.0,39
AC007327,2025-12-28,A0237,RM008,In-person Meeting,Real Estate Income Fund II,Real Estate,64,No,No,,85
AC007328,2025-08-21,A0307,RM014,In-person Meeting,Core Infrastructure Income Fund III,Infrastructure,50,Yes,No,27.0,81
AC007329,2026-04-17,A0007,RM004,Follow-up Call,Senior Direct Lending Fund VI,Private Credit,85,Yes,Yes,11.0,35
AC007330,2025-11-03,A0083,RM012,Webinar,Growth Equity Partners III,Private Equity,30,No,No,,40
AC007331,2025-09-12,A0146,RM016,Webinar,Senior Direct Lending Fund VI,Private Credit,61,Yes,Yes,3.0,40
AC007332,2025-08-25,A0201,RM008,In-person Meeting,Opportunistic Credit Fund II,Private Credit,99,Yes,Yes,10.0,110
AC007333,2026-01-05,A0130,RM009,Due Diligence Meeting,Direct Lending Income Fund V,Private Credit,95,No,No,,26
AC007334,2026-04-18,A0261,RM005,Webinar,Opportunistic Credit Fund II,Private Credit,50,Yes,Yes,17.0,50
AC007335,2025-06-30,A0086,RM003,Webinar,Opportunistic Real Estate Fund VI,Real Estate,54,Yes,Yes,27.0,38
AC007336,2026-01-23,A0014,RM013,Follow-up Call,Global Infrastructure Partners IV,Infrastructure,48,No,No,,35
AC007337,2025-12-12,A0001,RM006,Webinar,Global Infrastructure Partners IV,Infrastructure,51,Yes,Yes,18.0,45
AC007338,2025-08-12,A0133,RM014,Follow-up Call,Real Estate Income Fund II,Real Estate,77,Yes,Yes,5.0,22
AC007339,2025-05-03,A0142,RM013,Portfolio Review,Opportunistic Credit Fund II,Private Credit,69,Yes,No,10.0,114
AC007340,2025-08-20,A0382,RM010,Product Education,Core Infrastructure Income Fund III,Infrastructure,88,Yes,Yes,24.0,25
AC007341,2025-12-11,A0021,RM010,In-person Meeting,Growth Equity Partners III,Private Equity,75,Yes,No,13.0,72
AC007342,2025-05-11,A0211,RM006,In-person Meeting,Opportunistic Credit Fund II,Private Credit,91,Yes,Yes,22.0,91
AC007343,2026-03-12,A0232,RM012,Webinar,Value-Add Real Estate Fund IV,Real Estate,50,No,No,,42
AC007344,2026-03-17,A0283,RM010,Intro Call,Value-Add Real Estate Fund IV,Real Estate,51,No,No,,35
AC007345,2025-07-22,A0258,RM009,Due Diligence Meeting,Global Infrastructure Partners IV,Infrastructure,72,No,No,,78
AC007346,2026-03-03,A0005,RM006,Webinar,Private Equity Buyout Fund VII,Private Equity,71,Yes,Yes,8.0,45
AC007347,2025-05-16,A0256,RM015,Follow-up Call,Direct Lending Income Fund V,Private Credit,48,Yes,Yes,4.0,43
AC007348,2025-11-23,A0122,RM006,Webinar,Real Estate Income Fund II,Real Estate,68,Yes,Yes,20.0,60
AC007349,2025-06-22,A0315,RM016,In-person Meeting,Growth Equity Partners III,Private Equity,66,No,No,,70
AC007350,2026-03-04,A0069,RM016,Intro Call,Opportunistic Credit Fund II,Private Credit,52,Yes,No,17.0,32
AC007351,2025-07-21,A0291,RM003,Webinar,Core Infrastructure Income Fund III,Infrastructure,59,No,No,,35
AC007352,2025-05-06,A0252,RM008,Product Education,Core Infrastructure Income Fund III,Infrastructure,65,Yes,Yes,12.0,38
AC007353,2025-05-30,A0263,RM014,Product Education,Real Estate Income Fund II,Real Estate,63,Yes,Yes,18.0,42
AC007354,2025-07-17,A0063,RM016,Follow-up Call,Real Estate Income Fund II,Real Estate,66,No,No,,46
AC007355,2025-05-23,A0273,RM012,Follow-up Call,Opportunistic Real Estate Fund VI,Real Estate,56,Yes,Yes,15.0,27
AC007356,2026-01-28,A0299,RM006,Webinar,Private Equity Buyout Fund VII,Private Equity,59,Yes,Yes,7.0,45
AC007357,2026-03-09,A0196,RM009,Due Diligence Meeting,Value-Add Real Estate Fund IV,Real Estate,84,Yes,No,7.0,53
AC007358,2026-03-22,A0130,RM009,Webinar,Opportunistic Real Estate Fund VI,Real Estate,70,Yes,No,3.0,54
AC007359,2025-11-26,A0061,RM006,Intro Call,Opportunistic Real Estate Fund VI,Real Estate,42,No,No,,48
AC007360,2025-07-18,A0109,RM008,Follow-up Call,Real Estate Income Fund II,Real Estate,65,Yes,No,12.0,28
AC007361,2025-11-08,A0310,RM010,Follow-up Call,Opportunistic Credit Fund II,Private Credit,56,Yes,No,27.0,14
AC007362,2025-07-28,A0161,RM009,In-person Meeting,Value-Add Real Estate Fund IV,Real Estate,87,Yes,No,9.0,99
AC007363,2026-04-18,A0285,RM011,Webinar,Private Equity Buyout Fund VII,Private Equity,46,Yes,Yes,26.0,60
AC007364,2025-12-29,A0300,RM008,In-person Meeting,Private Equity Buyout Fund VII,Private Equity,74,Yes,Yes,18.0,59
AC007365,2025-11-16,A0275,RM005,Follow-up Call,Global Infrastructure Partners IV,Infrastructure,39,Yes,Yes,9.0,29
AC007366,2025-10-30,A0274,RM001,Follow-up Call,Value-Add Real Estate Fund IV,Real Estate,40,No,No,,31
AC007367,2025-10-27,A0247,RM013,Follow-up Call,Real Estate Income Fund II,Real Estate,42,Yes,Yes,15.0,39
AC007368,2025-07-20,A0204,RM004,Intro Call,Opportunistic Credit Fund II,Private Credit,35,No,No,,31
AC007369,2025-12-22,A0072,RM009,Follow-up Call,Growth Equity Partners III,Private Equity,68,No,No,,37
AC007370,2025-12-25,A0341,RM002,Portfolio Review,Direct Lending Income Fund V,Private Credit,97,No,No,,74
AC007371,2025-06-30,A0387,RM006,Portfolio Review,Global Infrastructure Partners IV,Infrastructure,55,Yes,Yes,19.0,45
AC007372,2025-05-19,A0186,RM006,Intro Call,Value-Add Real Estate Fund IV,Real Estate,51,No,No,,31
AC007373,2025-08-31,A0373,RM005,Due Diligence Meeting,Growth Equity Partners III,Private Equity,75,No,No,,75
AC007374,2026-01-17,A0400,RM006,In-person Meeting,Core Infrastructure Income Fund III,Infrastructure,97,Yes,Yes,21.0,85
AC007375,2025-08-19,A0194,RM002,Follow-up Call,Opportunistic Real Estate Fund VI,Real Estate,89,Yes,No,22.0,35
AC007376,2025-08-25,A0294,RM012,Intro Call,Growth Equity Partners III,Private Equity,51,No,No,,44
AC007377,2026-02-05,A0259,RM007,Portfolio Review,Private Equity Buyout Fund VII,Private Equity,76,Yes,Yes,11.0,61
AC007378,2025-06-14,A0091,RM009,Due Diligence Meeting,Core Infrastructure Income Fund III,Infrastructure,82,Yes,Yes,29.0,89
AC007379,2025-05-16,A0022,RM003,In-person Meeting,Private Equity Buyout Fund VII,Private Equity,69,Yes,No,12.0,79
AC007380,2025-12-21,A0183,RM014,Intro Call,Senior Direct Lending Fund VI,Private Credit,60,Yes,Yes,4.0,44
AC007381,2025-12-25,A0322,RM006,Follow-up Call,Direct Lending Income Fund V,Private Credit,58,Yes,Yes,24.0,44
AC007382,2025-07-21,A0124,RM007,Product Education,Core Infrastructure Income Fund III,Infrastructure,79,Yes,Yes,5.0,25
AC007383,2025-06-27,A0321,RM014,Intro Call,Private Equity Buyout Fund VII,Private Equity,30,Yes,Yes,24.0,25
AC007384,2025-08-14,A0264,RM003,In-person Meeting,Global Infrastructure Partners IV,Infrastructure,77,Yes,Yes,9.0,70
AC007385,2025-05-26,A0281,RM009,Webinar,Growth Equity Partners III,Private Equity,48,No,No,,52
AC007386,2025-09-02,A0108,RM008,Product Education,Opportunistic Real Estate Fund VI,Real Estate,41,No,No,,58
AC007387,2026-03-16,A0186,RM006,Follow-up Call,Private Equity Buyout Fund VII,Private Equity,65,Yes,Yes,8.0,35
AC007388,2026-01-22,A0065,RM005,Webinar,Global Infrastructure Partners IV,Infrastructure,69,No,No,,51
AC007389,2025-07-15,A0094,RM005,Webinar,Value-Add Real Estate Fund IV,Real Estate,45,No,No,,39
AC007390,2025-10-15,A0033,RM009,Follow-up Call,Opportunistic Credit Fund II,Private Credit,37,Yes,Yes,27.0,45
AC007391,2026-01-22,A0046,RM009,Intro Call,Senior Direct Lending Fund VI,Private Credit,46,Yes,No,3.0,30
AC007392,2026-03-10,A0077,RM005,Due Diligence Meeting,Value-Add Real Estate Fund IV,Real Estate,64,Yes,No,3.0,81
AC007393,2026-03-13,A0233,RM004,Intro Call,Private Equity Buyout Fund VII,Private Equity,33,No,No,,32
AC007394,2025-06-05,A0176,RM003,Follow-up Call,Senior Direct Lending Fund VI,Private Credit,61,Yes,No,16.0,25
AC007395,2025-12-19,A0101,RM005,Intro Call,Opportunistic Credit Fund II,Private Credit,35,No,No,,10
AC007396,2025-08-26,A0343,RM004,Portfolio Review,Direct Lending Income Fund V,Private Credit,58,Yes,Yes,24.0,91
AC007397,2025-08-13,A0208,RM014,Intro Call,Core Infrastructure Income Fund III,Infrastructure,73,No,No,,26
AC007398,2025-06-05,A0370,RM009,Intro Call,Opportunistic Real Estate Fund VI,Real Estate,59,Yes,No,6.0,18
AC007399,2025-08-27,A0256,RM015,In-person Meeting,Senior Direct Lending Fund VI,Private Credit,55,Yes,Yes,12.0,51
AC007400,2025-08-08,A0008,RM010,Portfolio Review,Opportunistic Credit Fund II,Private Credit,69,No,No,,45
AC007401,2025-06-14,A0366,RM014,Webinar,Opportunistic Real Estate Fund VI,Real Estate,80,No,No,,52
AC007402,2025-09-06,A0343,RM004,Due Diligence Meeting,Real Estate Income Fund II,Real Estate,83,Yes,Yes,17.0,80
AC007403,2026-03-03,A0257,RM004,Due Diligence Meeting,Growth Equity Partners III,Private Equity,93,Yes,Yes,7.0,74
AC007404,2025-08-07,A0212,RM007,Due Diligence Meeting,Growth Equity Partners III,Private Equity,97,Yes,No,7.0,53
AC007405,2025-12-23,A0183,RM014,Intro Call,Private Equity Buyout Fund VII,Private Equity,44,No,No,,22
AC007406,2025-08-18,A0192,RM004,Follow-up Call,Direct Lending Income Fund V,Private Credit,81,Yes,No,16.0,42
AC007407,2025-12-28,A0313,RM013,In-person Meeting,Opportunistic Credit Fund II,Private Credit,94,Yes,Yes,9.0,54
AC007408,2026-04-15,A0203,RM006,Due Diligence Meeting,Real Estate Income Fund II,Real Estate,76,Yes,Yes,6.0,81
AC007409,2025-05-28,A0063,RM016,Follow-up Call,Opportunistic Real Estate Fund VI,Real Estate,49,No,No,,44
AC007410,2026-04-03,A0025,RM011,In-person Meeting,Global Infrastructure Partners IV,Infrastructure,55,Yes,Yes,26.0,83
AC007411,2025-10-27,A0046,RM009,In-person Meeting,Direct Lending Income Fund V,Private Credit,84,Yes,No,26.0,60
AC007412,2025-12-21,A0096,RM010,Webinar,Private Equity Buyout Fund VII,Private Equity,68,Yes,Yes,3.0,52
AC007413,2025-10-11,A0143,RM009,Follow-up Call,Opportunistic Real Estate Fund VI,Real Estate,52,No,No,,27
AC007414,2026-01-09,A0355,RM010,Intro Call,Private Equity Buyout Fund VII,Private Equity,28,No,No,,49
AC007415,2025-11-13,A0092,RM009,In-person Meeting,Opportunistic Real Estate Fund VI,Real Estate,70,Yes,Yes,21.0,58
AC007416,2026-01-09,A0121,RM010,Portfolio Review,Value-Add Real Estate Fund IV,Real Estate,75,Yes,Yes,28.0,57
AC007417,2025-10-09,A0083,RM012,Follow-up Call,Real Estate Income Fund II,Real Estate,47,Yes,No,24.0,34
AC007418,2025-06-07,A0219,RM011,Product Education,Opportunistic Real Estate Fund VI,Real Estate,48,No,No,,35
AC007419,2025-08-17,A0249,RM001,Due Diligence Meeting,Value-Add Real Estate Fund IV,Real Estate,87,No,No,,59
AC007420,2026-04-23,A0211,RM006,Intro Call,Value-Add Real Estate Fund IV,Real Estate,76,Yes,No,9.0,42
AC007421,2025-10-15,A0382,RM010,In-person Meeting,Senior Direct Lending Fund VI,Private Credit,85,Yes,No,27.0,66
AC007422,2025-07-22,A0399,RM006,Follow-up Call,Direct Lending Income Fund V,Private Credit,42,Yes,Yes,26.0,28
AC007423,2025-09-08,A0339,RM004,Intro Call,Growth Equity Partners III,Private Equity,36,No,No,,47
AC007424,2025-11-26,A0326,RM014,Portfolio Review,Opportunistic Real Estate Fund VI,Real Estate,63,No,No,,81
AC007425,2025-11-03,A0142,RM013,Follow-up Call,Global Infrastructure Partners IV,Infrastructure,63,Yes,Yes,18.0,41
AC007426,2026-04-03,A0233,RM004,Follow-up Call,Core Infrastructure Income Fund III,Infrastructure,26,No,No,,28
AC007427,2026-01-10,A0137,RM008,Webinar,Direct Lending Income Fund V,Private Credit,64,Yes,Yes,18.0,42
AC007428,2025-09-01,A0321,RM014,Intro Call,Value-Add Real Estate Fund IV,Real Estate,21,No,No,,27
AC007429,2026-01-19,A0062,RM016,Follow-up Call,Growth Equity Partners III,Private Equity,81,No,No,,41
AC007430,2025-10-18,A0078,RM016,Webinar,Growth Equity Partners III,Private Equity,57,No,No,,72
AC007431,2026-01-19,A0019,RM006,Intro Call,Direct Lending Income Fund V,Private Credit,37,No,No,,33
AC007432,2026-04-10,A0246,RM002,Intro Call,Opportunistic Credit Fund II,Private Credit,84,Yes,Yes,25.0,34
AC007433,2026-01-16,A0279,RM008,Follow-up Call,Opportunistic Real Estate Fund VI,Real Estate,41,No,No,,38
AC007434,2026-02-16,A0003,RM001,Webinar,Core Infrastructure Income Fund III,Infrastructure,38,No,No,,58
AC007435,2025-08-14,A0203,RM006,Intro Call,Opportunistic Credit Fund II,Private Credit,56,Yes,Yes,18.0,13
AC007436,2025-08-11,A0146,RM016,Intro Call,Direct Lending Income Fund V,Private Credit,58,Yes,No,17.0,21
AC007437,2026-02-01,A0323,RM016,In-person Meeting,Senior Direct Lending Fund VI,Private Credit,84,Yes,Yes,15.0,81
AC007438,2025-07-08,A0019,RM006,Follow-up Call,Value-Add Real Estate Fund IV,Real Estate,67,Yes,Yes,3.0,39
AC007439,2025-11-01,A0023,RM001,Webinar,Direct Lending Income Fund V,Private Credit,64,Yes,Yes,15.0,33
AC007440,2025-05-16,A0249,RM001,Follow-up Call,Private Equity Buyout Fund VII,Private Equity,82,Yes,Yes,28.0,43
AC007441,2026-01-09,A0237,RM008,Due Diligence Meeting,Value-Add Real Estate Fund IV,Real Estate,69,Yes,Yes,8.0,71
AC007442,2026-01-04,A0337,RM002,Product Education,Value-Add Real Estate Fund IV,Real Estate,78,Yes,Yes,29.0,48
AC007443,2026-04-25,A0237,RM008,In-person Meeting,Opportunistic Real Estate Fund VI,Real Estate,72,Yes,Yes,27.0,63
AC007444,2026-01-27,A0382,RM010,Portfolio Review,Real Estate Income Fund II,Real Estate,96,Yes,Yes,5.0,48
AC007445,2025-08-06,A0119,RM007,Intro Call,Value-Add Real Estate Fund IV,Real Estate,65,Yes,Yes,10.0,37
AC007446,2025-07-19,A0156,RM004,Due Diligence Meeting,Global Infrastructure Partners IV,Infrastructure,41,No,No,,91
AC007447,2025-07-17,A0396,RM016,Intro Call,Global Infrastructure Partners IV,Infrastructure,34,No,No,,33
AC007448,2025-05-07,A0037,RM013,Intro Call,Global Infrastructure Partners IV,Infrastructure,61,Yes,Yes,16.0,26
AC007449,2025-05-20,A0323,RM016,Follow-up Call,Global Infrastructure Partners IV,Infrastructure,67,Yes,Yes,11.0,42
AC007450,2025-08-24,A0007,RM004,Product Education,Real Estate Income Fund II,Real Estate,80,Yes,Yes,25.0,34
AC007451,2026-02-11,A0194,RM002,Intro Call,Value-Add Real Estate Fund IV,Real Estate,61,No,No,,33
AC007452,2025-05-24,A0054,RM003,Product Education,Value-Add Real Estate Fund IV,Real Estate,77,Yes,No,19.0,30
AC007453,2025-07-28,A0239,RM003,Follow-up Call,Value-Add Real Estate Fund IV,Real Estate,63,Yes,Yes,29.0,51
AC007454,2026-03-04,A0324,RM008,Product Education,Opportunistic Real Estate Fund VI,Real Estate,75,No,No,,36
AC007455,2026-01-09,A0017,RM002,In-person Meeting,Real Estate Income Fund II,Real Estate,65,Yes,Yes,3.0,78
AC007456,2026-04-08,A0060,RM006,Due Diligence Meeting,Private Equity Buyout Fund VII,Private Equity,75,Yes,No,8.0,57
AC007457,2025-11-20,A0131,RM006,Webinar,Real Estate Income Fund II,Real Estate,41,Yes,No,11.0,57
AC007458,2025-05-08,A0097,RM009,Portfolio Review,Real Estate Income Fund II,Real Estate,73,No,No,,85
AC007459,2025-10-01,A0150,RM006,Follow-up Call,Opportunistic Real Estate Fund VI,Real Estate,77,Yes,Yes,12.0,34
AC007460,2026-01-12,A0382,RM010,Follow-up Call,Growth Equity Partners III,Private Equity,65,Yes,Yes,24.0,26
AC007461,2025-09-16,A0035,RM002,Webinar,Value-Add Real Estate Fund IV,Real Estate,51,Yes,Yes,14.0,41
AC007462,2025-05-01,A0170,RM012,In-person Meeting,Direct Lending Income Fund V,Private Credit,91,Yes,Yes,10.0,58
AC007463,2025-06-06,A0183,RM014,Intro Call,Private Equity Buyout Fund VII,Private Equity,47,No,No,,26
AC007464,2025-05-01,A0106,RM001,In-person Meeting,Direct Lending Income Fund V,Private Credit,78,No,No,,57
AC007465,2025-07-02,A0105,RM004,Follow-up Call,Core Infrastructure Income Fund III,Infrastructure,36,No,No,,28
AC007466,2025-12-23,A0290,RM015,Follow-up Call,Senior Direct Lending Fund VI,Private Credit,45,Yes,Yes,24.0,46
AC007467,2026-02-05,A0249,RM001,Follow-up Call,Real Estate Income Fund II,Real Estate,86,Yes,No,9.0,28
AC007468,2026-02-03,A0329,RM001,Webinar,Senior Direct Lending Fund VI,Private Credit,43,Yes,Yes,19.0,53
AC007469,2025-09-10,A0158,RM007,Due Diligence Meeting,Private Equity Buyout Fund VII,Private Equity,82,No,No,,53
AC007470,2025-07-24,A0244,RM007,Intro Call,Direct Lending Income Fund V,Private Credit,35,Yes,Yes,14.0,35
AC007471,2025-09-26,A0356,RM002,In-person Meeting,Private Equity Buyout Fund VII,Private Equity,90,Yes,Yes,12.0,84
AC007472,2025-07-09,A0342,RM003,Follow-up Call,Growth Equity Partners III,Private Equity,37,Yes,Yes,19.0,53
AC007473,2025-08-23,A0369,RM011,Due Diligence Meeting,Senior Direct Lending Fund VI,Private Credit,80,Yes,Yes,7.0,85
AC007474,2025-07-02,A0102,RM002,Due Diligence Meeting,Opportunistic Credit Fund II,Private Credit,72,Yes,Yes,25.0,76
AC007475,2025-08-20,A0398,RM007,Follow-up Call,Global Infrastructure Partners IV,Infrastructure,81,Yes,No,13.0,36
AC007476,2025-10-14,A0332,RM001,In-person Meeting,Real Estate Income Fund II,Real Estate,68,Yes,Yes,29.0,92
AC007477,2026-04-05,A0323,RM016,In-person Meeting,Direct Lending Income Fund V,Private Credit,78,Yes,Yes,10.0,108
AC007478,2026-01-04,A0272,RM012,Product Education,Opportunistic Real Estate Fund VI,Real Estate,54,No,No,,42
AC007479,2026-04-11,A0397,RM013,Portfolio Review,Growth Equity Partners III,Private Equity,65,Yes,Yes,21.0,82
AC007480,2025-09-09,A0176,RM003,Webinar,Private Equity Buyout Fund VII,Private Equity,53,No,No,,58
AC007481,2026-03-19,A0301,RM012,Follow-up Call,Opportunistic Credit Fund II,Private Credit,65,Yes,No,26.0,27
AC007482,2026-01-16,A0283,RM010,Intro Call,Value-Add Real Estate Fund IV,Real Estate,56,Yes,Yes,24.0,41
AC007483,2026-04-09,A0297,RM006,Webinar,Opportunistic Real Estate Fund VI,Real Estate,64,Yes,Yes,13.0,52
AC007484,2026-01-01,A0305,RM007,Intro Call,Private Equity Buyout Fund VII,Private Equity,57,Yes,Yes,20.0,37
AC007485,2025-12-16,A0071,RM003,Webinar,Private Equity Buyout Fund VII,Private Equity,46,Yes,Yes,14.0,40
AC007486,2025-07-20,A0136,RM010,In-person Meeting,Senior Direct Lending Fund VI,Private Credit,77,No,No,,69
AC007487,2025-12-31,A0152,RM015,Follow-up Call,Real Estate Income Fund II,Real Estate,66,Yes,Yes,7.0,30
AC007488,2025-06-02,A0305,RM007,Product Education,Private Equity Buyout Fund VII,Private Equity,52,Yes,No,23.0,33
AC007489,2025-09-15,A0291,RM003,Webinar,Opportunistic Credit Fund II,Private Credit,51,Yes,Yes,10.0,37
AC007490,2025-10-27,A0337,RM002,In-person Meeting,Growth Equity Partners III,Private Equity,87,No,No,,91
AC007491,2025-12-29,A0323,RM016,Intro Call,Core Infrastructure Income Fund III,Infrastructure,61,No,No,,43
AC007492,2025-05-10,A0239,RM003,In-person Meeting,Core Infrastructure Income Fund III,Infrastructure,71,No,No,,56
AC007493,2025-08-10,A0049,RM011,Due Diligence Meeting,Opportunistic Credit Fund II,Private Credit,79,Yes,Yes,11.0,90
AC007494,2025-10-30,A0257,RM004,Portfolio Review,Opportunistic Real Estate Fund VI,Real Estate,63,No,No,,55
AC007495,2025-12-13,A0352,RM002,Due Diligence Meeting,Value-Add Real Estate Fund IV,Real Estate,100,No,No,,68
AC007496,2025-10-04,A0259,RM007,Due Diligence Meeting,Growth Equity Partners III,Private Equity,86,Yes,Yes,3.0,98
AC007497,2025-06-01,A0357,RM010,Due Diligence Meeting,Senior Direct Lending Fund VI,Private Credit,76,Yes,No,2.0,66
AC007498,2025-11-19,A0400,RM006,Product Education,Global Infrastructure Partners IV,Infrastructure,100,Yes,Yes,21.0,23
AC007499,2026-01-02,A0141,RM003,Intro Call,Opportunistic Real Estate Fund VI,Real Estate,62,Yes,Yes,14.0,50
AC007500,2026-04-26,A0294,RM012,Follow-up Call,Core Infrastructure Income Fund III,Infrastructure,66,No,No,,42
